-- MySQL dump 10.13  Distrib 5.7.17, for Win64 (x86_64)
--
-- Host: onecc.ansi.com.my    Database: onecc
-- ------------------------------------------------------
-- Server version	5.7.21

/*!40101 SET @OLD_CHARACTER_SET_CLIENT=@@CHARACTER_SET_CLIENT */;
/*!40101 SET @OLD_CHARACTER_SET_RESULTS=@@CHARACTER_SET_RESULTS */;
/*!40101 SET @OLD_COLLATION_CONNECTION=@@COLLATION_CONNECTION */;
/*!40101 SET NAMES utf8 */;
/*!40103 SET @OLD_TIME_ZONE=@@TIME_ZONE */;
/*!40103 SET TIME_ZONE='+00:00' */;
/*!40014 SET @OLD_UNIQUE_CHECKS=@@UNIQUE_CHECKS, UNIQUE_CHECKS=0 */;
/*!40014 SET @OLD_FOREIGN_KEY_CHECKS=@@FOREIGN_KEY_CHECKS, FOREIGN_KEY_CHECKS=0 */;
/*!40101 SET @OLD_SQL_MODE=@@SQL_MODE, SQL_MODE='NO_AUTO_VALUE_ON_ZERO' */;
/*!40111 SET @OLD_SQL_NOTES=@@SQL_NOTES, SQL_NOTES=0 */;

--
-- Table structure for table `callcard`
--

DROP TABLE IF EXISTS `callcard`;
/*!40101 SET @saved_cs_client     = @@character_set_client */;
/*!40101 SET character_set_client = utf8 */;
CREATE TABLE `callcard` (
  `callcard_id` int(4) unsigned zerofill NOT NULL AUTO_INCREMENT,
  `callcard_caller_name` varchar(50) DEFAULT NULL,
  `callcard_caller_phone` varchar(50) DEFAULT NULL,
  `callcard_patienttype_code` varchar(50) DEFAULT NULL,
  `callcard_notes` varchar(500) DEFAULT NULL,
  `callcard_patient_name` varchar(100) DEFAULT NULL,
  `callcard_eventcode_code` varchar(50) DEFAULT NULL,
  `callcard_eventtype_code` varchar(50) DEFAULT NULL,
  `callcard_locationtype_code` varchar(50) DEFAULT NULL,
  `callcard_incident_address` varchar(500) DEFAULT NULL,
  `callcard_incident_coordinate` varchar(50) DEFAULT NULL,
  `callcard_nearest_venue` varchar(50) DEFAULT NULL,
  `callcard_filingtype_code` varchar(50) DEFAULT NULL,
  `callcard_time_create` datetime DEFAULT NULL,
  `callcard_time_submit` datetime DEFAULT NULL,
  PRIMARY KEY (`callcard_id`),
  KEY `FK1_callcard_callertype_code` (`callcard_patienttype_code`)
) ENGINE=InnoDB AUTO_INCREMENT=401 DEFAULT CHARSET=utf8;
/*!40101 SET character_set_client = @saved_cs_client */;

--
-- Dumping data for table `callcard`
--

LOCK TABLES `callcard` WRITE;
/*!40000 ALTER TABLE `callcard` DISABLE KEYS */;
INSERT INTO `callcard` VALUES (0352,'HAFIZ','0132999406','spectators','','HAFIZ','17A00','priority1','Venue','Kinrara Oval Ground, Malaysian Cricket Association, Bandar Kinrara 5, 47180 Puchong, Selangor','3.048143,101.642842','11','referral_emergency','2017-08-09 08:39:15','2017-08-09 08:39:48'),(0353,'HAFI','0123456789','spectators','','HAFIZ','01A00','priority1','Hotel','The Regency Hotel, No 3 Jalan Raja Alang, Chow Kit, 50300 Kuala Lumpur, Federal Territory of Kuala Lumpur','3.163629,101.699061','28','gmc_kkkl','2017-08-09 09:06:14','2017-08-09 09:06:38'),(0354,'DR KAMAL ','1800222017','athletes','','ATLIT DEATH BODY ','09B01a','priority4','Venue','Klinik Kesihatan Kuala Lumpur, Jalan Temerloh, Titiwangsa, 53200 Kuala Lumpur, Wilayah Persekutuan Kuala Lumpur, Malaysia','3.173208,101.708819','19','gmc_kkkl','2017-08-09 11:50:15','2017-08-09 11:50:55'),(0355,'DR KAMAL ','1800222017','athletes','','DEATH BODY ','09B01','priority1','Hotel','The Regency Hotel, No 3 Jalan Raja Alang, Chow Kit, 50300 Kuala Lumpur, Federal Territory of Kuala Lumpur','3.163629,101.699061','28','emergency','2017-08-09 12:01:02','2017-08-09 12:01:10'),(0356,'IBRAHIM','012345678','athletes','','ALI','09E00','priority1','Hotel','Sunway Resort Hotel & Spa, Persiaran Lagoon, Bandar Sunway, 47500 Petaling Jaya, Selangor','3.070800,101.609300','41','gmc_kkkl','2017-08-09 12:22:33','2017-08-09 12:22:32'),(0357,'ROZITA','+601220052890','spectators','','AMIN','30B01','priority2','Venue','Axiata Arena Stadium, Bukit Jalil, 57000 Kuala Lumpur, Wilayah Persekutuan Kuala Lumpur','3.053668,101.693489','2','gmc_kkkl','2017-08-09 12:49:43','2017-08-09 12:48:59'),(0358,'AWIE','0134567456','athletes','','ACHONG','31A01','priority1','Venue','Berjaya Times Square, Berjaya Times Square, 1, Jalan Imbi, Imbi, 55100 Kuala Lumpur, Federal Territory of Kuala Lumpur, Malaysia','3.142215,101.710540','48','gmc_kkkl','2017-08-09 13:08:19','2017-08-09 13:08:42'),(0359,'ROZITA','0122005289','athletes','','PEMAIN HOKI','17B02','priority3','Venue','Axiata Arena Stadium, Bukit Jalil, 57000 Kuala Lumpur, Wilayah Persekutuan Kuala Lumpur','3.053668,101.693489','2','gmc_kkkl','2017-08-09 15:21:41','2017-08-09 15:21:09'),(0360,'AHMAD','0122654567','athletes','','AHMAD SYAHMI','31A01','priority1','Hotel','The Royale Chulan Kuala Lumpur, 5, Jalan Conlay, Kuala Lumpur, 50450 Kuala Lumpur','3.149600,101.717100','66','emergency','2017-08-09 15:45:00','2017-08-09 15:44:01'),(0361,'AIDA','0173553766','athletes','','RAMLI','37A02','priority1','Venue','Institut Sukan Negara, Jalan Barat, Bukit Jalil, 57000 Kuala Lumpur, Wilayah Persekutuan Kuala Lumpur, Malaysia','3.052410,101.692028','68','gmc_kkkl','2017-08-09 16:08:56','2017-08-09 16:08:44'),(0362,'IDULL','0125312425','athletes','','ORG','09B01x','priority1','Venue','Arena Pentaque, Jalan 4/91, Taman Shamelin Perkasa, 56100 Kuala Lumpur','3.176038,101.749110','21','gmc_kkkl','2017-08-09 16:22:18','2017-08-09 16:22:48'),(0363,'CIK IDA','0122005289','staff','','CIK KU SYATIRAH','01C00','priority3','Hotel','The Regency Hotel, No 3 Jalan Raja Alang, Chow Kit, 50300 Kuala Lumpur, Federal Territory of Kuala Lumpur','3.163629,101.699061','28','gmc_kkkl','2017-08-10 10:01:43','2017-08-10 10:01:18'),(0364,'PUAN ROZITA','0122005289','athletes','','AHMAD ALBAB','05C00','priority3','Venue','The Mines Resort & Golf Club, Mines Wellness City, 43300 Seri Kembangan, Selangor, Malaysia','3.031978,101.717115','12','gmc_isn','2017-08-10 10:20:17','2017-08-10 10:20:20'),(0365,'SARAH','0122005289','athletes','','ALI','17A00','priority1','Venue','3Q Equestrian Centre, Jalan Sungai Serai, Kuang, 48050 Rawang, Selangor','3.272412,101.542533','8','gmc_kkkl','2017-08-10 10:44:36','2017-08-10 10:44:14'),(0366,'DR KAMAL ','0157554441','athletes','','AZIZUL','37B01','priority1','Venue','Klinik Kesihatan Kuala Lumpur, Jalan Temerloh, Titiwangsa, KL','3.173550,101.708808','29','emergency','2017-08-10 11:05:38','2017-08-10 11:05:40'),(0367,'LOKMAN','0122005289','spectators','','ORG RAMAI','10C03','priority1','Venue','Sunway Pyramid, Sunway Pyramid Shopping Mall, No.3, Jalan PJS 11/15, Bandar Sunway, 47500 Subang Jaya, Selangor','3.072768,101.607096','25','emergency','2017-08-10 11:13:49','2017-08-10 11:13:04'),(0368,'KUDIN','0122005289','spectators','','ORANG AWAM ','21A01','priority3','Venue','Putrajaya kolam renang presint 6, Presint 6, 62150, Putrajaya, Presint 6, 62000 Putrajaya, Wilayah Persekutuan Putrajaya, Malaysia','2.901746,101.667502','5','emergency','2017-08-10 12:09:16','2017-08-10 12:09:01'),(0369,'TEST','321321213','spectators','','HAFIZ','26O10','priority1','Venue','National Aquatic Centre, Bukit Jalil, 57000 Kuala Lumpur, Wilayah Persekutuan Kuala Lumpur','3.055500,101.693353','1','emergency','2017-08-10 12:09:49','2017-08-10 12:09:21'),(0370,'HAFIZ','1231321','spectators','','HAFIZ','12A01','priority1','Venue','Axiata Arena Stadium, Bukit Jalil, 57000 Kuala Lumpur, Wilayah Persekutuan Kuala Lumpur','3.053668,101.693489','2','referral_non','2017-08-10 12:11:46','2017-08-10 12:11:21'),(0371,'ABU','325165','spectators','','ABU','12A01','priority1','Venue','Axiata Arena Stadium, Bukit Jalil, 57000 Kuala Lumpur, Wilayah Persekutuan Kuala Lumpur','3.053668,101.693489','2','gmc_kkkl','2017-08-10 12:12:55','2017-08-10 12:12:17'),(0372,'KUDIN2','0188884444','staff','','ABU','18B00','priority1','Hotel','The Regency Hotel, No 3 Jalan Raja Alang, Chow Kit, 50300 Kuala Lumpur, Federal Territory of Kuala Lumpur','3.163629,101.699061','28','discharge','2017-08-10 12:34:47','2017-08-10 12:34:49'),(0373,'JEMAH','0139880421','athletes','','SENAH','06C01','priority1','Venue','The Mines Resort & Golf Club, Mines Wellness City, 43300 Seri Kembangan, Selangor, Malaysia','3.031978,101.717115','12','discharge','2017-08-10 12:55:32','2017-08-10 12:55:51'),(0374,'NURUL','0173343040','staff','','SHAH','01C00','priority3','Venue','Putrajaya kolam renang presint 6, Presint 6, 62150, Putrajaya, Malaysia','2.901746,101.667502','5','gmc_kkkl','2017-08-10 13:19:46','2017-08-10 13:19:31'),(0375,'EFFA','0122005289','spectators','','UNKNOWN','31A01','priority1','Venue','Putrajaya kolam renang presint 6, Presint 6, 62150, Putrajaya, Malaysia','2.901746,101.667502','5','emergency','2017-08-10 14:57:09','2017-08-10 14:57:12'),(0376,'PN ROZITA ','0122005289','athletes','','UN KNOWN ','18A01','priority1','Venue','The Mines Resort & Golf Club, Mines Wellness City, 43300 Seri Kembangan, Selangor, Malaysia','3.031978,101.717115','12','gmc_isn','2017-08-10 15:20:37','2017-08-10 15:20:37'),(0377,'IDULL ','0125312425','athletes','','AHMAD ','21A01','priority1','Venue','3Q Equestrian Centre, Jalan Sungai Serai, Kuang, 48050 Rawang, Selangor, Malaysia','3.272378,101.542595','8','gmc_isn','2017-08-10 15:38:10','2017-08-10 15:38:46'),(0378,'AISHAH','01110143132','spectators','','ADI','17D05','priority3','Venue','Axiata Arena Stadium, Bukit Jalil, 57000 Kuala Lumpur, Wilayah Persekutuan Kuala Lumpur','3.053668,101.693489','2','discharge','2017-08-10 15:53:45','2017-08-10 15:54:01'),(0379,'AZUL','01110143132','spectators','','UNKNOWN','12A02','priority2','Venue','Sunway Pyramid, Sunway Pyramid Shopping Mall, No.3, Jalan PJS 11/15, Bandar Sunway, 47500 Subang Jaya, Selangor','3.072768,101.607096','25','','2017-08-10 16:15:27','2017-08-10 16:15:30'),(0380,'PN ROZITA ','0145123822','spectators','','UNKNOWN','06C01','priority1','Venue','The Mines Resort & Golf Club, Mines Wellness City, 43300 Seri Kembangan, Selangor, Malaysia','3.031978,101.717115','12','discharge','2017-08-10 16:24:29','2017-08-10 16:24:06'),(0381,'DR UMUL','0122005289','athletes','','JOSH ','10D04','priority1','Venue','Institut Sukan Negara, Jalan Barat, Bukit Jalil, 57000 Kuala Lumpur, Wilayah Persekutuan Kuala Lumpur, Malaysia','3.052410,101.692028','68','discharge','2017-08-10 16:42:50','2017-08-10 16:42:37'),(0382,'POK SOH','0145123822','athletes','','SAFAWI','17D03','priority1','Venue','Bukit Jalil, Bukit Jalil, 57000 Kuala Lumpur, Federal Territory of Kuala Lumpur, Malaysia','3.058674,101.691707','72','','2017-08-11 09:13:21','2017-08-11 09:13:06'),(0383,'AHMAD ','0145123822','athletes','','ROSA','30A01','priority1','Venue','Sunway Pyramid, Sunway Pyramid Shopping Mall, No.3, Jalan PJS 11/15, Bandar Sunway, 47500 Subang Jaya, Selangor','3.072768,101.607096','25','gmc_isn','2017-08-11 09:23:55','2017-08-11 09:23:50'),(0384,'SYAKIRAH','0124617654','spectators','','DATUK K','10D04','priority1','Venue','The Mines Resort & Golf Club, Mines Wellness City, 43300 Seri Kembangan, Selangor, Malaysia','3.031978,101.717115','12','emergency','2017-08-11 10:07:30','2017-08-11 10:07:22'),(0385,'NOR','0139114184','staff','','HALIM','01A00','priority1','Hotel','The Royale Chulan Kuala Lumpur, 5, Jalan Conlay, Kuala Lumpur, 50450 Kuala Lumpur','3.149600,101.717100','66','emergency','2017-08-11 10:21:57','2017-08-11 10:21:17'),(0386,'ROZITA','0145354577','spectators','','ALIF','17D03','priority3','Venue','Putrajaya kolam renang presint 6, Presint 6, 62150, Putrajaya, Malaysia','2.901746,101.667502','5','discharge','2017-08-11 10:33:16','2017-08-11 10:33:05'),(0387,'ANIS','0125040477','spectators','','ROSMA','31D03','priority2','Venue','Axiata Arena, Lebuhraya Bukit Jalil, Bukit Jalil, 57000 Kuala Lumpur, Wilayah Persekutuan Kuala Lumpur, Malaysia','3.053900,101.693452','2','discharge','2017-08-11 10:43:48','2017-08-11 10:43:05'),(0388,'ROY','0133156420','athletes','','AMRI','12A01','priority1','Hotel','The Royale Chulan Kuala Lumpur, 5, Jalan Conlay, Kuala Lumpur, 50450 Kuala Lumpur','3.149600,101.717100','66','emergency','2017-08-11 10:54:35','2017-08-11 10:54:32'),(0389,'AIMI','0195133563','spectators','','SYU','01C00','priority1','Venue','Klinik Kesihatan Kuala Lumpur, Jalan Temerloh, Titiwangsa, KL','3.173550,101.708808','29','gmc_isn','2017-08-11 12:38:11','2017-08-11 12:38:27'),(0390,'ABU','01234567','staff','','WADI','10D04','priority1','Venue','Klinik Kesihatan Kuala Lumpur, Jalan Temerloh, Titiwangsa, 53200 Kuala Lumpur, Wilayah Persekutuan Kuala Lumpur, Malaysia','3.173208,101.708819','29','gmc_kkkl','2017-08-11 13:18:29','2017-08-11 13:18:02'),(0391,'FAIS','0123456789','athletes','','RONY','01C01','priority1','Venue','Shah Alam Stadium, Majlis Bandaraya Shah Alam, Level 1, Kuadron AB, Seksyen 13, 40100 Shah Alam, Selangor','3.082485,101.545113','15','gmc_kkkl','2017-08-11 15:00:54','2017-08-11 15:00:33'),(0392,'RONY','0123456789','athletes','','FAIS','07C00','priority4','Venue','Klinik Kesihatan Kuala Lumpur, Jalan Temerloh, Titiwangsa, KL','3.173550,101.708808','29','discharge','2017-08-11 15:13:59','2017-08-11 15:14:00'),(0393,'SYU','0123456789','athletes','','RONY','07C04','priority3','Venue','Shah Alam Stadium, Majlis Bandaraya Shah Alam, Level 1, Kuadron AB, Seksyen 13, 40100 Shah Alam, Selangor','3.082485,101.545113','15','gmc_isn','2017-08-11 15:22:45','2017-08-11 15:22:33'),(0394,'ABU','01923456','spectators','','AHMAD','17A00','priority1','Venue','Klinik Kesihatan Kuala Lumpur, Jalan Temerloh, Titiwangsa, KL','3.173550,101.708808','29','','2017-08-11 16:38:58','2017-08-11 16:38:44'),(0395,'AHMAD','0123456789','spectators','','ABU','19B0','priority1','Venue','Shah Alam Stadium, Majlis Bandaraya Shah Alam, Level 1, Kuadron AB, Seksyen 13, 40100 Shah Alam, Selangor','3.082485,101.545113','15','emergency','2017-08-11 16:40:53','2017-08-11 16:40:20'),(0396,'RONY','0123456789','spectators','','AFFINDY','17A00','priority1','Venue','Shah Alam Stadium, Majlis Bandaraya Shah Alam, Level 1, Kuadron AB, Seksyen 13, 40100 Shah Alam, Selangor','3.082485,101.545113','15','','2017-08-11 18:11:57','2017-08-11 18:12:22'),(0397,'AHMAD','012345678','spectators','','AHMAD','31C01','priority1','Venue','Stadium Bukit Jalil, Bukit Jalil, 57000 Kuala Lumpur, Wilayah Persekutuan Kuala Lumpur','3.054901,101.691350','71','','2017-12-14 02:35:39','2017-12-14 02:35:31'),(0398,'AHMAD','01233456789','spectators','','AHMAD','31C01','priority1','Venue','Kuala Lumpur Convention Centre, Jalan Pinang, Bukit Nenas','3.153880,101.713294','3','','2017-12-14 02:38:38','2017-12-14 02:38:04'),(0399,'ABU','0123456789','spectators','','ABU','31C01','priority1','Venue','Kuala Lumpur Convention Centre, Jalan Pinang, Bukit Nenas','3.153880,101.713294','3','','2017-12-14 02:41:59','2017-12-14 02:41:48'),(0400,'ABU','01923456789','spectators','','BAKAR','31C01','priority1','Venue','Kuala Lumpur Convention Centre, Jalan Pinang, Bukit Nenas','3.153880,101.713294','3','','2017-12-14 03:12:33','2017-12-14 03:12:05');
/*!40000 ALTER TABLE `callcard` ENABLE KEYS */;
UNLOCK TABLES;

--
-- Table structure for table `eventcode`
--

DROP TABLE IF EXISTS `eventcode`;
/*!40101 SET @saved_cs_client     = @@character_set_client */;
/*!40101 SET character_set_client = utf8 */;
CREATE TABLE `eventcode` (
  `eventcode_code` varchar(50) DEFAULT NULL,
  `eventcode_desc` varchar(200) DEFAULT NULL,
  `eventcode_order` int(11) DEFAULT NULL
) ENGINE=InnoDB DEFAULT CHARSET=utf8;
/*!40101 SET character_set_client = @saved_cs_client */;

--
-- Dumping data for table `eventcode`
--

LOCK TABLES `eventcode` WRITE;
/*!40000 ALTER TABLE `eventcode` DISABLE KEYS */;
INSERT INTO `eventcode` VALUES ('01A00','Abdominal Pain/Problems - Override A',1),('01A01','Abdominal Pain/Problems - Abdominal pain',2),('01C00','Abdominal Pain/Problems - Override',3),('01C01','Abdominal Pain/Problems - SUSPECTED aortic aneurysm (tearing/ripping pain) = 50',4),('01C02','Abdominal Pain/Problems - Known aortic aneurysm',5),('01C03','Abdominal Pain/Problems - Fainting or near fainting => 50',6),('01C04','Abdominal Pain/Problems - Females with fainting or near fainting 12-50',7),('01C05','Abdominal Pain/Problems - Males with pain above navel => 35',8),('01C06','Abdominal Pain/Problems - Females with pain above navel => 45',9),('01D00','Abdominal Pain/Problems - Override D',10),('01D01','Abdominal Pain/Problems - Not alert',11),('01O01','Abdominal Pain/Problems - Males <15',12),('01O02','Abdominal Pain/Problems - Females <12',13),('02A00','Allergies/Envenomations - Override A',14),('02A00I','Allergies/Envenomations - Override A Suffix I',15),('02A00M','Allergies/Envenomations - Override A Suffix M',16),('02A01','Allergies/Envenomations - No difficulty breathing or swallowing (rash, hives, or itching may be present)',17),('02A01I','Allergies/Envenomations - No difficulty breathing or swallowing (rash, hives, or itching may be present) Suffix I',18),('02A01M','Allergies/Envenomations - No difficulty breathing or swallowing (rash, hives, or itching may be present) Suffix M',19),('02A02','Allergies/Envenomations - Spider bite',20),('02A02I','Allergies/Envenomations - Spider bite Suffix I',21),('02A02M','Allergies/Envenomations - Spider bite Suffix M',22),('02B00','Allergies/Envenomations - Override B',23),('02B00I','Allergies/Envenomations - Override B Suffix I',24),('02B00M','Allergies/Envenomations - Override B Suffix M',25),('02B01','Allergies/Envenomations - Unknown status/Other codes not applicable',26),('02B01I','Allergies/Envenomations - Unknown status/Other codes not applicable Suffix I',27),('02B01M','Allergies/Envenomations - Unknown status/Other codes not applicable Suffix M',28),('02C00','Allergies/Envenomations - Override C',29),('02C00I','Allergies/Envenomations - Override C Suffix I',30),('02C00M','Allergies/Envenomations - Override C Suffix M',31),('02C01','Allergies/Envenomations - Difficulty breathing or swallowing',32),('02C01I','Allergies/Envenomations - Difficulty breathing or swallowing Suffix I',33),('02C01M','Allergies/Envenomations - Difficulty breathing or swallowing Suffix M',34),('02C02','Allergies/Envenomations - History of severe allergic reaction',35),('02C02I','Allergies/Envenomations - History of severe allergic reaction Suffix I',36),('02C02M','Allergies/Envenomations - History of severe allergic reaction Suffix M',37),('02D00','Allergies/Envenomations - Override D',38),('02D00I','Allergies/Envenomations - Override D Suffix I',39),('02D00M','Allergies/Envenomations - Override D Suffix M',40),('02D01','Allergies/Envenomations - Not alert',41),('02D01I','Allergies/Envenomations - Not alert Suffix I',42),('02D01M','Allergies/Envenomations - Not alert Suffix M',43),('02D02','Allergies/Envenomations - DIFFICULTY SPEAKING BETWEEN BREATHS',44),('02D02I','Allergies/Envenomations - DIFFICULTY SPEAKING BETWEEN BREATHS Suffix I',45),('02D02M','Allergies/Envenomations - DIFFICULTY SPEAKING BETWEEN BREATHS Suffix M',46),('02D03','Allergies/Envenomations - Swarming ATTACK (bee, wasp, hornet)',47),('02D03I','Allergies/Envenomations - Swarming ATTACK (bee, wasp, hornet) Suffix I',48),('02D03M','Allergies/Envenomations - Swarming ATTACK (bee, wasp, hornet) Suffix M',49),('02D04','Allergies/Envenomations - Snakebite',50),('02D04I','Allergies/Envenomations - Snakebite Suffix I',51),('02D04M','Allergies/Envenomations - Snakebite Suffix M',52),('02E00','Allergies/Envenomations - Override E',53),('02E00I','Allergies/Envenomations - Override E Suffix I',54),('02E00M','Allergies/Envenomations - Override E Suffix M',55),('02E01','Allergies/Envenomations - INEFFECTIVE BREATHING',56),('02E01I','Allergies/Envenomations - INEFFECTIVE BREATHING Suffix I',57),('02E01M','Allergies/Envenomations - INEFFECTIVE BREATHING Suffix M',58),('03A00','Animal Bites/Attacks - Override A',59),('03A01','Animal Bites/Attacks - NOT DANGEROUS PROXIMAL body area',60),('03A02','Animal Bites/Attacks - NONRECENT (= 6hrs) injuries (without priority symptoms)',61),('03A03','Animal Bites/Attacks - SUPERFICIAL bites',62),('03B00','Animal Bites/Attacks - Override B',63),('03B01','Animal Bites/Attacks - POSSIBLY DANGEROUS body area',64),('03B02','Animal Bites/Attacks - SERIOUS hemorrhage',65),('03B03','Animal Bites/Attacks - Unknown status/Other codes not applicable',66),('03D00','Animal Bites/Attacks - Override D',67),('03D01','Animal Bites/Attacks - Unconscious or Arrest',68),('03D02','Animal Bites/Attacks - Not alert',69),('03D03','Animal Bites/Attacks - Chest or Neck injury (with difficulty breathing)',70),('03D04','Animal Bites/Attacks - DANGEROUS body area',71),('03D05','Animal Bites/Attacks - Large animal',72),('03D06','Animal Bites/Attacks - EXOTIC animal',73),('03D07','Animal Bites/Attacks - ATTACK or multiple animals',74),('03O01','Animal Bites/Attacks - NOT DANGEROUS DISTAL body area',75),('03O02','Animal Bites/Attacks - NON-RECENT (= 6hrs) injuries (without priority symptoms)',76),('04A01','Assault / Sexual Assault - NOT DANGEROUS body area',77),('04A01A','Assault / Sexual Assault - NOT DANGEROUS body area Suffix A',78),('04A01S','Assault / Sexual Assault - NOT DANGEROUS body area Suffix S',79),('04A02','Assault / Sexual Assault - NONRECENT (= 6hrs) injuries (without priority symptoms)',80),('04A02A','Assault / Sexual Assault - NONRECENT (= 6hrs) injuries (without priority symptoms) Suffix A',81),('04A02S','Assault / Sexual Assault - NONRECENT (= 6hrs) injuries (without priority symptoms) Suffix S',82),('04B00','Assault / Sexual Assault - Override B',83),('04B00A','Assault / Sexual Assault - Override B Suffix A',84),('04B00S','Assault / Sexual Assault - Override B Suffix S',85),('04B01','Assault / Sexual Assault - POSSIBLY DANGEROUS body area',86),('04B01A','Assault / Sexual Assault - POSSIBLY DANGEROUS body area Suffix A',87),('04B01S','Assault / Sexual Assault - POSSIBLY DANGEROUS body area Suffix S',88),('04B02','Assault / Sexual Assault - SERIOUS hemorrhage',89),('04B02A','Assault / Sexual Assault - SERIOUS hemorrhage Suffix A',90),('04B02S','Assault / Sexual Assault - SERIOUS hemorrhage Suffix S',91),('04B03','Assault / Sexual Assault - Unknown status/Other codes not applicable',92),('04B03A','Assault / Sexual Assault - Unknown status/Other codes not applicable Suffix A',93),('04B03S','Assault / Sexual Assault - Unknown status/Other codes not applicable Suffix S',94),('04D00','Assault / Sexual Assault - Override D',95),('04D00A','Assault / Sexual Assault - Override D Suffix A',96),('04D00S','Assault / Sexual Assault - Override D Suffix S',97),('04D01','Assault / Sexual Assault - Unconscious or Arrest',98),('04D01A','Assault / Sexual Assault - Unconscious or Arrest Suffix A',99),('04D01S','Assault / Sexual Assault - Unconscious or Arrest Suffix S',100),('04D02','Assault / Sexual Assault - Not alert',101),('04D02A','Assault / Sexual Assault - Not alert Suffix A',102),('04D02S','Assault / Sexual Assault - Not alert Suffix S',103),('04D03','Assault / Sexual Assault - Chest or Neck injury (with difficulty breathing)',104),('04D03A','Assault / Sexual Assault - Chest or Neck injury (with difficulty breathing) Suffix A',105),('04D03S','Assault / Sexual Assault - Chest or Neck injury (with difficulty breathing) Suffix S',106),('04D04','Assault / Sexual Assault - Multiple victims',107),('04D04A','Assault / Sexual Assault - Multiple victims Suffix A',108),('04D04S','Assault / Sexual Assault - Multiple victims Suffix S',109),('05A01','Back Pain - NON-TRAUMATIC back pain',110),('05A02','Back Pain - NON-RECENT (= 6hrs) traumatic back pain (without priority symptoms)',111),('05B0','Jatuh - Kesukaran Bernafas/Tidak Bernafas',112),('05C00','Back Pain - Override C',113),('05C01','Back Pain - SUSPECTED aortic aneurysm (tearing/ripping pain) = 50',114),('05C02','Back Pain - Known aortic aneurysm',115),('05C03','Back Pain - Fainting or near fainting => 50',116),('05D00','Back Pain - Override D',117),('05D01','Back Pain - Not alert',118),('06C01','Breathing Problems - Abnormal breathing',119),('06C01A','Breathing Problems - Abnormal breathing Suffix A',120),('06D00','Breathing Problems - Override D',121),('06D00A','Breathing Problems - Override D Suffix A',122),('06D01','Breathing Problems - Not alert',123),('06D01A','Breathing Problems - Not alert Suffix A',124),('06D02','Breathing Problems - DIFFICULTY SPEAKING BETWEEN BREATHS',125),('06D02A','Breathing Problems - DIFFICULTY SPEAKING BETWEEN BREATHS Suffix A',126),('06D03','Breathing Problems - CHANGING COLOR',127),('06D03A','Breathing Problems - CHANGING COLOR Suffix A',128),('06D04','Breathing Problems - Clammy',129),('06D04A','Breathing Problems - Clammy Suffix A',130),('06E00','Breathing Problems - Override E',131),('06E00A','Breathing Problems - Override Suffix A',132),('06E01','Breathing Problems - INEFFECTIVE BREATHING',133),('06E01A','Breathing Problems - INEFFECTIVE BREATHING Suffix A',134),('07A01','Burns / ExplosionBurns - < 18% body area',135),('07A01E','Burns / ExplosionBurns - < 18% body area Suffix E',136),('07A01F','Burns / ExplosionBurns - < 18% body area Suffix F',137),('07A01W','Burns / ExplosionBurns - <18% body area Suffix W',138),('07A02','Burns / ExplosionBurns - Fire alarm (unknown situation)',139),('07A02E','Burns / ExplosionBurns - Fire alarm (unknown situation) Suffix E',140),('07A02F','Burns / ExplosionBurns - Fire alarm (unknown situation) Suffix F',141),('07A02W','Burns / ExplosionBurns - Fire Alarm (unknown situation) Suffix W',142),('07A03','Burns / ExplosionBurns - Sunburn or MINOR burns (<= hand size)',143),('07A03E','Burns / ExplosionBurns - Sunburn or MINOR burns (<= hand size) Suffix E',144),('07A03F','Burns / ExplosionBurns - Sunburn or MINOR burns (<= hand size) Suffix F',145),('07A03W','Burns / ExplosionBurns - Sunburn or MINOR burns (< = hand size) Suffix W',146),('07B00','Burns / ExplosionBurns - Override B',147),('07B00E','Burns / ExplosionBurns - Override B Suffix E',148),('07B00F','Burns / ExplosionBurns - Override B Suffix F',149),('07B00W','Burns / ExplosionBurns - Override B Suffix W',150),('07B01','Burns / ExplosionBurns - Blast injuries (without priority symptoms)',151),('07B01E','Burns / ExplosionBurns - Blast injuries (without priority symptoms) Suffix E',152),('07B01F','Burns / ExplosionBurns - Blast injuries (without priority symptoms) Suffix F',153),('07B01W','Burns / ExplosionBurns - Blast injuries (without priority simptoms) Suffix W',154),('07B02','Burns / ExplosionBurns - Unknown status/Other codes not applicable',155),('07B02E','Burns / ExplosionBurns - Unknown status/Other codes not applicable Suffix E',156),('07B02F','Burns / ExplosionBurns - Unknown status/Other codes not applicable Suffix F',157),('07B02W','Burns / ExplosionBurns - Unknown Status/Other codes not applicable Suffix W',158),('07C00','Burns / ExplosionBurns - Override C',159),('07C00E','Burns / ExplosionBurns - Override C Suffix E',160),('07C00F','Burns / ExplosionBurns - Override C Suffix F',161),('07C00W','Burns / ExplosionBurns - Override C Suffix W',162),('07C01','Burns / ExplosionBurns - Building fire with persons reported inside',163),('07C01E','Burns / ExplosionBurns - Building fire with persons reported inside Suffix E',164),('07C01F','Burns / ExplosionBurns - Building fire with persons reported inside Suffix F',165),('07C01W','Burns / ExplosionBurns - Building fire with persons reported inside Suffix W',166),('07C02','Burns / ExplosionBurns - Difficulty breathing',167),('07C02E','Burns / ExplosionBurns - Difficulty breathing Suffix E',168),('07C02F','Burns / ExplosionBurns - Difficulty breathing Suffix F',169),('07C02W','Burns / ExplosionBurns - Difficulty Breathing Suffix W',170),('07C03','Burns / ExplosionBurns - Burns => 18% body area',171),('07C03E','Burns / ExplosionBurns - Burns => 18% body area Suffix E',172),('07C03F','Burns / ExplosionBurns - Burns => 18% body area Suffix F',173),('07C03W','Burns / ExplosionBurns - Burns => body area Suffix W',174),('07C04','Burns / ExplosionBurns - SIGNIFICANT FACIAL burns',175),('07C04E','Burns / ExplosionBurns - SIGNIFICANT FACIAL burns Suffix E',176),('07C04F','Burns / ExplosionBurns - SIGNIFICANT FACIAL burns Suffix F',177),('07C04W','Burns / ExplosionBurns - SIGNIFICANT FACIAL burns Suffix W',178),('07D00','Burns / ExplosionBurns - Override D',179),('07D00E','Burns / ExplosionBurns - Override D Suffix E',180),('07D00F','Burns / ExplosionBurns - Override D Suffix F',181),('07D00W','Burns / ExplosionBurns - Override D Suffix W',182),('07D01','Burns / ExplosionBurns - Multiple Victims',183),('07D01E','Burns / ExplosionBurns - Multiple Victims Suffix E',184),('07D01F','Burns / ExplosionBurns - Multiple Victims Suffix F',185),('07D01W','Burns / ExplosionBurns - Multiple victims Suffix W',186),('07D02','Burns / ExplosionBurns - Unconscious or Arrest',187),('07D02E','Burns / ExplosionBurns - Unconscious or Arrest Suffix E',188),('07D02F','Burns / ExplosionBurns - Unconscious or Arrest Suffix F',189),('07D02W','Burns / ExplosionBurns - Unconcious or Arrest Suffix W',190),('07D03','Burns / ExplosionBurns - Not alert',191),('07D03E','Burns / ExplosionBurns - Not alert Suffix E',192),('07D03F','Burns / ExplosionBurns - Not alert Suffix F',193),('07D03W','Burns / ExplosionBurns - Not Alert Suffix W',194),('07D04','Burns / ExplosionBurns - DIFFICULTY SPEAKING BETWEEN BREATHS',195),('07D04E','Burns / ExplosionBurns - DIFFICULTY SPEAKING BETWEEN BREATHS Suffix E',196),('07D04F','Burns / ExplosionBurns - DIFFICULTY SPEAKING BETWEEN BREATHS Suffix F',197),('07D04W','Burns / ExplosionBurns -DIFFICULTY SPEAKING BETWEEN BREATHS Suffix W',198),('07E00','Burns / ExplosionBurns - Override E',199),('07E00E','Burns / ExplosionBurns - Override E Suffix E',200),('07E00F','Burns / ExplosionBurns - Override E Suffix F',201),('07E00W','Burns / ExplosionBurns - Override E Suffix W',202),('07E01','Burns / ExplosionBurns - Person on Fire',203),('07E01E','Burns / ExplosionBurns - Person on Fire Suffix E',204),('07E01F','Burns / ExplosionBurns - Person on Fire Suffix F',205),('07E01W','Burns / ExplosionBurns - Person on Fire Suffix W',206),('08B00','Carbon Monoxide/Inhaltation/Hazmat - Override B',207),('08B00B','Carbon Monoxide/Inhaltation/Hazmat - Override B Suffix B',208),('08B00C','Carbon Monoxide/Inhaltation/Hazmat - Override B Suffix C',209),('08B00G','Carbon Monoxide/Inhaltation/Hazmat - Override B Suffix G',210),('08B00M','Carbon Monoxide/Inhaltation/Hazmat - Override B Suffix M',211),('08B00N','Carbon Monoxide/Inhaltation/Hazmat - Override B Suffix N',212),('08B00R','Carbon Monoxide/Inhaltation/Hazmat - Override B Suffix R',213),('08B00S','Carbon Monoxide/Inhaltation/Hazmat - Override B Suffix S',214),('08B00U','Carbon Monoxide/Inhaltation/Hazmat - Override B Suffix U',215),('08B01','Carbon Monoxide/Inhaltation/Hazmat - Alert without difficulty breathing',216),('08B01B','Carbon Monoxide/Inhaltation/Hazmat - Alert without difficulty breathing Suffix B',217),('08B01C','Carbon Monoxide/Inhaltation/Hazmat - Alert without difficulty breathing Suffix C',218),('08B01G','Carbon Monoxide/Inhaltation/Hazmat - Alert without difficulty breathing Suffix G',219),('08B01M','Carbon Monoxide/Inhaltation/Hazmat - Alert without difficulty breathing Suffix M',220),('08B01N','Carbon Monoxide/Inhaltation/Hazmat - Alert without difficulty breathing Suffix N',221),('08B01R','Carbon Monoxide/Inhaltation/Hazmat - Alert without difficulty breathing Suffix R',222),('08B01S','Carbon Monoxide/Inhaltation/Hazmat - Alert without difficulty breathing Suffix S',223),('08B01U','Carbon Monoxide/Inhaltation/Hazmat - Alert without difficulty breathing Suffix U',224),('08C00','Carbon Monoxide/Inhaltation/Hazmat - Override C',225),('08C00B','Carbon Monoxide/Inhaltation/Hazmat - Override C Suffix B',226),('08C00C','Carbon Monoxide/Inhaltation/Hazmat - Override C Suffix C',227),('08C00G','Carbon Monoxide/Inhaltation/Hazmat - Override C Suffix G',228),('08C00M','Carbon Monoxide/Inhaltation/Hazmat - Override C Suffix M',229),('08C00N','Carbon Monoxide/Inhaltation/Hazmat - Override C Suffix N',230),('08C00R','Carbon Monoxide/Inhaltation/Hazmat - Override C Suffix R',231),('08C00S','Carbon Monoxide/Inhaltation/Hazmat - Override C Suffix S',232),('08C00U','Carbon Monoxide/Inhaltation/Hazmat - Override C Suffix U',233),('08C01','Carbon Monoxide/Inhaltation/Hazmat - Alert with difficulty breathing',234),('08C01B','Carbon Monoxide/Inhaltation/Hazmat - Alert with difficulty breathing Suffix B',235),('08C01C','Carbon Monoxide/Inhaltation/Hazmat - Alert with difficulty breathing Suffix C',236),('08C01G','Carbon Monoxide/Inhaltation/Hazmat - Alert with difficulty breathing Suffix G',237),('08C01M','Carbon Monoxide/Inhaltation/Hazmat - Alert with difficulty breathing Suffix M',238),('08C01N','Carbon Monoxide/Inhaltation/Hazmat - Alert with difficulty breathing Suffix N',239),('08C01R','Carbon Monoxide/Inhaltation/Hazmat - Alert with difficulty breathing Suffix R',240),('08C01S','Carbon Monoxide/Inhaltation/Hazmat - Alert with difficulty breathing Suffix S',241),('08C01U','Carbon Monoxide/Inhaltation/Hazmat - Alert with difficulty breathing Suffix U',242),('08D00','Carbon Monoxide/Inhaltation/Hazmat - Override D',243),('08D00B','Carbon Monoxide/Inhaltation/Hazmat - Override D Suffix B',244),('08D00C','Carbon Monoxide/Inhaltation/Hazmat - Override D Suffix C',245),('08D00G','Carbon Monoxide/Inhaltation/Hazmat - Override D Suffix G',246),('08D00M','Carbon Monoxide/Inhaltation/Hazmat - Override D Suffix M',247),('08D00N','Carbon Monoxide/Inhaltation/Hazmat - Override D Suffix N',248),('08D00R','Carbon Monoxide/Inhaltation/Hazmat - Override D Suffix R',249),('08D00S','Carbon Monoxide/Inhaltation/Hazmat - Override D Suffix S',250),('08D00U','Carbon Monoxide/Inhaltation/Hazmat - Override D Suffix U',251),('08D01','Carbon Monoxide/Inhaltation/Hazmat - Unconscious or Arrest',252),('08D01B','Carbon Monoxide/Inhaltation/Hazmat - Unconscious or Arrest Suffix B',253),('08D01C','Carbon Monoxide/Inhaltation/Hazmat - Unconscious or Arrest Suffix C',254),('08D01G','Carbon Monoxide/Inhaltation/Hazmat - Unconscious or Arrest Suffix G',255),('08D01M','Carbon Monoxide/Inhaltation/Hazmat - Unconscious or Arrest Suffix M',256),('08D01N','Carbon Monoxide/Inhaltation/Hazmat - Unconscious or Arrest Suffix N',257),('08D01R','Carbon Monoxide/Inhaltation/Hazmat - Unconscious or Arrest Suffix R',258),('08D01S','Carbon Monoxide/Inhaltation/Hazmat - Unconscious or Arrest Suffix S',259),('08D01U','Carbon Monoxide/Inhaltation/Hazmat - Unconscious or Arrest Suffix U',260),('08D02','Carbon Monoxide/Inhaltation/Hazmat - Not alert',261),('08D02B','Carbon Monoxide/Inhaltation/Hazmat - Not alert Suffix B',262),('08D02C','Carbon Monoxide/Inhaltation/Hazmat - Not alert Suffix C',263),('08D02G','Carbon Monoxide/Inhaltation/Hazmat - Not alert Suffix G',264),('08D02M','Carbon Monoxide/Inhaltation/Hazmat - Not alert Suffix M',265),('08D02N','Carbon Monoxide/Inhaltation/Hazmat - Not alert Suffix N',266),('08D02R','Carbon Monoxide/Inhaltation/Hazmat - Not alert Suffix R',267),('08D02S','Carbon Monoxide/Inhaltation/Hazmat - Not alert Suffix S',268),('08D02U','Carbon Monoxide/Inhaltation/Hazmat - Not alert Suffix U',269),('08D03','Carbon Monoxide/Inhaltation/Hazmat - DIFFICULTY SPEAKING BETWEEN BREATHS',270),('08D03B','Carbon Monoxide/Inhaltation/Hazmat - DIFFICULTY SPEAKING BETWEEN BREATHS Suffix B',271),('08D03C','Carbon Monoxide/Inhaltation/Hazmat - DIFFICULTY SPEAKING BETWEEN BREATHS Suffix C',272),('08D03G','Carbon Monoxide/Inhaltation/Hazmat - DIFFICULTY SPEAKING BETWEEN BREATHS Suffix G',273),('08D03M','Carbon Monoxide/Inhaltation/Hazmat - DIFFICULTY SPEAKING BETWEEN BREATHS Suffix M',274),('08D03N','Carbon Monoxide/Inhaltation/Hazmat - DIFFICULTY SPEAKING BETWEEN BREATHS Suffix N',275),('08D03R','Carbon Monoxide/Inhaltation/Hazmat - DIFFICULTY SPEAKING BETWEEN BREATHS Suffix R',276),('08D03S','Carbon Monoxide/Inhaltation/Hazmat - DIFFICULTY SPEAKING BETWEEN BREATHS Suffix S',277),('08D03U','Carbon Monoxide/Inhaltation/Hazmat - DIFFICULTY SPEAKING BETWEEN BREATHS Suffix U',278),('08D04','Carbon Monoxide/Inhaltation/Hazmat - Multiple victims',279),('08D04B','Carbon Monoxide/Inhaltation/Hazmat - Multiple victims Suffix B',280),('08D04C','Carbon Monoxide/Inhaltation/Hazmat - Multiple victims Suffix C',281),('08D04G','Carbon Monoxide/Inhaltation/Hazmat - Multiple victims Suffix G',282),('08D04M','Carbon Monoxide/Inhaltation/Hazmat - Multiple victims Suffix M',283),('08D04N','Carbon Monoxide/Inhaltation/Hazmat - Multiple victims Suffix N',284),('08D04R','Carbon Monoxide/Inhaltation/Hazmat - Multiple victims Suffix R',285),('08D04S','Carbon Monoxide/Inhaltation/Hazmat - Multiple victims Suffix S',286),('08D04U','Carbon Monoxide/Inhaltation/Hazmat - Multiple victims Suffix U',287),('08D05','Carbon Monoxide/Inhaltation/Hazmat - Unknown status/Other codes not applicable',288),('08D05B','Carbon Monoxide/Inhaltation/Hazmat - Unknown status/Other codes not applicable Suffix B',289),('08D05C','Carbon Monoxide/Inhaltation/Hazmat - Unknown status/Other codes not applicable Suffix C',290),('08D05G','Carbon Monoxide/Inhaltation/Hazmat - Unknown status/Other codes not applicable Suffix G',291),('08D05M','Carbon Monoxide/Inhaltation/Hazmat - Unknown status/Other codes not applicable Suffix M',292),('08D05N','Carbon Monoxide/Inhaltation/Hazmat - Unknown status/Other codes not applicable Suffix N',293),('08D05R','Carbon Monoxide/Inhaltation/Hazmat - Unknown status/Other codes not applicable Suffix R',294),('08D05S','Carbon Monoxide/Inhaltation/Hazmat - Unknown status/Other codes not applicable Suffix S',295),('08D05U','Carbon Monoxide/Inhaltation/Hazmat - Unknown status/Other codes not applicable Suffix U',296),('08O01','Carbon Monoxide/Inhaltation/Hazmat - Carbon monoxide detector alarm (without priority symptoms)',297),('08O01B','Carbon Monoxide/Inhaltation/Hazmat - Carbon monoxide detector alarm (without priority symptoms) Suffix B',298),('08O01C','Carbon Monoxide/Inhaltation/Hazmat - Carbon monoxide detector alarm (without priority symptoms) Suffix C',299),('08O01G','Carbon Monoxide/Inhaltation/Hazmat - Carbon monoxide detector alarm (without priority symptoms) Suffix G',300),('08O01M','Carbon Monoxide/Inhaltation/Hazmat - Carbon monoxide detector alarm (without priority symptoms) Suffix M',301),('08O01N','Carbon Monoxide/Inhaltation/Hazmat - Carbon monoxide detector alarm (without priority symptoms) Suffix N',302),('08O01R','Carbon Monoxide/Inhaltation/Hazmat - Carbon monoxide detector alarm (without priority symptoms) Suffix R',303),('08O01S','Carbon Monoxide/Inhaltation/Hazmat - Carbon monoxide detector alarm (without priority symptoms) Suffix S',304),('08O01U','Carbon Monoxide/Inhaltation/Hazmat - Carbon monoxide detector alarm (without priority symptoms) Suffix U',305),('09B00','Cardiac or Respiratory Arrest / Death - Override B',306),('09B01','Cardiac or Respiratory Arrest / Death - OBVIOUS DEATH unquestionable (a through i)',307),('09B01a','Cardiac or Respiratory Arrest / Death - OBVIOUS DEATH unquestionable (a through i) Suffix a',308),('09B01b','Cardiac or Respiratory Arrest / Death - OBVIOUS DEATH unquestionable (a through i) Suffix b',309),('09B01c','Cardiac or Respiratory Arrest / Death - OBVIOUS DEATH unquestionable (a through i) Suffix c',310),('09B01d','Cardiac or Respiratory Arrest / Death - OBVIOUS DEATH unquestionable (a through i) Suffix d',311),('09B01e','Cardiac or Respiratory Arrest / Death - OBVIOUS DEATH unquestionable (a through i) Suffix e',312),('09B01f','Cardiac or Respiratory Arrest / Death - OBVIOUS DEATH unquestionable (a through i) Suffix f',313),('09B01g','Cardiac or Respiratory Arrest / Death - OBVIOUS DEATH unquestionable (a through i) Suffix g',314),('09B01h','Cardiac or Respiratory Arrest / Death - OBVIOUS DEATH unquestionable (a through i) Suffix h',315),('09B01i','Cardiac or Respiratory Arrest / Death - OBVIOUS DEATH unquestionable (a through i) Suffix i',316),('09B01x','Cardiac or Respiratory Arrest / Death - OBVIOUS DEATH unquestionable (a through i) Suffix x',317),('09B01y','Cardiac or Respiratory Arrest / Death - OBVIOUS DEATH unquestionable (a through i) Suffix y',318),('09B01z','Cardiac or Respiratory Arrest / Death - OBVIOUS DEATH unquestionable (a through i) Suffix z',319),('09D00','Cardiac or Respiratory Arrest / Death - Override D',320),('09D01','Cardiac or Respiratory Arrest / Death - INEFFECTIVE BREATHING',321),('09D02','Cardiac or Respiratory Arrest / Death - OBVIOUS or EXPECTED DEATH questionable',322),('09D02a','Cardiac or Respiratory Arrest / Death - OBVIOUS or EXPECTED DEATH questionable Suffix a',323),('09D02b','Cardiac or Respiratory Arrest / Death - OBVIOUS or EXPECTED DEATH questionable Suffix b',324),('09D02c','Cardiac or Respiratory Arrest / Death - OBVIOUS or EXPECTED DEATH questionable Suffix c',325),('09D02d','Cardiac or Respiratory Arrest / Death - OBVIOUS or EXPECTED DEATH questionable Suffix d',326),('09D02e','Cardiac or Respiratory Arrest / Death - OBVIOUS or EXPECTED DEATH questionable Suffix e',327),('09D02f','Cardiac or Respiratory Arrest / Death - OBVIOUS or EXPECTED DEATH questionable Suffix f',328),('09D02g','Cardiac or Respiratory Arrest / Death - OBVIOUS or EXPECTED DEATH questionable Suffix g',329),('09D02h','Cardiac or Respiratory Arrest / Death - OBVIOUS or EXPECTED DEATH questionable Suffix h',330),('09D02i','Cardiac or Respiratory Arrest / Death - OBVIOUS or EXPECTED DEATH questionable Suffix i',331),('09D02x','Cardiac or Respiratory Arrest / Death - OBVIOUS or EXPECTED DEATH questionable Suffix x',332),('09D02y','Cardiac or Respiratory Arrest / Death - OBVIOUS or EXPECTED DEATH questionable Suffix y',333),('09D02z','Cardiac or Respiratory Arrest / Death - OBVIOUS or EXPECTED DEATH questionable Suffix z',334),('09E00','Cardiac or Respiratory Arrest / Death - Override E',335),('09E01','Cardiac or Respiratory Arrest / Death - Not breathing at all',336),('09E02','Cardiac or Respiratory Arrest / Death - Breathing uncertain (agonal)',337),('09E03','Cardiac or Respiratory Arrest / Death - Hanging',338),('09E04','Cardiac or Respiratory Arrest / Death - Strangulation',339),('09E05','Cardiac or Respiratory Arrest / Death - Suffocation',340),('09E06','Cardiac or Respiratory Arrest / Death - Underwater',341),('09O01','Cardiac or Respiratory Arrest / Death - EXPECTED DEATH unquestionable (x through z)',342),('09O01a','Cardiac or Respiratory Arrest / Death - EXPECTED DEATH unquestionable (x through z) Suffix a',343),('09O01b','Cardiac or Respiratory Arrest / Death - EXPECTED DEATH unquestionable (x through z) Suffix b',344),('09O01c','Cardiac or Respiratory Arrest / Death - EXPECTED DEATH unquestionable (x through z) Suffix c',345),('09O01d','Cardiac or Respiratory Arrest / Death - EXPECTED DEATH unquestionable (x through z) Suffix d',346),('09O01e','Cardiac or Respiratory Arrest / Death - EXPECTED DEATH unquestionable (x through z) Suffix e',347),('09O01f','Cardiac or Respiratory Arrest / Death - EXPECTED DEATH unquestionable (x through z) Suffix f',348),('09O01g','Cardiac or Respiratory Arrest / Death - EXPECTED DEATH unquestionable (x through z) Suffix g',349),('09O01h','Cardiac or Respiratory Arrest / Death - EXPECTED DEATH unquestionable (x through z) Suffix h',350),('09O01i','Cardiac or Respiratory Arrest / Death - EXPECTED DEATH unquestionable (x through z) Suffix i',351),('09O01x','Cardiac or Respiratory Arrest / Death - EXPECTED DEATH unquestionable (x through z) Suffix x',352),('09O01y','Cardiac or Respiratory Arrest / Death - EXPECTED DEATH unquestionable (x through z) Suffix y',353),('09O01z','Cardiac or Respiratory Arrest / Death - EXPECTED DEATH unquestionable (x through z) Suffix z',354),('10A01','Chest Pain - Breathing normally < 35',355),('10C00','Chest Pain - Override C',356),('10C01','Chest Pain - Abnormal breathing',357),('10C02','Chest Pain - Heart attack or angina history',358),('10C03','Chest Pain - Cocaine',359),('10C04','Chest Pain - Breathing normally => 35',360),('10D00','Chest Pain - Override D',361),('10D01','Chest Pain - Not alert',362),('10D02','Chest Pain - DIFFICULTY SPEAKING BETWEEN BREATHS',363),('10D03','Chest Pain - CHANGING COLOR',364),('10D04','Chest Pain - Clammy',365),('11A01','Choking - Not choking now (can talk or cry, is alert and breathing normally)',366),('11D00','Choking - Override D',367),('11D01','Choking - Abnormal breathing (PARTIAL obstruction)',368),('11D02','Choking - Not alert',369),('11E00','Choking - Override E',370),('11E01','Choking - COMPLETE obstruction/INEFFECTIVE BREATHING',371),('12A01','Convulsions / Seizures - Not seizing now and effective breathing verified (known seizure disorder)',372),('12A01E','Convulsions / Seizures - Not seizing now and effective breathing verified (known seizure disorder) Suffix E',373),('12A02','Convulsions / Seizures - Not seizing now and effective breathing verified (seizure disorder unknown)',374),('12A02E','Convulsions / Seizures - Not seizing now and effective breathing verified (seizure disorder unknown) Suffix E',375),('12A03','Convulsions / Seizures - Not seizing now and effective breathing verified (<= 6, confirmed no seizure disorder)',376),('12A03E','Convulsions / Seizures - Not seizing now and effective breathing verified (<= 6, confirmed no seizure disorder) Suffix E',377),('12A04','Convulsions / Seizures - FOCAL seizure (alert)',378),('12A04E','Convulsions / Seizures - FOCAL seizure (alert) Suffix E',379),('12A05','Convulsions / Seizures - Impending seizure (aura)',380),('12A05E','Convulsions / Seizures - Impending seizure (aura) Suffix E',381),('12B00','Convulsions / Seizures - Override A',382),('12B00E','Convulsions / Seizures - Override A Suffix E',383),('12B01','Convulsions / Seizures - Effective breathing not verified < 35',384),('12B01E','Convulsions / Seizures - Effective breathing not verified < 35 Suffix E',385),('12C00','Convulsions / Seizures - Override C',386),('12C00E','Convulsions / Seizures - Override C Suffix E',387),('12C01','Convulsions / Seizures - FOCAL seizure (not alert)',388),('12C01E','Convulsions / Seizures - FOCAL seizure (not alert) Suffix E',389),('12C02','Convulsions / Seizures - Pregnancy',390),('12C02E','Convulsions / Seizures - Pregnancy Suffix E',391),('12C03','Convulsions / Seizures - Diabetic',392),('12C03E','Convulsions / Seizures - Diabetic Suffix E',393),('12C04','Convulsions / Seizures - Not seizing now and effective breathing verified (> 6, confirmed no seizure disorder)',394),('12C04E','Convulsions / Seizures - Not seizing now and effective breathing verified (> 6, confirmed no seizure disorder) Suffix E',395),('12C05','Convulsions / Seizures - History of STROKE or brain tumor',396),('12C05E','Convulsions / Seizures - History of STROKE or brain tumor Suffix E',397),('12C06','Convulsions / Seizures - OVERDOSE/POISONING (ingestion)',398),('12C06E','Convulsions / Seizures - OVERDOSE/POISONING (ingestion) Suffix E',399),('12C07','Convulsions / Seizures - ATYPICAL Seizure',400),('12C07E','Convulsions / Seizures - ATYPICAL Seizure Suffix E',401),('12D00','Convulsions / Seizures - Override D',402),('12D00E','Convulsions / Seizures - Override D Suffix E',403),('12D01','Convulsions / Seizures - Not breathing (after Key Questioning)',404),('12D01E','Convulsions / Seizures - Not breathing (after Key Questioning) Suffix E',405),('12D02','Convulsions / Seizures - CONTINUOUS or MULTIPLE seizures',406),('12D02E','Convulsions / Seizures - CONTINUOUS or MULTIPLE seizures Suffix E',407),('12D03','Convulsions / Seizures - AGONAL/INEFFECTIVE BREATHING',408),('12D03E','Convulsions / Seizures - AGONAL/INEFFECTIVE BREATHING Suffix E',409),('12D04','Convulsions / Seizures - Effective breathing not verified = 35',410),('12D04E','Convulsions / Seizures - Effective breathing not verified = 35 Suffix E',411),('13A01','Diabetic Problems - Alert and behaving normally',412),('13A01C','Diabetic Problems - Alert and behaving normally Suffix C',413),('13C00','Diabetic Problems - Override A',414),('13C00C','Diabetic Problems - Override A Suffix C',415),('13C01','Diabetic Problems - Not alert',416),('13C01C','Diabetic Problems - Not alert Suffix C',417),('13C02','Diabetic Problems - Abnormal behavior',418),('13C02C','Diabetic Problems - Abnormal behavior Suffix C',419),('13C03','Diabetic Problems - Abnormal breathing',420),('13C03C','Diabetic Problems - Abnormal breathing Suffix C',421),('13D00','Diabetic Problems - Override D',422),('13D00C','Diabetic Problems - Override D Suffix C',423),('13D01','Diabetic Problems - Unconscious',424),('13D01C','Diabetic Problems - Unconscious Suffix C',425),('14A01','Drowning / Diving / Scuba Accident - Alert and breathing normally (no injuries and out of water)',426),('14B00','Drowning / Diving / Scuba Accident - Override B',427),('14B01','Drowning / Diving / Scuba Accident - Alert and breathing normally (injuries or in water)',428),('14B02','Drowning / Diving / Scuba Accident - Unknown status/Other codes not applicable',429),('14C00','Drowning / Diving / Scuba Accident - Override C',430),('14C01','Drowning / Diving / Scuba Accident - Alert with abnormal breathing',431),('14D00','Drowning / Diving / Scuba Accident - Override D',432),('14D01','Drowning / Diving / Scuba Accident - Unconscious or Arrest',433),('14D02','Drowning / Diving / Scuba Accident - Not alert',434),('14D03','Drowning / Diving / Scuba Accident - DIVING or suspected neck injury',435),('14D04','Drowning / Diving / Scuba Accident - SCUBA accident',436),('15C01','Electrocution / Lightning - Alert and breathing normally',437),('15C01E','Electrocution / Lightning - Alert and breathing normally Suffix E',438),('15C01L','Electrocution / Lightning - Alert and breathing normally Suffix L',439),('15D00','Electrocution / Lightning - Override D Suffix',440),('15D00E','Electrocution / Lightning - Override D Suffix E',441),('15D00L','Electrocution / Lightning - Override D Suffix L',442),('15D01','Electrocution / Lightning - Unconscious',443),('15D01E','Electrocution / Lightning - Unconscious Suffix E',444),('15D01L','Electrocution / Lightning - Unconscious Suffix L',445),('15D02','Electrocution / Lightning - Not disconnected from power',446),('15D02E','Electrocution / Lightning - Not disconnected from power Suffix E',447),('15D02L','Electrocution / Lightning - Not disconnected from power Suffix L',448),('15D03','Electrocution / Lightning - Power not off or hazard present',449),('15D03E','Electrocution / Lightning - Power not off or hazard present Suffix E',450),('15D03L','Electrocution / Lightning - Power not off or hazard present Suffix L',451),('15D04','Electrocution / Lightning - EXTREME FALL (= 30ft/10m)',452),('15D04E','Electrocution / Lightning - EXTREME FALL (= 30ft/10m) Suffix E',453),('15D04L','Electrocution / Lightning - EXTREME FALL (= 30ft/10m) Suffix L',454),('15D05','Electrocution / Lightning - LONG FALL (=> 6ft/2m)',455),('15D05E','Electrocution / Lightning - LONG FALL (=> 6ft/2m) Suffix E',456),('15D05L','Electrocution / Lightning - LONG FALL (=> 6ft/2m) Suffix L',457),('15D06','Electrocution / Lightning - Not alert',458),('15D06E','Electrocution / Lightning - Not alert Suffix E',459),('15D06L','Electrocution / Lightning - Not alert Suffix L',460),('15D07','Electrocution / Lightning - Abnormal breathing',461),('15D07E','Electrocution / Lightning - Abnormal breathing Suffix E',462),('15D07L','Electrocution / Lightning - Abnormal breathing Suffix L',463),('15D08','Electrocution / Lightning - Unknown status (3rd party caller)',464),('15D08E','Electrocution / Lightning - Unknown status (3rd party caller) Suffix E',465),('15D08L','Electrocution / Lightning - Unknown status (3rd party caller) Suffix L',466),('15E00','Electrocution / Lightning - Override E',467),('15E00E','Electrocution / Lightning - Override E Suffix E',468),('15E00L','Electrocution / Lightning - Override E Suffix L',469),('15E01','Electrocution / Lightning - NOT BREATHING/INEFFECTIVE BREATHING',470),('15E01E','Electrocution / Lightning - NOT BREATHING/INEFFECTIVE BREATHING Suffix E',471),('15E01L','Electrocution / Lightning - NOT BREATHING/INEFFECTIVE BREATHING Suffix L',472),('16A01','Eye Problems / Injuries - MODERATE eye injuries',473),('16A02','Eye Problems / Injuries - MINOR eye injuries',474),('16A03','Eye Problems / Injuries - MEDICAL eye problems',475),('16B00','Eye Problems / Injuries - Override B',476),('16B01','Eye Problems / Injuries - SEVERE eye injuries',477),('16C0','Masalah Pernafasan/ Sesak nafas (SOB - Shortness of breath) - Pendarahan dan/atau Gangguan Sirkulasi',478),('16D00','Eye Problems / Injuries - Override D',479),('16D01','Eye Problems / Injuries - Not alert',480),('17A00','Falls - Override A',481),('17A00G','Falls - Override A Suffix G',482),('17A00J','Falls - Override A Suffix A',483),('17A01','Falls - NOT DANGEROUS body area',484),('17A01G','Falls - NOT DANGEROUS body area Suffix G',485),('17A01J','Falls - NOT DANGEROUS body area Suffix A',486),('17A02','Falls - NON-RECENT (=> 6hrs) injuries (without priority symptoms)',487),('17A02G','Falls - NON-RECENT (=> 6hrs) injuries (without priority symptoms) Suffix G',488),('17A02J','Falls - NON-RECENT (=> 6hrs) injuries (without priority symptoms) Suffix A',489),('17A03','Falls - PUBLIC ASSIST (no injuries and no priority symptoms)',490),('17A03G','Falls - PUBLIC ASSIST (no injuries and no priority symptoms) Suffix G',491),('17A03J','Falls - PUBLIC ASSIST (no injuries and no priority symptoms) Suffix A',492),('17B00','Falls - Override B',493),('17B00G','Falls - Override B Suffix G',494),('17B00J','Falls - Override B Suffix A',495),('17B01','Falls - POSSIBLY DANGEROUS body area',496),('17B01G','Falls - POSSIBLY DANGEROUS body area Suffix G',497),('17B01J','Falls - POSSIBLY DANGEROUS body area Suffix A',498),('17B02','Falls - SERIOUS hemorrhage',499),('17B02G','Falls - SERIOUS hemorrhage Suffix G',500),('17B02J','Falls - SERIOUS hemorrhage Suffix A',501),('17B03','Falls - Unknown status/Other codes not applicable',502),('17B03G','Falls - Unknown status/Other codes not applicable Suffix G',503),('17B03J','Falls - Unknown status/Other codes not applicable Suffix A',504),('17D00','Falls - Override D',505),('17D00G','Falls - Override D Suffix G',506),('17D00J','Falls - Override D Suffix A',507),('17D01','Falls - EXTREME FALL (= 30ft/10m)',508),('17D01G','Falls - EXTREME FALL (= 30ft/10m) Suffix G',509),('17D01J','Falls - EXTREME FALL (= 30ft/10m) Suffix A',510),('17D02','Falls - Unconscious or Arrest',511),('17D02G','Falls - Unconscious or Arrest Suffix G',512),('17D02J','Falls - Unconscious or Arrest Suffix A',513),('17D03','Falls - Not alert',514),('17D03G','Falls - Not alert Suffix G',515),('17D03J','Falls - Not alert Suffix A',516),('17D04','Falls - Chest or Neck injury (with difficulty breathing)',517),('17D04G','Falls - Chest or Neck injury (with difficulty breathing) Suffix G',518),('17D04J','Falls - Chest or Neck injury (with difficulty breathing) Suffix A',519),('17D05','Falls - LONG FALL',520),('17D05G','Falls - LONG FALL Suffix G',521),('17D05J','Falls - LONG FALL Suffix A',522),('18A0','Overdos/ Self-poisoning - Gangguan Saluran Pernafasan dan/ atau Tahap Kesedaran',523),('18A01','Headache - Breathing normally',524),('18B0','Overdos/ Self-poisoning - Kesukaran Bernafas/Tidak Bernafas',525),('18B00','Headache - Override B',526),('18B01','Headache - Unknown status/Other codes not applicable',527),('18C00','Headache - Override C',528),('18C01','Headache - Not alert',529),('18C02','Headache - Abnormal breathing',530),('18C03','Headache - Speech problems',531),('18C04','Headache - Sudden onset of severe pain',532),('18C05','Headache - Numbness',533),('18C06','Headache - Paralysis',534),('18C07','Headache - Change in behavior (<= 3hrs)',535),('19A01','Heart Problems / A.I.C.D. - Heart rate => 50 bpm and < 130 bpm (without priority symptoms)',536),('19A02','Heart Problems / A.I.C.D. - Chest pain < 35 (without priority symptoms)',537),('19B0','Panas/ Sejuk Melampau - Kesukaran Bernafas/Tidak Bernafas',538),('19B00','Heart Problems / A.I.C.D. - Override B',539),('19C00','Heart Problems / A.I.C.D. - Override C',540),('19C01','Heart Problems / A.I.C.D. - Firing of A.I.C.D.',541),('19C02','Heart Problems / A.I.C.D. - Abnormal breathing',542),('19C03','Heart Problems / A.I.C.D. - Chest pain => 35',543),('19C04','Heart Problems / A.I.C.D. - Cardiac history',544),('19C05','Heart Problems / A.I.C.D. - Cocaine',545),('19C06','Heart Problems / A.I.C.D. - Heart rate < 50 bpm or => 130 bpm (without priority symptoms)',546),('19C07','Heart Problems / A.I.C.D. - Unknown status/Other codes not applicable',547),('19D00','Heart Problems / A.I.C.D. - Override D',548),('19D01','Heart Problems / A.I.C.D. - Not alert',549),('19D02','Heart Problems / A.I.C.D. - DIFFICULTY SPEAKING BETWEEN BREATHS',550),('19D03','Heart Problems / A.I.C.D. - CHANGING COLOR',551),('19D04','Heart Problems / A.I.C.D. - Clammy',552),('19D05','Heart Problems / A.I.C.D. - Just resuscitated and/or defibrillated (external)',553),('20A01','Heat / Cold Exposure - Alert and behaving normally',554),('20A01C','Heat / Cold Exposure - Alert and behaving normally Suffix C',555),('20A01H','Heat / Cold Exposure - Alert and behaving normally Suffix H',556),('20B00','Heat / Cold Exposure - Override B',557),('20B00C','Heat / Cold Exposure - Override B Suffix C',558),('20B00H','Heat / Cold Exposure - Override B Suffix H',559),('20B01','Heat / Cold Exposure - Change in skin color',560),('20B01C','Heat / Cold Exposure - Change in skin color Suffix C',561),('20B01H','Heat / Cold Exposure - Change in skin color Suffix H',562),('20B02','Heat / Cold Exposure - Unknown status/Other codes not applicable',563),('20B02C','Heat / Cold Exposure - Unknown status/Other codes not applicable Suffix C',564),('20B02H','Heat / Cold Exposure - Unknown status/Other codes not applicable Suffix H',565),('20C00','Heat / Cold Exposure - Override C',566),('20C00C','Heat / Cold Exposure - Override C Suffix C',567),('20C00H','Heat / Cold Exposure - Override C Suffix H',568),('20C01','Heat / Cold Exposure - Heart attack or angina history',569),('20C01C','Heat / Cold Exposure - Heart attack or angina history Suffix C',570),('20C01H','Heat / Cold Exposure - Heart attack or angina history Suffix H',571),('20D00','Heat / Cold Exposure - Override D',572),('20D00C','Heat / Cold Exposure - Override D Suffix C',573),('20D00H','Heat / Cold Exposure - Override D Suffix H',574),('20D01','Heat / Cold Exposure - Not alert',575),('20D01C','Heat / Cold Exposure - Not alert Suffix C',576),('20D01H','Heat / Cold Exposure - Not alert Suffix H',577),('20D02','Heat / Cold Exposure - Multiple victims (with priority symptoms)',578),('20D02C','Heat / Cold Exposure - Multiple victims (with priority symptoms) Suffix C',579),('20D02H','Heat / Cold Exposure - Multiple victims (with priority symptoms) Suffix H',580),('21A01','Hemorrhage / Lacerations - NOT DANGEROUS hemorrhage',581),('21A02','Hemorrhage / Lacerations - MINOR hemorrhage',582),('21B00','Hemorrhage / Lacerations - Override B',583),('21B01','Hemorrhage / Lacerations - POSSIBLY DANGEROUS hemorrhage',584),('21B02','Hemorrhage / Lacerations - SERIOUS hemorrhage',585),('21B03','Hemorrhage / Lacerations - Bleeding disorder',586),('21B04','Hemorrhage / Lacerations - Blood thinners',587),('21C00','Hemorrhage / Lacerations - Override C',588),('21C01','Hemorrhage / Lacerations - Hemorrhage through TUBES',589),('21C02','Hemorrhage / Lacerations - Hemorrhage of dialysis fistula',590),('21D00','Hemorrhage / Lacerations - Override D',591),('21D01','Hemorrhage / Lacerations - Unconscious or Arrest',592),('21D02','Hemorrhage / Lacerations - Not alert',593),('21D03','Hemorrhage / Lacerations - DANGEROUS hemorrhage',594),('21D04','Hemorrhage / Lacerations - Abnormal breathing',595),('22A01','Inaccessible Incident / Other Entrapments (Non-Vehicle) - No longer trapped (no injuries)',596),('22A01A','Inaccessible Incident / Other Entrapments (Non-Vehicle) - No longer trapped (no injuries) Suffix A',597),('22A01B','Inaccessible Incident / Other Entrapments (Non-Vehicle) - No longer trapped (no injuries) Suffix B',598),('22A01M','Inaccessible Incident / Other Entrapments (Non-Vehicle) - No longer trapped (no injuries) Suffix M',599),('22A01X','Inaccessible Incident / Other Entrapments (Non-Vehicle) - No longer trapped (no injuries) Suffix X',600),('22A01Y','Inaccessible Incident / Other Entrapments (Non-Vehicle) - No longer trapped (no injuries) Suffix Y',601),('22B00','Inaccessible Incident / Other Entrapments (Non-Vehicle) - Override B',602),('22B00A','Inaccessible Incident / Other Entrapments (Non-Vehicle) - Override B Suffix A',603),('22B00B','Inaccessible Incident / Other Entrapments (Non-Vehicle) - Override B Suffix B',604),('22B00M','Inaccessible Incident / Other Entrapments (Non-Vehicle) - Override B Suffix M',605),('22B00X','Inaccessible Incident / Other Entrapments (Non-Vehicle) - Override B Suffix X',606),('22B00Y','Inaccessible Incident / Other Entrapments (Non-Vehicle) - Override B Suffix Y',607),('22B01','Inaccessible Incident / Other Entrapments (Non-Vehicle) - No longer trapped (unknown injuries)',608),('22B01A','Inaccessible Incident / Other Entrapments (Non-Vehicle) - No longer trapped (unknown injuries) Suffix A',609),('22B01B','Inaccessible Incident / Other Entrapments (Non-Vehicle) - No longer trapped (unknown injuries) Suffix B',610),('22B01M','Inaccessible Incident / Other Entrapments (Non-Vehicle) - No longer trapped (unknown injuries) Suffix M',611),('22B01X','Inaccessible Incident / Other Entrapments (Non-Vehicle) - No longer trapped (unknown injuries) Suffix X',612),('22B01Y','Inaccessible Incident / Other Entrapments (Non-Vehicle) - No longer trapped (unknown injuries) Suffix Y',613),('22B02','Inaccessible Incident / Other Entrapments (Non-Vehicle) - PERIPHERAL ENTRAPMENT only',614),('22B02A','Inaccessible Incident / Other Entrapments (Non-Vehicle) - PERIPHERAL ENTRAPMENT only Suffix A',615),('22B02B','Inaccessible Incident / Other Entrapments (Non-Vehicle) - PERIPHERAL ENTRAPMENT only Suffix B',616),('22B02M','Inaccessible Incident / Other Entrapments (Non-Vehicle) - PERIPHERAL ENTRAPMENT only Suffix M',617),('22B02X','Inaccessible Incident / Other Entrapments (Non-Vehicle) - PERIPHERAL ENTRAPMENT only Suffix X',618),('22B02Y','Inaccessible Incident / Other Entrapments (Non-Vehicle) - PERIPHERAL ENTRAPMENT only Suffix Y',619),('22B03','Inaccessible Incident / Other Entrapments (Non-Vehicle) - Unknown status (investigation)/Other codes not applicable',620),('22B03A','Inaccessible Incident/Other Entrapments(NonVehicle)-Unknown status(investigation)/Other codes not applicable Sufx A',621),('22B03B','Inaccessible Incident/Other Entrapments(NonVehicle)-Unknown status(investigation)/Other codes not applicable Sufx B',622),('22B03M','Inaccessible Incident/Other Entrapments(NonVehicle)-Unknown status(investigation)/Other codes not applicable Sufx M',623),('22B03X','Inaccessible Incident/Other Entrapments(NonVehicle)-Unknown status(investigation)/Other codes not applicable Sufx X',624),('22B03Y','Inaccessible Incident/Other Entrapments(NonVehicle)-Unknown status(investigation)/Other codes not applicable Sufx Y',625),('22D00','Inaccessible Incident / Other Entrapments (Non-Vehicle) - Override D',626),('22D00A','Inaccessible Incident / Other Entrapments (Non-Vehicle) - Override D Suffix A',627),('22D00B','Inaccessible Incident / Other Entrapments (Non-Vehicle) - Override D Suffix B',628),('22D00M','Inaccessible Incident / Other Entrapments (Non-Vehicle) - Override D Suffix M',629),('22D00X','Inaccessible Incident / Other Entrapments (Non-Vehicle) - Override D Suffix X',630),('22D00Y','Inaccessible Incident / Other Entrapments (Non-Vehicle) - Override D Suffix Y',631),('22D01','Inaccessible Incident / Other Entrapments (Non-Vehicle) - Mechanical/Manchinery ENTRAPMENT',632),('22D01A','Inaccessible Incident / Other Entrapments (Non-Vehicle) - Mechanical/Manchinery ENTRAPMENT Suffix A',633),('22D01B','Inaccessible Incident / Other Entrapments (Non-Vehicle) - Mechanical/Manchinery ENTRAPMENT Suffix B',634),('22D01M','Inaccessible Incident / Other Entrapments (Non-Vehicle) - Mechanical/Manchinery ENTRAPMENT Suffix M',635),('22D01X','Inaccessible Incident / Other Entrapments (Non-Vehicle) - Mechanical/Manchinery ENTRAPMENT Suffix X',636),('22D01Y','Inaccessible Incident / Other Entrapments (Non-Vehicle) - Mechanical/Manchinery ENTRAPMENT Suffix Y',637),('22D02','Inaccessible Incident / Other Entrapments (Non-Vehicle) - Trench collapse',638),('22D02A','Inaccessible Incident / Other Entrapments (Non-Vehicle) - Trench collapse Suffix A',639),('22D02B','Inaccessible Incident / Other Entrapments (Non-Vehicle) - Trench collapse Suffix B',640),('22D02M','Inaccessible Incident / Other Entrapments (Non-Vehicle) - Trench collapse Suffix M',641),('22D02X','Inaccessible Incident / Other Entrapments (Non-Vehicle) - Trench collapse Suffix X',642),('22D02Y','Inaccessible Incident / Other Entrapments (Non-Vehicle) - Trench collapse Suffix Y',643),('22D03','Inaccessible Incident / Other Entrapments (Non-Vehicle) - Structure collapse',644),('22D03A','Inaccessible Incident / Other Entrapments (Non-Vehicle) - Structure collapse Suffix A',645),('22D03B','Inaccessible Incident / Other Entrapments (Non-Vehicle) - Structure collapse Suffix B',646),('22D03M','Inaccessible Incident / Other Entrapments (Non-Vehicle) - Structure collapse Suffix M',647),('22D03X','Inaccessible Incident / Other Entrapments (Non-Vehicle) - Structure collapse Suffix X',648),('22D03Y','Inaccessible Incident / Other Entrapments (Non-Vehicle) - Structure collapse Suffix Y',649),('22D04','Inaccessible Incident / Other Entrapments (Non-Vehicle) - Confined space ENTRAPMENT',650),('22D04A','Inaccessible Incident / Other Entrapments (Non-Vehicle) - Confined space ENTRAPMENT Suffix A',651),('22D04B','Inaccessible Incident / Other Entrapments (Non-Vehicle) - Confined space ENTRAPMENT Suffix B',652),('22D04M','Inaccessible Incident / Other Entrapments (Non-Vehicle) - Confined space ENTRAPMENT Suffix M',653),('22D04X','Inaccessible Incident / Other Entrapments (Non-Vehicle) - Confined space ENTRAPMENT Suffix X',654),('22D04Y','Inaccessible Incident / Other Entrapments (Non-Vehicle) - Confined space ENTRAPMENT Suffix Y',655),('22D05','Inaccessible Incident / Other Entrapments (Non-Vehicle) - Inaccessible terrain situation',656),('22D05A','Inaccessible Incident / Other Entrapments (Non-Vehicle) - Inaccessible terrain situation Suffix A',657),('22D05B','Inaccessible Incident / Other Entrapments (Non-Vehicle) - Inaccessible terrain situation Suffix B',658),('22D05M','Inaccessible Incident / Other Entrapments (Non-Vehicle) - Inaccessible terrain situation Suffix M',659),('22D05X','Inaccessible Incident / Other Entrapments (Non-Vehicle) - Inaccessible terrain situation Suffix X',660),('22D05Y','Inaccessible Incident / Other Entrapments (Non-Vehicle) - Inaccessible terrain situation Suffix Y',661),('22D06','Inaccessible Incident / Other Entrapments (Non-Vehicle) - Mudslide/Avalanche',662),('22D06A','Inaccessible Incident / Other Entrapments (Non-Vehicle) - Mudslide/Avalanche Suffix A',663),('22D06B','Inaccessible Incident / Other Entrapments (Non-Vehicle) - Mudslide/Avalanche Suffix B',664),('22D06M','Inaccessible Incident / Other Entrapments (Non-Vehicle) - Mudslide/Avalanche Suffix M',665),('22D06X','Inaccessible Incident / Other Entrapments (Non-Vehicle) - Mudslide/Avalanche Suffix X',666),('22D06Y','Inaccessible Incident / Other Entrapments (Non-Vehicle) - Mudslide/Avalanche Suffix Y',667),('23B00','Overdose / Poisoning (Ingestion) - Override B',668),('23B00A','Overdose / Poisoning (Ingestion) - Override B Suffix A',669),('23B00I','Overdose / Poisoning (Ingestion) - Override B Suffix I',670),('23B00V','Overdose / Poisoning (Ingestion) - Override B Suffix V',671),('23B01','Overdose / Poisoning (Ingestion) - OVERDOSE (without priority symptoms)',672),('23B01A','Overdose / Poisoning (Ingestion) - OVERDOSE (without priority symptoms) Suffix A',673),('23B01I','Overdose / Poisoning (Ingestion) - OVERDOSE (without priority symptoms) Suffix I',674),('23B01V','Overdose / Poisoning (Ingestion) - OVERDOSE (without priority symptoms) Suffix V',675),('23C00','Overdose / Poisoning (Ingestion) - Override C',676),('23C00A','Overdose / Poisoning (Ingestion) - Override C Suffix A',677),('23C00I','Overdose / Poisoning (Ingestion) - Override C Suffix I',678),('23C00V','Overdose / Poisoning (Ingestion) - Override C Suffix V',679),('23C01','Overdose / Poisoning (Ingestion) - Not alert',680),('23C01A','Overdose / Poisoning (Ingestion) - Not alert Suffix A',681),('23C01I','Overdose / Poisoning (Ingestion) - Not alert Suffix I',682),('23C01V','Overdose / Poisoning (Ingestion) - Not alert Suffix V',683),('23C02','Overdose / Poisoning (Ingestion) - Abnormal breathing',684),('23C02A','Overdose / Poisoning (Ingestion) - Abnormal breathing Suffix A',685),('23C02I','Overdose / Poisoning (Ingestion) - Abnormal breathing Suffix I',686),('23C02V','Overdose / Poisoning (Ingestion) - Abnormal breathing Suffix V',687),('23C03','Overdose / Poisoning (Ingestion) - Antidepressants (tricyclic)',688),('23C03A','Overdose / Poisoning (Ingestion) - Antidepressants (tricyclic) Suffix A',689),('23C03I','Overdose / Poisoning (Ingestion) - Antidepressants (tricyclic) Suffix I',690),('23C03V','Overdose / Poisoning (Ingestion) - Antidepressants (tricyclic) Suffix V',691),('23C04','Overdose / Poisoning (Ingestion) - Cocaine, methamphetamine (or derivatives)',692),('23C04A','Overdose / Poisoning (Ingestion) - Cocaine, methamphetamine (or derivatives) Suffix A',693),('23C04I','Overdose / Poisoning (Ingestion) - Cocaine, methamphetamine (or derivatives) Suffix I',694),('23C04V','Overdose / Poisoning (Ingestion) - Cocaine, methamphetamine (or derivatives) Suffix V',695),('23C05','Overdose / Poisoning (Ingestion) - Narcotics (heroin)',696),('23C05A','Overdose / Poisoning (Ingestion) - Narcotics (heroin) Suffix A',697),('23C05I','Overdose / Poisoning (Ingestion) - Narcotics (heroin) Suffix I',698),('23C05V','Overdose / Poisoning (Ingestion) - Narcotics (heroin) Suffix V',699),('23C06','Overdose / Poisoning (Ingestion) - Acid or alkali (lye)',700),('23C06A','Overdose / Poisoning (Ingestion) - Acid or alkali (lye) Suffix A',701),('23C06I','Overdose / Poisoning (Ingestion) - Acid or alkali (lye) Suffix I',702),('23C06V','Overdose / Poisoning (Ingestion) - Acid or alkali (lye) Suffix V',703),('23C07','Overdose / Poisoning (Ingestion) - Unknown status/Other codes not applicable',704),('23C07A','Overdose / Poisoning (Ingestion) - Unknown status/Other codes not applicable Suffix A',705),('23C07I','Overdose / Poisoning (Ingestion) - Unknown status/Other codes not applicable Suffix I',706),('23C07V','Overdose / Poisoning (Ingestion) - Unknown status/Other codes not applicable Suffix V',707),('23C08','Overdose / Poisoning (Ingestion) - Poison Control request for response',708),('23C08A','Overdose / Poisoning (Ingestion) - Poison Control request for response Suffix A',709),('23C08I','Overdose / Poisoning (Ingestion) - Poison Control request for response Suffix I',710),('23C08V','Overdose / Poisoning (Ingestion) - Poison Control request for response Suffix V',711),('23D00','Overdose / Poisoning (Ingestion) - Override D',712),('23D00A','Overdose / Poisoning (Ingestion) - Override D Suffix A',713),('23D00I','Overdose / Poisoning (Ingestion) - Override D Suffix I',714),('23D00V','Overdose / Poisoning (Ingestion) - Override D Suffix V',715),('23D01','Overdose / Poisoning (Ingestion) - Unconscious',716),('23D01A','Overdose / Poisoning (Ingestion) - Unconscious Suffix A',717),('23D01I','Overdose / Poisoning (Ingestion) - Unconscious Suffix I',718),('23D01V','Overdose / Poisoning (Ingestion) - Unconscious Suffix V',719),('23D02','Overdose / Poisoning (Ingestion) - CHANGING COLOR',720),('23D02A','Overdose / Poisoning (Ingestion) - CHANGING COLOR Suffix A',721),('23D02I','Overdose / Poisoning (Ingestion) - CHANGING COLOR Suffix I',722),('23D02V','Overdose / Poisoning (Ingestion) - CHANGING COLOR Suffix V',723),('23O01','Overdose / Poisoning (Ingestion) - POISONING (without priority symptoms)',724),('23O01A','Overdose / Poisoning (Ingestion) - POISONING (without priority symptoms) Suffix A',725),('23O01I','Overdose / Poisoning (Ingestion) - POISONING (without priority symptoms) Suffix I',726),('23O01V','Overdose / Poisoning (Ingestion) - POISONING (without priority symptoms) Suffix V',727),('24A00','Pregnancy / Childbirth / Miscarriage - Override A',728),('24A01','Pregnancy / Childbirth / Miscarriage - 1st TRIMESTER hemorrhage or MISCARRIAGE',729),('24B00','Pregnancy / Childbirth / Miscarriage - Override B',730),('24B01','Pregnancy / Childbirth / Miscarriage - Labor (delivery not imminent, => 5 months/20 weeks)',731),('24B02','Pregnancy / Childbirth / Miscarriage - Unknown status/Other codes not applicable',732),('24C00','Pregnancy / Childbirth / Miscarriage - Override C',733),('24C01','Pregnancy / Childbirth / Miscarriage - 2nd TRIMESTER hemorrhage or MISCARRIAGE',734),('24C02','Pregnancy / Childbirth / Miscarriage - 1st TRIMESTER SERIOUS hemorrhage',735),('24C03','Pregnancy / Childbirth / Miscarriage - Baby born (no complications)',736),('24D00','Pregnancy / Childbirth / Miscarriage - Override D',737),('24D01','Pregnancy / Childbirth / Miscarriage - BREECH or CORD',738),('24D02','Pregnancy / Childbirth / Miscarriage - Head visible/out',739),('24D03','Pregnancy / Childbirth / Miscarriage - IMMINENT delivery (=> 5 months/20 weeks)',740),('24D04','Pregnancy / Childbirth / Miscarriage - 3rd TRIMESTER hemorrhage',741),('24D05','Pregnancy / Childbirth / Miscarriage - HIGH RISK complications',742),('24D06','Pregnancy / Childbirth / Miscarriage - Baby born (complications with baby)',743),('24D07','Pregnancy / Childbirth / Miscarriage - Baby born (complications with mother)',744),('24O01','Pregnancy / Childbirth / Miscarriage - Waters broken (no contractions or presenting parts)',745),('25A01','Psychiatric / Abnormal Behavior / Suicide Attempt - Non-suicidal and alert',746),('25A01B','Psychiatric / Abnormal Behavior / Suicide Attempt - Non-suicidal and alert Suffix B',747),('25A01V','Psychiatric / Abnormal Behavior / Suicide Attempt - Non-suicidal and alert Suffix V',748),('25A01W','Psychiatric / Abnormal Behavior / Suicide Attempt - Non-suicidal and alert Suffix W',749),('25A02','Psychiatric / Abnormal Behavior / Suicide Attempt - Suicidal (not threatening) and alert',750),('25A02B','Psychiatric / Abnormal Behavior / Suicide Attempt - Suicidal (not threatening) and alert Suffix B',751),('25A02V','Psychiatric / Abnormal Behavior / Suicide Attempt - Suicidal (not threatening) and alert Suffix V',752),('25A02W','Psychiatric / Abnormal Behavior / Suicide Attempt - Suicidal (not threatening) and alert Suffix W',753),('25B00','Psychiatric / Abnormal Behavior / Suicide Attempt - Override B',754),('25B00B','Psychiatric / Abnormal Behavior / Suicide Attempt - Override B Suffix B',755),('25B00V','Psychiatric / Abnormal Behavior / Suicide Attempt - Override B Suffix V',756),('25B00W','Psychiatric / Abnormal Behavior / Suicide Attempt - Override B Suffix W',757),('25B01','Psychiatric / Abnormal Behavior / Suicide Attempt - SERIOUS hemorrhage',758),('25B01B','Psychiatric / Abnormal Behavior / Suicide Attempt - SERIOUS hemorrhage Suffix B',759),('25B01V','Psychiatric / Abnormal Behavior / Suicide Attempt - SERIOUS hemorrhage Suffix V',760),('25B01W','Psychiatric / Abnormal Behavior / Suicide Attempt - SERIOUS hemorrhage Suffix W',761),('25B02','Psychiatric / Abnormal Behavior / Suicide Attempt - Non-SERIOUS or MINOR hemorrhage',762),('25B02B','Psychiatric / Abnormal Behavior / Suicide Attempt - Non-SERIOUS or MINOR hemorrhage Suffix B',763),('25B02V','Psychiatric / Abnormal Behavior / Suicide Attempt - Non-SERIOUS or MINOR hemorrhage Suffix V',764),('25B02W','Psychiatric / Abnormal Behavior / Suicide Attempt - Non-SERIOUS or MINOR hemorrhage Suffix W',765),('25B03','Psychiatric / Abnormal Behavior / Suicide Attempt - THREATENING SUICIDE',766),('25B03B','Psychiatric / Abnormal Behavior / Suicide Attempt - THREATENING SUICIDE Suffix B',767),('25B03V','Psychiatric / Abnormal Behavior / Suicide Attempt - THREATENING SUICIDE Suffix V',768),('25B03W','Psychiatric / Abnormal Behavior / Suicide Attempt - THREATENING SUICIDE Suffix W',769),('25B04','Psychiatric / Abnormal Behavior / Suicide Attempt - Jumper (threatening)',770),('25B04B','Psychiatric / Abnormal Behavior / Suicide Attempt - Jumper (threatening) Suffix B',771),('25B04V','Psychiatric / Abnormal Behavior / Suicide Attempt - Jumper (threatening) Suffix V',772),('25B04W','Psychiatric / Abnormal Behavior / Suicide Attempt - Jumper (threatening) Suffix W',773),('25B05','Psychiatric / Abnormal Behavior / Suicide Attempt - Near hanging, strangulation, or suffocation (alert)',774),('25B05B','Psychiatric / Abnormal Behavior / Suicide Attempt - Near hanging, strangulation, or suffocation (alert) Suffix B',775),('25B05V','Psychiatric / Abnormal Behavior / Suicide Attempt - Near hanging, strangulation, or suffocation (alert) Suffix V',776),('25B05W','Psychiatric / Abnormal Behavior / Suicide Attempt - Near hanging, strangulation, or suffocation (alert) Suffix W',777),('25B06','Psychiatric / Abnormal Behavior / Suicide Attempt - Unknown status/Other codes not applicable',778),('25B06B','Psychiatric / Abnormal Behavior / Suicide Attempt - Unknown status/Other codes not applicable Suffix B',779),('25B06V','Psychiatric / Abnormal Behavior / Suicide Attempt - Unknown status/Other codes not applicable Suffix V',780),('25B06W','Psychiatric / Abnormal Behavior / Suicide Attempt - Unknown status/Other codes not applicable Suffix W',781),('25C0','Sakit Perut - Pendarahan dan/atau Gangguan Sirkulasi',782),('25D00','Psychiatric / Abnormal Behavior / Suicide Attempt - Override D',783),('25D00B','Psychiatric / Abnormal Behavior / Suicide Attempt - Override D Suffix B',784),('25D00V','Psychiatric / Abnormal Behavior / Suicide Attempt - Override D Suffix V',785),('25D00W','Psychiatric / Abnormal Behavior / Suicide Attempt - Override D Suffix W',786),('25D01','Psychiatric / Abnormal Behavior / Suicide Attempt - Not alert',787),('25D01B','Psychiatric / Abnormal Behavior / Suicide Attempt - Not alert Suffix B',788),('25D01V','Psychiatric / Abnormal Behavior / Suicide Attempt - Not alert Suffix V',789),('25D01W','Psychiatric / Abnormal Behavior / Suicide Attempt - Not alert Suffix W',790),('25D02','Psychiatric / Abnormal Behavior / Suicide Attempt - DANGEROUS hemorrhage',791),('25D02B','Psychiatric / Abnormal Behavior / Suicide Attempt - DANGEROUS hemorrhage Suffix B',792),('25D02V','Psychiatric / Abnormal Behavior / Suicide Attempt - DANGEROUS hemorrhage Suffix V',793),('25D02W','Psychiatric / Abnormal Behavior / Suicide Attempt - DANGEROUS hemorrhage Suffix W',794),('26A00','Sick Person - Override A',795),('26A01','Sick Person - No priority symptoms (complaint conditions 2-11 not identified)',796),('26A02','Sick Person - Blood pressure abnormality (asymptomatic)',797),('26A03','Sick Person - Dizziness/vertigo',798),('26A04','Sick Person - Fever/chills',799),('26A05','Sick Person - General weakness',800),('26A06','Sick Person - Nausea',801),('26A07','Sick Person - New onset of immobility',802),('26A08','Sick Person - Other pain',803),('26A09','Sick Person - Transportation only',804),('26A10','Sick Person - Unwell/ill',805),('26A11','Sick Person - Vomiting',806),('26B00','Sick Person - Override B',807),('26B01','Sick Person - Unknown status/Other codes not applicable',808),('26C00','Sick Person - Override C',809),('26C01','Sick Person - ALTERED LEVEL OF CONSCIOUSNESS',810),('26C02','Sick Person - Abnormal breathing',811),('26C03','Sick Person - Sickle cell crisis/Thalassemia',812),('26D00','Sick Person - Override D',813),('26D01','Sick Person - Not alert',814),('26O01','Sick Person - This code is not in use',815),('26O02','Sick Person - Boils',816),('26O03','Sick Person - Bumps (non-traumatic)',817),('26O04','Sick Person - Can\'t sleep',818),('26O05','Sick Person - Can\'t urinate (without abdominal pain)',819),('26O06','Sick Person - Catheter (in/out without hemorrhaging)',820),('26O07','Sick Person - Constipation',821),('26O08','Sick Person - Cramps/spasms (in extremities and non-traumatic)',822),('26O09','Sick Person - Cut-off ring request',823),('26O10','Sick Person - Deafness',824),('26O11','Sick Person - Defecation/diarrhea',825),('26O12','Sick Person - Earache',826),('26O13','Sick Person - Enema',827),('26O14','Sick Person - Gout',828),('26O15','Sick Person - Hemorrhoids/piles',829),('26O16','Sick Person - Hepatitis',830),('26O17','Sick Person - Hiccups',831),('26O18','Sick Person - Itching',832),('26O19','Sick Person - Nervous',833),('26O20','Sick Person - Object stuck (nose, ear, vagina, rectum, penis)',834),('26O21','Sick Person - Object swallowed (without choking or difficulty breathing, can talk)',835),('26O22','Sick Person - Painful urination',836),('26O23','Sick Person - Penis problems/pain',837),('26O24','Sick Person - Rash/skin disorder (without difficulty breathing or swallowing)',838),('26O25','Sick Person - Sexually transmitted disease (STD)',839),('26O26','Sick Person - Sore throat (without difficulty breathing or swallowing)',840),('26O27','Sick Person - Toothache (without jaw pain)',841),('26O28','Sick Person - Wound infected (focal or surface)',842),('27A0','Serangan Jantung (Kolaps - Collapse) - Gangguan Saluran Pernafasan dan/ atau Tahap Kesedaran',843),('27A01','Stab / Gunshot / Penetrating Trauma - NON-RECENT (= 6hrs) PERIPHERAL wounds (without priority symptoms)',844),('27A01G','Stab / Gunshot / Penetrating Trauma - NON-RECENT (= 6hrs) PERIPHERAL wounds (without priority symptoms) Suffix G',845),('27A01P','Stab / Gunshot / Penetrating Trauma - NON-RECENT (= 6hrs) PERIPHERAL wounds (without priority symptoms) Suffix P',846),('27A01S','Stab / Gunshot / Penetrating Trauma - NON-RECENT (= 6hrs) PERIPHERAL wounds (without priority symptoms) Suffix S',847),('27A01X','Stab / Gunshot / Penetrating Trauma - NON-RECENT (= 6hrs) PERIPHERAL wounds (without priority symptoms) Suffix X',848),('27A01Y','Stab / Gunshot / Penetrating Trauma - NON-RECENT (= 6hrs) PERIPHERAL wounds (without priority symptoms) Suffix Y',849),('27B00','Stab / Gunshot / Penetrating Trauma - Override B',850),('27B00G','Stab / Gunshot / Penetrating Trauma - Override B Suffix G',851),('27B00P','Stab / Gunshot / Penetrating Trauma - Override B Suffix P',852),('27B00S','Stab / Gunshot / Penetrating Trauma - Override B Suffix S',853),('27B00X','Stab / Gunshot / Penetrating Trauma - Override B Suffix X',854),('27B00Y','Stab / Gunshot / Penetrating Trauma - Override B Suffix Y',855),('27B01','Stab / Gunshot / Penetrating Trauma - NON-RECENT (=> 6 hrs) single CENTRAL wound',856),('27B01G','Stab / Gunshot / Penetrating Trauma - NON-RECENT (=> 6 hrs) single CENTRAL wound Suffix G',857),('27B01P','Stab / Gunshot / Penetrating Trauma - NON-RECENT (=> 6 hrs) single CENTRAL wound Suffix P',858),('27B01S','Stab / Gunshot / Penetrating Trauma - NON-RECENT (=> 6 hrs) single CENTRAL wound Suffix S',859),('27B01X','Stab / Gunshot / Penetrating Trauma - NON-RECENT (=> 6 hrs) single CENTRAL wound Suffix X',860),('27B01Y','Stab / Gunshot / Penetrating Trauma - NON-RECENT (=> 6 hrs) single CENTRAL wound Suffix Y',861),('27B02','Stab / Gunshot / Penetrating Trauma - Known single PERIPHERAL wound',862),('27B02G','Stab / Gunshot / Penetrating Trauma - Known single PERIPHERAL wound Suffix G',863),('27B02P','Stab / Gunshot / Penetrating Trauma - Known single PERIPHERAL wound Suffix P',864),('27B02S','Stab / Gunshot / Penetrating Trauma - Known single PERIPHERAL wound Suffix S',865),('27B02X','Stab / Gunshot / Penetrating Trauma - Known single PERIPHERAL wound Suffix X',866),('27B02Y','Stab / Gunshot / Penetrating Trauma - Known single PERIPHERAL wound Suffix Y',867),('27B03','Stab / Gunshot / Penetrating Trauma - SERIOUS hemorrhage',868),('27B03G','Stab / Gunshot / Penetrating Trauma - SERIOUS hemorrhage Suffix G',869),('27B03P','Stab / Gunshot / Penetrating Trauma - SERIOUS hemorrhage Suffix P',870),('27B03S','Stab / Gunshot / Penetrating Trauma - SERIOUS hemorrhage Suffix S',871),('27B03X','Stab / Gunshot / Penetrating Trauma - SERIOUS hemorrhage Suffix X',872),('27B03Y','Stab / Gunshot / Penetrating Trauma - SERIOUS hemorrhage Suffix Y',873),('27B04','Stab / Gunshot / Penetrating Trauma - Unknown status/Other codes not applicable',874),('27B04G','Stab / Gunshot / Penetrating Trauma - Unknown status/Other codes not applicable Suffix G',875),('27B04P','Stab / Gunshot / Penetrating Trauma - Unknown status/Other codes not applicable Suffix P',876),('27B04S','Stab / Gunshot / Penetrating Trauma - Unknown status/Other codes not applicable Suffix S',877),('27B04X','Stab / Gunshot / Penetrating Trauma - Unknown status/Other codes not applicable Suffix X',878),('27B04Y','Stab / Gunshot / Penetrating Trauma - Unknown status/Other codes not applicable Suffix Y',879),('27B05','Stab / Gunshot / Penetrating Trauma - OBVIOUS DEATH (explosive GSW to head)',880),('27B05G','Stab / Gunshot / Penetrating Trauma - OBVIOUS DEATH (explosive GSW to head) Suffix G',881),('27B05P','Stab / Gunshot / Penetrating Trauma - OBVIOUS DEATH (explosive GSW to head) Suffix P',882),('27B05S','Stab / Gunshot / Penetrating Trauma - OBVIOUS DEATH (explosive GSW to head) Suffix S',883),('27B05X','Stab / Gunshot / Penetrating Trauma - OBVIOUS DEATH (explosive GSW to head) Suffix X',884),('27B05Y','Stab / Gunshot / Penetrating Trauma - OBVIOUS DEATH (explosive GSW to head) Suffix Y',885),('27D00','Stab / Gunshot / Penetrating Trauma - Override D',886),('27D00G','Stab / Gunshot / Penetrating Trauma - Override D Suffix G',887),('27D00P','Stab / Gunshot / Penetrating Trauma - Override D Suffix P',888),('27D00S','Stab / Gunshot / Penetrating Trauma - Override D Suffix S',889),('27D00X','Stab / Gunshot / Penetrating Trauma - Override D Suffix X',890),('27D00Y','Stab / Gunshot / Penetrating Trauma - Override D Suffix Y',891),('27D01','Stab / Gunshot / Penetrating Trauma - Unconscious or Arrest',892),('27D01G','Stab / Gunshot / Penetrating Trauma - Unconscious or Arrest Suffix G',893),('27D01P','Stab / Gunshot / Penetrating Trauma - Unconscious or Arrest Suffix P',894),('27D01S','Stab / Gunshot / Penetrating Trauma - Unconscious or Arrest Suffix S',895),('27D01X','Stab / Gunshot / Penetrating Trauma - Unconscious or Arrest Suffix X',896),('27D01Y','Stab / Gunshot / Penetrating Trauma - Unconscious or Arrest Suffix Y',897),('27D02','Stab / Gunshot / Penetrating Trauma - Not alert',898),('27D02G','Stab / Gunshot / Penetrating Trauma - Not alert Suffix G',899),('27D02P','Stab / Gunshot / Penetrating Trauma - Not alert Suffix P',900),('27D02S','Stab / Gunshot / Penetrating Trauma - Not alert Suffix S',901),('27D02X','Stab / Gunshot / Penetrating Trauma - Not alert Suffix X',902),('27D02Y','Stab / Gunshot / Penetrating Trauma - Not alert Suffix Y',903),('27D03','Stab / Gunshot / Penetrating Trauma - CENTRAL wounds',904),('27D03G','Stab / Gunshot / Penetrating Trauma - CENTRAL wounds Suffix G',905),('27D03P','Stab / Gunshot / Penetrating Trauma - CENTRAL wounds Suffix P',906),('27D03S','Stab / Gunshot / Penetrating Trauma - CENTRAL wounds Suffix S',907),('27D03X','Stab / Gunshot / Penetrating Trauma - CENTRAL wounds Suffix X',908),('27D03Y','Stab / Gunshot / Penetrating Trauma - CENTRAL wounds Suffix Y',909),('27D04','Stab / Gunshot / Penetrating Trauma - Multiple wounds',910),('27D04G','Stab / Gunshot / Penetrating Trauma - Multiple wounds Suffix G',911),('27D04P','Stab / Gunshot / Penetrating Trauma - Multiple wounds Suffix P',912),('27D04S','Stab / Gunshot / Penetrating Trauma - Multiple wounds Suffix S',913),('27D04X','Stab / Gunshot / Penetrating Trauma - Multiple wounds Suffix X',914),('27D04Y','Stab / Gunshot / Penetrating Trauma - Multiple wounds Suffix Y',915),('27D05','Stab / Gunshot / Penetrating Trauma - Multiple victims',916),('27D05G','Stab / Gunshot / Penetrating Trauma - Multiple victims Suffix G',917),('27D05P','Stab / Gunshot / Penetrating Trauma - Multiple victims Suffix P',918),('27D05S','Stab / Gunshot / Penetrating Trauma - Multiple victims Suffix S',919),('27D05X','Stab / Gunshot / Penetrating Trauma - Multiple victims Suffix X',920),('27D05Y','Stab / Gunshot / Penetrating Trauma - Multiple victims Suffix Y',921),('28A01','Stroke (CVA) - Breathing normally < 35',922),('28A01C','Stroke (CVA) - Breathing normally < 35 Suffix C',923),('28A01D','Stroke (CVA) - Breathing normally < 35 Suffix D',924),('28A01E','Stroke (CVA) - Breathing normally < 35 Suffix E',925),('28A01F','Stroke (CVA) - Breathing normally < 35 Suffix F',926),('28A01G','Stroke (CVA) - Breathing normally < 35 Suffix G',927),('28A01H','Stroke (CVA) - Breathing normally < 35 Suffix H',928),('28A01I','Stroke (CVA) - Breathing normally < 35 Suffix I',929),('28A01J','Stroke (CVA) - Breathing normally < 35 Suffix J',930),('28A01K','Stroke (CVA) - Breathing normally < 35 Suffix K',931),('28A01L','Stroke (CVA) - Breathing normally < 35 Suffix L',932),('28A01M','Stroke (CVA) - Breathing normally < 35 Suffix M',933),('28A01U','Stroke (CVA) - Breathing normally < 35 Suffix U',934),('28A01X','Stroke (CVA) - Breathing normally < 35 Suffix X',935),('28A01Y','Stroke (CVA) - Breathing normally < 35 Suffix Y',936),('28A01Z','Stroke (CVA) - Breathing normally < 35 Suffix Z',937),('28B00','Stroke (CVA) - Override B',938),('28B00C','Stroke (CVA) - Override B Suffix C',939),('28B00D','Stroke (CVA) - Override B Suffix D',940),('28B00E','Stroke (CVA) - Override B Suffix E',941),('28B00F','Stroke (CVA) - Override B Suffix F',942),('28B00G','Stroke (CVA) - Override B Suffix G',943),('28B00H','Stroke (CVA) - Override B Suffix H',944),('28B00I','Stroke (CVA) - Override B Suffix I',945),('28B00J','Stroke (CVA) - Override B Suffix J',946),('28B00K','Stroke (CVA) - Override B Suffix K',947),('28B00L','Stroke (CVA) - Override B Suffix L',948),('28B00M','Stroke (CVA) - Override B Suffix M',949),('28B00U','Stroke (CVA) - Override B Suffix U',950),('28B00X','Stroke (CVA) - Override B Suffix X',951),('28B00Y','Stroke (CVA) - Override B Suffix Y',952),('28B00Z','Stroke (CVA) - Override B Suffix Z',953),('28C00','Stroke (CVA) - Override C',954),('28C00C','Stroke (CVA) - Override C Suffix C',955),('28C00D','Stroke (CVA) - Override C Suffix D',956),('28C00E','Stroke (CVA) - Override C Suffix E',957),('28C00F','Stroke (CVA) - Override C Suffix F',958),('28C00G','Stroke (CVA) - Override C Suffix G',959),('28C00H','Stroke (CVA) - Override C Suffix H',960),('28C00I','Stroke (CVA) - Override C Suffix I',961),('28C00J','Stroke (CVA) - Override C Suffix J',962),('28C00K','Stroke (CVA) - Override C Suffix K',963),('28C00L','Stroke (CVA) - Override C Suffix L',964),('28C00M','Stroke (CVA) - Override C Suffix M',965),('28C00U','Stroke (CVA) - Override C Suffix U',966),('28C00X','Stroke (CVA) - Override C Suffix X',967),('28C00Y','Stroke (CVA) - Override C Suffix Y',968),('28C00Z','Stroke (CVA) - Override C Suffix Z',969),('28C01','Stroke (CVA) - Not alert',970),('28C01C','Stroke (CVA) - Not Alert Suffix C',971),('28C01D','Stroke (CVA) - Not Alert Suffix D',972),('28C01E','Stroke (CVA) - Not Alert Suffix E',973),('28C01F','Stroke (CVA) - Not Alert Suffix F',974),('28C01G','Stroke (CVA) - Not alert Suffix G',975),('28C01H','Stroke (CVA) - Not Alert Suffix H',976),('28C01I','Stroke (CVA) - Not Alert Suffix I',977),('28C01J','Stroke (CVA) - Not Alert Suffix J',978),('28C01K','Stroke (CVA) - Not Alert Suffix K',979),('28C01L','Stroke (CVA) - Not alert Suffix L',980),('28C01M','Stroke (CVA) - Not Alert Suffix M',981),('28C01U','Stroke (CVA) - Not alert Suffix U',982),('28C01X','Stroke (CVA) - Not Alert Suffix X',983),('28C01Y','Stroke (CVA) - Not Alert Suffix Y',984),('28C01Z','Stroke (CVA) - Not Alert Suffix Z',985),('28C02','Stroke (CVA) - Abnormal breathing',986),('28C02C','Stroke (CVA) - Abnormal breathing Suffix C',987),('28C02D','Stroke (CVA) - Abnormal breathing Suffix D',988),('28C02E','Stroke (CVA) - Abnormal breathing Suffix E',989),('28C02F','Stroke (CVA) - Abnormal breathing Suffix F',990),('28C02G','Stroke (CVA) - Abnormal breathing Suffix G',991),('28C02H','Stroke (CVA) - Abnormal breathing Suffix H',992),('28C02I','Stroke (CVA) - Abnormal breathing Suffix I',993),('28C02J','Stroke (CVA) - Abnormal breathing Suffix J',994),('28C02K','Stroke (CVA) - Abnormal breathing Suffix K',995),('28C02L','Stroke (CVA) - Abnormal breathing Suffix L',996),('28C02M','Stroke (CVA) - Abnormal breathing Suffix M',997),('28C02U','Stroke (CVA) - Abnormal breathing Suffix U',998),('28C02X','Stroke (CVA) - Abnormal breathing Suffix X',999),('28C02Y','Stroke (CVA) - Abnormal breathing Suffix Y',1000),('28C02Z','Stroke (CVA) - Abnormal breathing Suffix Z',1001),('28C03','Stroke (CVA) - Sudden Speech problems',1002),('28C03C','Stroke (CVA) - Sudden speech problems Suffix C',1003),('28C03D','Stroke (CVA) - Sudden speech problems Suffix D',1004),('28C03E','Stroke (CVA) - Sudden speech problems Suffix E',1005),('28C03F','Stroke (CVA) - Sudden speech problems Suffix F',1006),('28C03G','Stroke (CVA) - Sudden Speech problems Suffix G',1007),('28C03H','Stroke (CVA) - Sudden speech problems Suffix H',1008),('28C03I','Stroke (CVA) - Sudden speech problems Suffix I',1009),('28C03J','Stroke (CVA) - Sudden speech problems Suffix J',1010),('28C03K','Stroke (CVA) - Sudden speech problems Suffix K',1011),('28C03L','Stroke (CVA) - Sudden Speech problems Suffix L',1012),('28C03M','Stroke (CVA) - Sudden speech problems Suffix M',1013),('28C03U','Stroke (CVA) - Sudden Speech problems Suffix U',1014),('28C03X','Stroke (CVA) - Sudden speech problems Suffix X',1015),('28C03Y','Stroke (CVA) - Sudden speech problems Suffix Y',1016),('28C03Z','Stroke (CVA) - Sudden speech problems Suffix Z',1017),('28C04','Stroke (CVA) - Sudden weakness or numbness (one side)',1018),('28C04C','Stroke (CVA) - Sudden weakness or numbness (one side) Suffix C',1019),('28C04D','Stroke (CVA) - Sudden weakness or numbness (one side) Suffix D',1020),('28C04E','Stroke (CVA) - Sudden weakness or numbness (one side) Suffix E',1021),('28C04F','Stroke (CVA) - Sudden weakness or numbness (one side) Suffix F',1022),('28C04G','Stroke (CVA) - Sudden weakness or numbness (one side) Suffix G',1023),('28C04H','Stroke (CVA) - Sudden weakness or numbness (one side) Suffix H',1024),('28C04I','Stroke (CVA) - Sudden weakness or numbness (one side) Suffix I',1025),('28C04J','Stroke (CVA) - Sudden weakness or numbness (one side) Suffix J',1026),('28C04K','Stroke (CVA) - Sudden weakness or numbness (one side) Suffix K',1027),('28C04L','Stroke (CVA) - Sudden weakness or numbness (one side) Suffix L',1028),('28C04M','Stroke (CVA) - Sudden weakness or numbness (one side) Suffix M',1029),('28C04U','Stroke (CVA) - Sudden weakness or numbness (one side) Suffix U',1030),('28C04X','Stroke (CVA) - Sudden weakness or numbness (one side) Suffix X',1031),('28C04Y','Stroke (CVA) - Sudden weakness or numbness (one side) Suffix Y',1032),('28C04Z','Stroke (CVA) - Sudden weakness or numbness (one side) Suffix Z',1033),('28C05','Stroke (CVA) - Sudden paralysis or facial droop (one side)',1034),('28C05C','Stroke (CVA) - Sudden paralysis or facial droop (one side) Suffix C',1035),('28C05D','Stroke (CVA) - Sudden paralysis or facial droop (one side) Suffix D',1036),('28C05E','Stroke (CVA) - Sudden paralysis or facial droop (one side) Suffix E',1037),('28C05F','Stroke (CVA) - Sudden paralysis or facial droop (one side) Suffix F',1038),('28C05G','Stroke (CVA) - Sudden paralysis or facial droop (one side) Suffix G',1039),('28C05H','Stroke (CVA) - Sudden paralysis or facial droop (one side) Suffix H',1040),('28C05I','Stroke (CVA) - Sudden paralysis or facial droop (one side) Suffix I',1041),('28C05J','Stroke (CVA) - Sudden paralysis or facial droop (one side) Suffix J',1042),('28C05K','Stroke (CVA) - Sudden paralysis or facial droop (one side) Suffix K',1043),('28C05L','Stroke (CVA) - Sudden paralysis or facial droop (one side) Suffix L',1044),('28C05M','Stroke (CVA) - Sudden paralysis or facial droop (one side) Suffix M',1045),('28C05U','Stroke (CVA) - Sudden paralysis or facial droop (one side) Suffix U',1046),('28C05X','Stroke (CVA) - Sudden paralysis or facial droop (one side) Suffix X',1047),('28C05Y','Stroke (CVA) - Sudden paralysis or facial droop (one side) Suffix Y',1048),('28C05Z','Stroke (CVA) - Sudden paralysis or facial droop (one side) Suffix Z',1049),('28C06','Stroke (CVA) - Sudden loss of balance or coordination',1050),('28C06C','Stroke (CVA) - Sudden loss of balance or coordination Suffix C',1051),('28C06D','Stroke (CVA) - Sudden loss of balance or coordination Suffix D',1052),('28C06E','Stroke (CVA) - Sudden loss of balance or coordination Suffix E',1053),('28C06F','Stroke (CVA) - Sudden loss of balance or coordination Suffix F',1054),('28C06G','Stroke (CVA) - Sudden loss of balance or coordination Suffix G',1055),('28C06H','Stroke (CVA) - Sudden loss of balance or coordination Suffix H',1056),('28C06I','Stroke (CVA) - Sudden loss of balance or coordination Suffix I',1057),('28C06J','Stroke (CVA) - Sudden loss of balance or coordination Suffix J',1058),('28C06K','Stroke (CVA) - Sudden loss of balance or coordination Suffix K',1059),('28C06L','Stroke (CVA) - Sudden loss of balance or coordination Suffix L',1060),('28C06M','Stroke (CVA) - Sudden loss of balance or coordination Suffix M',1061),('28C06U','Stroke (CVA) - Sudden loss of balance or coordination Suffix U',1062),('28C06X','Stroke (CVA) - Sudden loss of balance or coordination Suffix X',1063),('28C06Y','Stroke (CVA) - Sudden loss of balance or coordination Suffix Y',1064),('28C06Z','Stroke (CVA) - Sudden loss of balance or coordination Suffix Z',1065),('28C07','Stroke (CVA) - Sudden Vision Problems',1066),('28C07C','Stroke (CVA) - Sudden vision problems Suffix C',1067),('28C07D','Stroke (CVA) - Sudden vision problems Suffix D',1068),('28C07E','Stroke (CVA) - Sudden vision problems Suffix E',1069),('28C07F','Stroke (CVA) - Sudden vision problems Suffix F',1070),('28C07G','Stroke (CVA) - Sudden Vision Problems Suffix G',1071),('28C07H','Stroke (CVA) - Sudden vision problems Suffix H',1072),('28C07I','Stroke (CVA) - Sudden vision problems Suffix I',1073),('28C07J','Stroke (CVA) - Sudden vision problems Suffix J',1074),('28C07K','Stroke (CVA) - Sudden vision problems Suffix K',1075),('28C07L','Stroke (CVA) - Sudden Vision Problems Suffix L',1076),('28C07M','Stroke (CVA) - Sudden vision problems Suffix M',1077),('28C07U','Stroke (CVA) - Sudden Vision Problems Suffix U',1078),('28C07X','Stroke (CVA) - Sudden vision problems Suffix X',1079),('28C07Y','Stroke (CVA) - Sudden vision problems Suffix Y',1080),('28C07Z','Stroke (CVA) - Sudden vision problems Suffix Z',1081),('28C08','Stroke (CVA) - Sudden onset of servere headache',1082),('28C08C','Stroke (CVA) - Sudden onset of servere headache Suffix C',1083),('28C08D','Stroke (CVA) - Sudden onset of servere headache Suffix D',1084),('28C08E','Stroke (CVA) - Sudden onset of servere headache Suffix E',1085),('28C08F','Stroke (CVA) - Sudden onset of servere headache Suffix F',1086),('28C08G','Stroke (CVA) - Sudden onset of servere headache Suffix G',1087),('28C08H','Stroke (CVA) - Sudden onset of servere headache Suffix H',1088),('28C08I','Stroke (CVA) - Sudden onset of servere headache Suffix I',1089),('28C08J','Stroke (CVA) - Sudden onset of servere headache Suffix J',1090),('28C08K','Stroke (CVA) - Sudden onset of servere headache Suffix K',1091),('28C08L','Stroke (CVA) - Sudden onset of servere headache Suffix L',1092),('28C08M','Stroke (CVA) - Sudden onset of servere headache Suffix M',1093),('28C08U','Stroke (CVA) - Sudden onset of servere headache Suffix U',1094),('28C08X','Stroke (CVA) - Sudden onset of servere headache Suffix X',1095),('28C08Y','Stroke (CVA) - Sudden onset of servere headache Suffix Y',1096),('28C08Z','Stroke (CVA) - Sudden onset of servere headache Suffix Z',1097),('28C09','Stroke (CVA) - STROKE History',1098),('28C09C','Stroke (CVA) - Stroke History Suffix C',1099),('28C09D','Stroke (CVA) - Stroke History Suffix D',1100),('28C09E','Stroke (CVA) - Stroke History Suffix E',1101),('28C09F','Stroke (CVA) - Stroke History Suffix F',1102),('28C09G','Stroke (CVA) - STROKE History Suffix G',1103),('28C09H','Stroke (CVA) - Stroke History Suffix H',1104),('28C09I','Stroke (CVA) - Stroke History Suffix I',1105),('28C09J','Stroke (CVA) - Stroke History Suffix J',1106),('28C09K','Stroke (CVA) - Stroke History Suffix K',1107),('28C09L','Stroke (CVA) - STROKE History Suffix L',1108),('28C09M','Stroke (CVA) - Stroke History Suffix M',1109),('28C09U','Stroke (CVA) - STROKE History Suffix U',1110),('28C09X','Stroke (CVA) - Stroke History Suffix X',1111),('28C09Y','Stroke (CVA) - Stroke History Suffix Y',1112),('28C09Z','Stroke (CVA) - Stroke History Suffix Z',1113),('28C10','Stroke (CVA) - TIA (mini-stroke) history',1114),('28C10C','Stroke (CVA) - TIA (mini-stroke) history Suffix C',1115),('28C10D','Stroke (CVA) - TIA (mini-stroke) history Suffix D',1116),('28C10E','Stroke (CVA) - TIA (mini-stroke) history Suffix E',1117),('28C10F','Stroke (CVA) - TIA (mini-stroke) history Suffix F',1118),('28C10G','Stroke (CVA) - TIA (mini-stroke) history Suffix G',1119),('28C10H','Stroke (CVA) - TIA (mini-stroke) history Suffix H',1120),('28C10I','Stroke (CVA) - TIA (mini-stroke) history Suffix I',1121),('28C10J','Stroke (CVA) - TIA (mini-stroke) history Suffix J',1122),('28C10K','Stroke (CVA) - TIA (mini-stroke) history Suffix K',1123),('28C10L','Stroke (CVA) - TIA (mini-stroke) history Suffix L',1124),('28C10M','Stroke (CVA) - TIA (mini-stroke) history Suffix M',1125),('28C10U','Stroke (CVA) - TIA (mini-stroke) history Suffix U',1126),('28C10X','Stroke (CVA) - TIA (mini-stroke) history Suffix X',1127),('28C10Y','Stroke (CVA) - TIA (mini-stroke) history Suffix Y',1128),('28C10Z','Stroke (CVA) - TIA (mini-stroke) history Suffix Z',1129),('28C11','Stroke (CVA) - Breathing normally => 35',1130),('28C11C','Stroke (CVA) - Breathing normally => 35 Suffix C',1131),('28C11D','Stroke (CVA) - Breathing normally => 35 Suffix D',1132),('28C11E','Stroke (CVA) - Breathing normally => 35 Suffix E',1133),('28C11F','Stroke (CVA) - Breathing normally => 35 Suffix F',1134),('28C11G','Stroke (CVA) - Breathing normally => 35 Suffix G',1135),('28C11H','Stroke (CVA) - Breathing normally => 35 Suffix H',1136),('28C11I','Stroke (CVA) - Breathing normally => 35 Suffix I',1137),('28C11J','Stroke (CVA) - Breathing normally => 35 Suffix J',1138),('28C11K','Stroke (CVA) - Breathing normally => 35 Suffix K',1139),('28C11L','Stroke (CVA) - Breathing normally => 35 Suffix L',1140),('28C11M','Stroke (CVA) - Breathing normally => 35 Suffix M',1141),('28C11U','Stroke (CVA) - Breathing normally => 35 Suffix U',1142),('28C11X','Stroke (CVA) - Breathing normally => 35 Suffix X',1143),('28C11Y','Stroke (CVA) - Breathing normally => 35 Suffix Y',1144),('28C11Z','Stroke (CVA) - Breathing normally => 35 Suffix Z',1145),('28C12','Stroke (CVA) - Unknown status/Other codes not applicable',1146),('28C12C','Stroke (CVA) - Unknown status/Other codes not applicable Suffix C',1147),('28C12D','Stroke (CVA) - Unknown status/Other codes not applicable Suffix D',1148),('28C12E','Stroke (CVA) - Unknown status/Other codes not applicable Suffix E',1149),('28C12F','Stroke (CVA) - Unknown status/Other codes not applicable Suffix F',1150),('28C12G','Stroke (CVA) - Unknown status/Other codes not applicable Suffix G',1151),('28C12H','Stroke (CVA) - Unknown status/Other codes not applicable Suffix H',1152),('28C12I','Stroke (CVA) - Unknown status/Other codes not applicable Suffix I',1153),('28C12J','Stroke (CVA) - Unknown status/Other codes not applicable Suffix J',1154),('28C12K','Stroke (CVA) - Unknown status/Other codes not applicable Suffix K',1155),('28C12L','Stroke (CVA) - Unknown status/Other codes not applicable Suffix L',1156),('28C12M','Stroke (CVA) - Unknown status/Other codes not applicable Suffix M',1157),('28C12U','Stroke (CVA) - Unknown status/Other codes not applicable Suffix U',1158),('28C12X','Stroke (CVA) - Unknown status/Other codes not applicable Suffix X',1159),('28C12Y','Stroke (CVA) - Unknown status/Other codes not applicable Suffix Y',1160),('28C12Z','Stroke (CVA) - Unknown status/Other codes not applicable Suffix Z',1161),('29A00','Traffic / Transportation Accidents - Override A',1162),('29A00A','Traffic / Transportation Accidents - Override A Suffix A ',1163),('29A00M','Traffic / Transportation Accidents - Override A Suffix M',1164),('29A00U','Traffic / Transportation Accidents - Override A Suffix U',1165),('29A00V','Traffic / Transportation Accidents - Override A Suffix V',1166),('29A00X','Traffic / Transportation Accidents - Override A Suffix X',1167),('29A00Y','Traffic / Transportation Accidents - Override A Suffix Y',1168),('29A01','Traffic / Transportation Accidents - 1st party caller with injury to NOT DANGEROUS body area',1169),('29A01A','Traffic / Transportation Accidents - 1st party caller with injury to NOT DANGEROUS body area Suffix A',1170),('29A01M','Traffic / Transportation Accidents - 1st party caller with injury to NOT DANGEROUS body area Suffix M',1171),('29A01U','Traffic / Transportation Accidents - 1st party caller with injury to NOT DANGEROUS body area Suffix U',1172),('29A01V','Traffic / Transportation Accidents - 1st party caller with injury to NOT DANGEROUS body area Suffix V',1173),('29A01X','Traffic / Transportation Accidents - 1st party caller with injury to NOT DANGEROUS body area Suffix X',1174),('29A01Y','Traffic / Transportation Accidents - 1st party caller with injury to NOT DANGEROUS body area Suffix Y',1175),('29B00','Traffic / Transportation Accidents - Override B',1176),('29B00A','Traffic / Transportation Accidents - Override B Suffix A',1177),('29B00M','Traffic / Transportation Accidents - Override B Suffix M',1178),('29B00U','Traffic / Transportation Accidents - Override B Suffix U',1179),('29B00V','Traffic / Transportation Accidents - Override B Suffix V',1180),('29B00X','Traffic / Transportation Accidents - Override B Suffix X',1181),('29B00Y','Traffic / Transportation Accidents - Override B Suffix Y',1182),('29B01','Traffic / Transportation Accidents - Injuries',1183),('29B01A','Traffic / Transportation Accidents - Injuries Suffix A',1184),('29B01M','Traffic / Transportation Accidents - Injuries Suffix M',1185),('29B01U','Traffic / Transportation Accidents - Injuries Suffix U',1186),('29B01V','Traffic / Transportation Accidents - Injuries Suffix V',1187),('29B01X','Traffic / Transportation Accidents - Injuries Suffix X',1188),('29B01Y','Traffic / Transportation Accidents - Injuries Suffix Y',1189),('29B02','Traffic / Transportation Accidents - SERIOUS hemorrhage',1190),('29B02A','Traffic / Transportation Accidents - SERIOUS hemorrhage Suffix a',1191),('29B02M','Traffic / Transportation Accidents - SERIOUS hemorrhage Suffix M',1192),('29B02U','Traffic / Transportation Accidents - SERIOUS hemorrhage Suffix U',1193),('29B02V','Traffic / Transportation Accidents - SERIOUS hemorrhage Suffix V',1194),('29B02X','Traffic / Transportation Accidents - SERIOUS hemorrhage Suffix X',1195),('29B02Y','Traffic / Transportation Accidents - SERIOUS hemorrhage Suffix Y',1196),('29B03','Traffic / Transportation Accidents - Other hazards',1197),('29B03A','Traffic / Transportation Accidents - Other hazards Suffix A',1198),('29B03M','Traffic / Transportation Accidents - Other hazards Suffix M',1199),('29B03U','Traffic / Transportation Accidents - Other hazards Suffix U',1200),('29B03V','Traffic / Transportation Accidents - Other hazards Suffix V',1201),('29B03X','Traffic / Transportation Accidents - Other hazards Suffix X',1202),('29B03Y','Traffic / Transportation Accidents - Other hazards Suffix Y',1203),('29B04','Traffic / Transportation Accidents - Unknown status/Other codes not applicable',1204),('29B04A','Traffic / Transportation Accidents - Unknown status/Other codes not applicable Suffix A',1205),('29B04M','Traffic / Transportation Accidents - Unknown status/Other codes not applicable Suffix M',1206),('29B04U','Traffic / Transportation Accidents - Unknown status/Other codes not applicable Suffix U',1207),('29B04V','Traffic / Transportation Accidents - Unknown status/Other codes not applicable Suffix V',1208),('29B04X','Traffic / Transportation Accidents - Unknown status/Other codes not applicable Suffix X',1209),('29B04Y','Traffic / Transportation Accidents - Unknown status/Other codes not applicable Suffix Y',1210),('29D00','Traffic / Transportation Accidents - Override D',1211),('29D00A','Traffic / Transportation Accidents - Override D Suffix A',1212),('29D00M','Traffic / Transportation Accidents - Override D Suffix M',1213),('29D00U','Traffic / Transportation Accidents - Override D Suffix U',1214),('29D00V','Traffic / Transportation Accidents - Override D Suffix V',1215),('29D00X','Traffic / Transportation Accidents - Override D Suffix X',1216),('29D00Y','Traffic / Transportation Accidents - Override D Suffix Y',1217),('29D01','Traffic / Transportation Accidents - MAJOR INCIDENT (a through f)',1218),('29D01a','Traffic / Transportation Accidents - MAJOR INCIDENT (a through f) Suffix a',1219),('29D01A','Traffic / Transportation Accidents - MAJOR INCIDENT (a through f) Suffix A',1220),('29D01b','Traffic / Transportation Accidents - MAJOR INCIDENT (a through f) Suffix b',1221),('29D01c','Traffic / Transportation Accidents - MAJOR INCIDENT (a through f) Suffix c',1222),('29D01d','Traffic / Transportation Accidents - MAJOR INCIDENT (a through f) Suffix d',1223),('29D01e','Traffic / Transportation Accidents - MAJOR INCIDENT (a through f) Suffix e',1224),('29D01f','Traffic / Transportation Accidents - MAJOR INCIDENT (a through f) Suffix f',1225),('29D01k','Traffic / Transportation Accidents - MAJOR INCIDENT (a through f) Suffix k',1226),('29D01l','Traffic / Transportation Accidents - MAJOR INCIDENT (a through f) Suffix l',1227),('29D01m','Traffic / Transportation Accidents - MAJOR INCIDENT (a through f) Suffix m',1228),('29D01M','Traffic / Transportation Accidents - MAJOR INCIDENT (a through f) Suffix M',1229),('29D01n','Traffic / Transportation Accidents - MAJOR INCIDENT (a through f) Suffix n',1230),('29D01o','Traffic / Transportation Accidents - MAJOR INCIDENT (a through f) Suffix o',1231),('29D01p','Traffic / Transportation Accidents - MAJOR INCIDENT (a through f) Suffix p',1232),('29D01q','Traffic / Transportation Accidents - MAJOR INCIDENT (a through f) Suffix q',1233),('29D01r','Traffic / Transportation Accidents - MAJOR INCIDENT (a through f) Suffix r',1234),('29D01s','Traffic / Transportation Accidents - MAJOR INCIDENT (a through f) Suffix s',1235),('29D01U','Traffic / Transportation Accidents - MAJOR INCIDENT (a through f) Suffix U',1236),('29D01V','Traffic / Transportation Accidents - MAJOR INCIDENT (a through f) Suffix V',1237),('29D01X','Traffic / Transportation Accidents - MAJOR INCIDENT (a through f) Suffix X',1238),('29D01Y','Traffic / Transportation Accidents - MAJOR INCIDENT (a through f) Suffix Y',1239),('29D02','Traffic / Transportation Accidents - HIGH MECHANISM (k through s)',1240),('29D02a','Traffic / Transportation Accidents - HIGH MECHANISM (k through s) Suffix a',1241),('29D02A','Traffic / Transportation Accidents - HIGH MECHANISM (k through s) Suffix A',1242),('29D02b','Traffic / Transportation Accidents - HIGH MECHANISM (k through s) Suffix b',1243),('29D02c','Traffic / Transportation Accidents - HIGH MECHANISM (k through s) Suffix c',1244),('29D02d','Traffic / Transportation Accidents - HIGH MECHANISM (k through s) Suffix d',1245),('29D02e','Traffic / Transportation Accidents - HIGH MECHANISM (k through s) Suffix e',1246),('29D02f','Traffic / Transportation Accidents - HIGH MECHANISM (k through s) Suffix f',1247),('29D02k','Traffic / Transportation Accidents - HIGH MECHANISM (k through s) Suffix k',1248),('29D02l','Traffic / Transportation Accidents - HIGH MECHANISM (k through s) Suffix l',1249),('29D02m','Traffic / Transportation Accidents - HIGH MECHANISM (k through s) Suffix m',1250),('29D02M','Traffic / Transportation Accidents - HIGH MECHANISM (k through s) Suffix M',1251),('29D02n','Traffic / Transportation Accidents - HIGH MECHANISM (k through s) Suffix n',1252),('29D02o','Traffic / Transportation Accidents - HIGH MECHANISM (k through s) Suffix o',1253),('29D02p','Traffic / Transportation Accidents - HIGH MECHANISM (k through s) Suffix p',1254),('29D02q','Traffic / Transportation Accidents - HIGH MECHANISM (k through s) Suffix q',1255),('29D02r','Traffic / Transportation Accidents - HIGH MECHANISM (k through s) Suffix r',1256),('29D02s','Traffic / Transportation Accidents - HIGH MECHANISM (k through s) Suffix s',1257),('29D02U','Traffic / Transportation Accidents - HIGH MECHANISM (k through s) Suffix U',1258),('29D02V','Traffic / Transportation Accidents - HIGH MECHANISM (k through s) Suffix V',1259),('29D02X','Traffic / Transportation Accidents - HIGH MECHANISM (k through s) Suffix X',1260),('29D02Y','Traffic / Transportation Accidents - HIGH MECHANISM (k through s) Suffix Y',1261),('29D03','Traffic / Transportation Accidents - HAZMAT',1262),('29D03A','Traffic / Transportation Accidents - HAZMAT Suffix A',1263),('29D03M','Traffic / Transportation Accidents - HAZMAT Suffix M',1264),('29D03U','Traffic / Transportation Accidents - HAZMAT Suffix U',1265),('29D03V','Traffic / Transportation Accidents - HAZMAT Suffix V',1266),('29D03X','Traffic / Transportation Accidents - HAZMAT Suffix X',1267),('29D03Y','Traffic / Transportation Accidents - HAZMAT Suffix Y',1268),('29D04','Traffic / Transportation Accidents - Pinned (trapped) victim',1269),('29D04A','Traffic / Transportation Accidents - Pinned (trapped) victim Suffix A',1270),('29D04M','Traffic / Transportation Accidents - Pinned (trapped) victim Suffix M',1271),('29D04U','Traffic / Transportation Accidents - Pinned (trapped) victim Suffix U',1272),('29D04V','Traffic / Transportation Accidents - Pinned (trapped) victim Suffix V',1273),('29D04X','Traffic / Transportation Accidents - Pinned (trapped) victim Suffix X',1274),('29D04Y','Traffic / Transportation Accidents - Pinned (trapped) victim Suffix Y',1275),('29D05','Traffic / Transportation Accidents - Not alert',1276),('29D05A','Traffic / Transportation Accidents - Not alert Suffix A',1277),('29D05M','Traffic / Transportation Accidents - Not alert Suffix M',1278),('29D05U','Traffic / Transportation Accidents - Not alert Suffix U',1279),('29D05V','Traffic / Transportation Accidents - Not alert Suffix V',1280),('29D05X','Traffic / Transportation Accidents - Not alert Suffix X',1281),('29D05Y','Traffic / Transportation Accidents - Not alert Suffix Y',1282),('29O01','Traffic / Transportation Accidents - No injuries (confirmed)',1283),('29O01A','Traffic / Transportation Accidents - No injuries (confirmed) Suffix A',1284),('29O01M','Traffic / Transportation Accidents - No injuries (confirmed) Suffix M',1285),('29O01U','Traffic / Transportation Accidents - No injuries (confirmed) Suffix U',1286),('29O01V','Traffic / Transportation Accidents - No injuries (confirmed) Suffix V',1287),('29O01X','Traffic / Transportation Accidents - No injuries (confirmed) Suffix X',1288),('29O01Y','Traffic / Transportation Accidents - No injuries (confirmed) Suffix Y',1289),('30A01','Traumatic Injuries - NOT DANGEROUS body area',1290),('30A02','Traumatic Injuries - NON-RECENT (= 6hrs) injuries (without priority symptoms)',1291),('30B00','Traumatic Injuries - Override B',1292),('30B01','Traumatic Injuries - POSSIBLY DANGEROUS body area',1293),('30B02','Traumatic Injuries - SERIOUS hemorrhage',1294),('30D00','Traumatic Injuries - Override D',1295),('30D01','Traumatic Injuries - Unconscious or Arrest',1296),('30D02','Traumatic Injuries - Not alert',1297),('30D03','Traumatic Injuries - Chest or Neck injury (with difficulty breathing)',1298),('31A01','Unconscious / Fainting - Fainting episode(s) and alert = 35 (without cardiac history)',1299),('31A02','Unconscious / Fainting - Fainting episode(s) and alert < 35 (with cardiac history)',1300),('31A03','Unconscious / Fainting - Fainting episode(s) and alert < 35 (without cardiac history)',1301),('31C00','Unconscious / Fainting - Override C',1302),('31C01','Unconscious / Fainting - Alert with abnormal breathing',1303),('31C02','Unconscious / Fainting - Fainting episode(s) and alert = 35 (with cardiac history)',1304),('31C03','Unconscious / Fainting - Females 12-50 with abdominal pain',1305),('31D00','Unconscious / Fainting - Override D',1306),('31D01','Unconscious / Fainting - Unconscious - AGONAL/INEFFECTIVE BREATHING',1307),('31D02','Unconscious / Fainting - Unconscious - Effective breathing',1308),('31D03','Unconscious / Fainting - Not alert',1309),('31D04','Unconscious / Fainting - CHANGING COLOR',1310),('31E00','Unconscious / Fainting - Override E',1311),('31E01','Unconscious / Fainting - INEFFECTIVE BREATHING',1312),('32B01','Unknown Problem - Standing, sitting, moving, or talking',1313),('32B02','Unknown Problem - Medical Alarm (Alert) notifications (no patient information)',1314),('32B03','Unknown Problem - Unknown status/Other codes not applicable',1315),('32B04','Unknown Problem - Caller\'s language not understood (no interpreter available)',1316),('32D00','Unknown Problem - Override',1317),('32D01','Unknown Problem - LIFE STATUS QUESTIONABLE',1318),('33A01','Transfer / Interfacility / Palliative Care - ACUITY I (no priority symptoms)',1319),('33A01P','Transfer / Interfacility / Palliative Care - ACUITY I (no priority symptoms) Suffix P',1320),('33A01T','Transfer / Interfacility / Palliative Care - ACUITY I (no priority symptoms) Suffix T',1321),('33A02','Transfer / Interfacility / Palliative Care - ACUITY II (no priority symptoms)',1322),('33A02P','Transfer / Interfacility / Palliative Care - ACUITY II (no priority symptoms) Suffix P',1323),('33A02T','Transfer / Interfacility / Palliative Care - ACUITY II (no priority symptoms) Suffix T',1324),('33A03','Transfer / Interfacility / Palliative Care - ACUITY III (no priority symptoms)',1325),('33A03P','Transfer / Interfacility / Palliative Care - ACUITY III (no priority symptoms) Suffix P',1326),('33A03T','Transfer / Interfacility / Palliative Care - ACUITY III (no priority symptoms) Suffix T',1327),('33C0','Tikaman/ Tembakan/ Tersusuk - Pendarahan dan/atau Gangguan Sirkulasi',1328),('33C00','Transfer / Interfacility / Palliative Care - Override C',1329),('33C00P','Transfer / Interfacility / Palliative Care - Override C Suffix P',1330),('33C00T','Transfer / Interfacility / Palliative Care - Override C Suffix T',1331),('33C01','Transfer / Interfacility / Palliative Care - Not alert (acute change)',1332),('33C01P','Transfer / Interfacility / Palliative Care - Not alert (acute change) Suffix P',1333),('33C01T','Transfer / Interfacility / Palliative Care - Not alert (acute change) Suffix T',1334),('33C02','Transfer / Interfacility / Palliative Care - Abnormal breathing (acute onset)',1335),('33C02P','Transfer / Interfacility / Palliative Care - Abnormal breathing (acute onset) Suffix P',1336),('33C02T','Transfer / Interfacility / Palliative Care - Abnormal breathing (acute onset) Suffix T',1337),('33C03','Transfer / Interfacility / Palliative Care - Significant hemorrhage or shock',1338),('33C03P','Transfer / Interfacility / Palliative Care - Significant hemorrhage or shock Suffix P',1339),('33C03T','Transfer / Interfacility / Palliative Care - Significant hemorrhage or shock Suffix T',1340),('33C04','Transfer / Interfacility / Palliative Care - Possible acute heart problems or MI (heart attack)',1341),('33C04P','Transfer / Interfacility / Palliative Care - Possible acute heart problems or MI (heart attack) Suffix P',1342),('33C04T','Transfer / Interfacility / Palliative Care - Possible acute heart problems or MI (heart attack) Suffix T',1343),('33C05','Transfer / Interfacility / Palliative Care - Acute severe pain',1344),('33C05P','Transfer / Interfacility / Palliative Care - Acute severe pain Suffix P',1345),('33C05T','Transfer / Interfacility / Palliative Care - Acute severe pain Suffix T',1346),('33C06','Transfer / Interfacility / Palliative Care - Emergency response requested',1347),('33C06P','Transfer / Interfacility / Palliative Care - Emergency response requested Suffix P',1348),('33C06T','Transfer / Interfacility / Palliative Care - Emergency response requested Suffix T',1349),('33D00','Transfer / Interfacility / Palliative Care - Override D',1350),('33D00P','Transfer / Interfacility / Palliative Care - Override D Suffix P',1351),('33D00T','Transfer / Interfacility / Palliative Care - Override D Suffix T',1352),('33D01','Transfer / Interfacility / Palliative Care - Suspected cardiac or respiratory arrest',1353),('33D01P','Transfer / Interfacility / Palliative Care - Suspected cardiac or respiratory arrest Suffix P',1354),('33D01T','Transfer / Interfacility / Palliative Care - Suspected cardiac or respiratory arrest Suffix T',1355),('33D02','Transfer / Interfacility / Palliative Care - Just resuscitated and/or defibrillated (external)',1356),('33D02P','Transfer / Interfacility / Palliative Care - Just resuscitated and/or defibrillated (external) Suffix P',1357),('33D02T','Transfer / Interfacility / Palliative Care - Just resuscitated and/or defibrillated (external) Suffix T',1358),('36A00','Pandemic Flu - Override A',1359),('36A00A','Pandemic Flu - Override A Suffix A',1360),('36A00B','Pandemic Flu - Override A Suffix B',1361),('36A00C','Pandemic Flu - Override A Suffix C',1362),('36A01','Pandemic Flu - Chest pain >= 35 with flu symptoms',1363),('36A01A','Pandemic Flu - Chest pain >= 35 with flu symptoms Suffix A',1364),('36A01B','Pandemic Flu - Chest pain >= 35 with flu symptoms Suffix B',1365),('36A01C','Pandemic Flu - Chest pain >= 35 with flu symptoms Suffix C',1366),('36B00','Pandemic Flu - Override B',1367),('36B00A','Pandemic Flu - Override B Suffix A',1368),('36B00B','Pandemic Flu - Override B Suffix B',1369),('36B00C','Pandemic Flu - Override B Suffix C',1370),('36B01','Pandemic Flu - DIFFICULTY SPEAKING BETWEEN BREATHS with flu symptoms',1371),('36B01A','Pandemic Flu - DIFFICULTY SPEAKING BETWEEN BREATHS with flu symptoms Suffix A',1372),('36B01B','Pandemic Flu - DIFFICULTY SPEAKING BETWEEN BREATHS with flu symptoms Suffix B',1373),('36B01C','Pandemic Flu - DIFFICULTY SPEAKING BETWEEN BREATHS with flu symptoms Suffix C',1374),('36B02','Pandemic Flu - CHANGING COLOR with flu symptoms',1375),('36B02A','Pandemic Flu - CHANGING COLOR with flu symptoms Suffix A',1376),('36B02B','Pandemic Flu - CHANGING COLOR with flu symptoms Suffix B',1377),('36B02C','Pandemic Flu - CHANGING COLOR with flu symptoms Suffix C',1378),('36D00','Pandemic Flu - Override D',1379),('36D00A','Pandemic Flu - Override D Suffix A',1380),('36D00B','Pandemic Flu - Override D Suffix B',1381),('36D00C','Pandemic Flu - Override D Suffix C',1382),('36D01','Pandemic Flu - INEFFECTIVE BREATHING with flu symptoms',1383),('36D01A','Pandemic Flu - INEFFECTIVE BREATHING with flu symptoms Suffix A',1384),('36D01B','Pandemic Flu - INEFFECTIVE BREATHING with flu symptoms Suffix B',1385),('36D01C','Pandemic Flu - INEFFECTIVE BREATHING with flu symptoms Suffix C',1386),('36O01','Pandemic Flu - Flu symptoms only (cough, fever, chills, sore throat, diarrhea, muscle aches, or headache)',1387),('36O01A','Pandemic Flu - Flu symptoms only (cough, fever, chills, sore throat, diarrhea, muscle aches, or headache) Suffix A',1388),('36O01B','Pandemic Flu - Flu symptoms only (cough, fever, chills, sore throat, diarrhea, muscle aches, or headache) Suffix B',1389),('36O01C','Pandemic Flu - Flu symptoms only (cough, fever, chills, sore throat, diarrhea, muscle aches, or headache) Suffix C',1390),('36O02','Pandemic Flu - Chest pain < 35 with flu symptoms',1391),('36O02A','Pandemic Flu - Chest pain < 35 with flu symptoms Suffix A',1392),('36O02B','Pandemic Flu - Chest pain < 35 with flu symptoms Suffix B',1393),('36O02C','Pandemic Flu - Chest pain < 35 with flu symptoms Suffix C',1394),('37A01','Interfacility Evaluation / Transfer - EVALUATION A',1395),('37A01A','Interfacility Evaluation / Transfer - EVALUATION A Suffix A',1396),('37A01B','Interfacility Evaluation / Transfer - EVALUATION A Suffix B',1397),('37A01S','Interfacility Evaluation / Transfer - EVALUATION A Suffix S',1398),('37A02','Interfacility Evaluation / Transfer - TRANSFER level I A',1399),('37A02A','Interfacility Evaluation / Transfer - TRANSFER level I A Suffix A',1400),('37A02B','Interfacility Evaluation / Transfer - TRANSFER level I A Suffix B',1401),('37A02S','Interfacility Evaluation / Transfer - TRANSFER level I A Suffix S',1402),('37A03','Interfacility Evaluation / Transfer - TRANSFER level II A',1403),('37A03A','Interfacility Evaluation / Transfer - TRANSFER level II A Suffix A',1404),('37A03B','Interfacility Evaluation / Transfer - TRANSFER level II A Suffix B',1405),('37A03S','Interfacility Evaluation / Transfer - TRANSFER level II A Suffix S',1406),('37A04','Interfacility Evaluation / Transfer - TRANSFER level III A',1407),('37A04A','Interfacility Evaluation / Transfer - TRANSFER level III A Suffix A',1408),('37A04B','Interfacility Evaluation / Transfer - TRANSFER level III A Suffix B',1409),('37A04S','Interfacility Evaluation / Transfer - TRANSFER level III A Suffix S',1410),('37B01','Interfacility Evaluation / Transfer - EVALUATION B',1411),('37B01A','Interfacility Evaluation / Transfer - EVALUATION B Suffix A',1412),('37B01B','Interfacility Evaluation / Transfer - EVALUATION B Suffix B',1413),('37B01S','Interfacility Evaluation / Transfer - EVALUATION B Suffix S',1414),('37B02','Interfacility Evaluation / Transfer - TRANSFER B',1415),('37B02A','Interfacility Evaluation / Transfer - TRANSFER B Suffix A',1416),('37B02B','Interfacility Evaluation / Transfer - TRANSFER B Suffix B',1417),('37B02S','Interfacility Evaluation / Transfer - TRANSFER B Suffix S',1418),('37C01','Interfacility Evaluation / Transfer - Acute onset of priority symptom(s)',1419),('37C01A','Interfacility Evaluation / Transfer - Acute onset of priority symptom(s) Suffix A',1420),('37C01B','Interfacility Evaluation / Transfer - Acute onset of priority symptom(s) Suffix B',1421),('37C01S','Interfacility Evaluation / Transfer - Acute onset of priority symptom(s) Suffix S',1422),('37C02','Interfacility Evaluation / Transfer - Suspected acute heart problems or MI (heart attack)',1423),('37C02A','Interfacility Evaluation / Transfer - Suspected acute heart problems or MI (heart attack) Suffix A',1424),('37C02B','Interfacility Evaluation / Transfer - Suspected acute heart problems or MI (heart attack) Suffix B',1425),('37C02S','Interfacility Evaluation / Transfer - Suspected acute heart problems or MI (heart attack) Suffix S',1426),('37C03','Interfacility Evaluation / Transfer - Suspected STROKE (i \"X\" hours)',1427),('37C03A','Interfacility Evaluation / Transfer - Suspected STROKE (i \"X\" hours) Suffix A',1428),('37C03B','Interfacility Evaluation / Transfer - Suspected STROKE (i \"X\" hours) Suffix B',1429),('37C03S','Interfacility Evaluation / Transfer - Suspected STROKE (i \"X\" hours) Suffix S',1430),('37C04','Interfacility Evaluation / Transfer - Medication management required',1431),('37C04A','Interfacility Evaluation / Transfer - Medication management required Suffix A',1432),('37C04B','Interfacility Evaluation / Transfer - Medication management required Suffix B',1433),('37C04S','Interfacility Evaluation / Transfer - Medication management required Suffix S',1434),('37C05','Interfacility Evaluation / Transfer - Emergency response requested',1435),('37C05A','Interfacility Evaluation / Transfer - Emergency response requested Suffix A',1436),('37C05B','Interfacility Evaluation / Transfer - Emergency response requested Suffix B',1437),('37C05S','Interfacility Evaluation / Transfer - Emergency response requested Suffix S',1438),('37C06','Interfacility Evaluation / Transfer - EVALUATION C',1439),('37C06A','Interfacility Evaluation / Transfer - EVALUATION C Suffix A',1440),('37C06B','Interfacility Evaluation / Transfer - EVALUATION C Suffix B',1441),('37C06S','Interfacility Evaluation / Transfer - EVALUATION C Suffix S',1442),('37C07','Interfacility Evaluation / Transfer - TRANSFER level I C',1443),('37C07A','Interfacility Evaluation / Transfer - TRANSFER level I C Suffix A',1444),('37C07B','Interfacility Evaluation / Transfer - TRANSFER level I C Suffix B',1445),('37C07S','Interfacility Evaluation / Transfer - TRANSFER level I C Suffix S',1446),('37C08','Interfacility Evaluation / Transfer - TRANSFER level II C',1447),('37C08A','Interfacility Evaluation / Transfer - TRANSFER level II C Suffix A',1448),('37C08B','Interfacility Evaluation / Transfer - TRANSFER level II C Suffix B',1449),('37C08S','Interfacility Evaluation / Transfer - TRANSFER level II C Suffix S',1450),('37C09','Interfacility Evaluation / Transfer - TRANSFER level III C',1451),('37C09A','Interfacility Evaluation / Transfer - TRANSFER level III C Suffix A',1452),('37C09B','Interfacility Evaluation / Transfer - TRANSFER level III C Suffix B',1453),('37C09S','Interfacility Evaluation / Transfer - TRANSFER level III C Suffix S',1454),('37D01','Interfacility Evaluation / Transfer - NOT BREATHING/INEFFECTIVE BREATHING',1455),('37D01A','Interfacility Evaluation / Transfer - NOT BREATHING/INEFFECTIVE BREATHING Suffix A',1456),('37D01B','Interfacility Evaluation / Transfer - NOT BREATHING/INEFFECTIVE BREATHING Suffix B',1457),('37D01S','Interfacility Evaluation / Transfer - NOT BREATHING/INEFFECTIVE BREATHING Suffix S',1458),('37D02','Interfacility Evaluation / Transfer - EVALUATION D',1459),('37D02A','Interfacility Evaluation / Transfer - EVALUATION D Suffix A',1460),('37D02B','Interfacility Evaluation / Transfer - EVALUATION D Suffix B',1461),('37D02S','Interfacility Evaluation / Transfer - EVALUATION D Suffix S',1462),('37D03','Interfacility Evaluation / Transfer - TRANSFER D',1463),('37D03A','Interfacility Evaluation / Transfer - TRANSFER D Suffix A',1464),('37D03B','Interfacility Evaluation / Transfer - TRANSFER D Suffix B',1465),('37D03S','Interfacility Evaluation / Transfer - TRANSFER D Suffix S',1466),('MRCMSH','KECEMASAN DI LAUT + HOSPITAL',1467),('RCACCV','KEMALANGAN+MANGSA',1468),('RCAMBL','AMBULAN',1469),('UJI','UJIAN',1470);
/*!40000 ALTER TABLE `eventcode` ENABLE KEYS */;
UNLOCK TABLES;

--
-- Table structure for table `eventtype`
--

DROP TABLE IF EXISTS `eventtype`;
/*!40101 SET @saved_cs_client     = @@character_set_client */;
/*!40101 SET character_set_client = utf8 */;
CREATE TABLE `eventtype` (
  `eventtype_code` varchar(50) NOT NULL,
  `eventtype_desc` varchar(50) NOT NULL,
  `eventtype_order` int(10) NOT NULL,
  PRIMARY KEY (`eventtype_code`)
) ENGINE=InnoDB DEFAULT CHARSET=utf8;
/*!40101 SET character_set_client = @saved_cs_client */;

--
-- Dumping data for table `eventtype`
--

LOCK TABLES `eventtype` WRITE;
/*!40000 ALTER TABLE `eventtype` DISABLE KEYS */;
INSERT INTO `eventtype` VALUES ('priority1','Priority 1',1),('priority2','Priority 2',2),('priority3','Priority 3',3),('priority4','Priority 4',4);
/*!40000 ALTER TABLE `eventtype` ENABLE KEYS */;
UNLOCK TABLES;

--
-- Table structure for table `filingtype`
--

DROP TABLE IF EXISTS `filingtype`;
/*!40101 SET @saved_cs_client     = @@character_set_client */;
/*!40101 SET character_set_client = utf8 */;
CREATE TABLE `filingtype` (
  `filingtype_code` varchar(50) NOT NULL,
  `filingtype_desc` varchar(50) NOT NULL,
  `filingtype_order` int(10) NOT NULL,
  PRIMARY KEY (`filingtype_code`)
) ENGINE=InnoDB DEFAULT CHARSET=utf8 ROW_FORMAT=COMPACT;
/*!40101 SET character_set_client = @saved_cs_client */;

--
-- Dumping data for table `filingtype`
--

LOCK TABLES `filingtype` WRITE;
/*!40000 ALTER TABLE `filingtype` DISABLE KEYS */;
INSERT INTO `filingtype` VALUES ('discharge','Treat and Discharge',4),('emergency','Transported to Hospital (Emergency)',1),('gmc_isn','Transported to GMC ISN',3),('gmc_kkkl','Transported to GMC KKKL ',2),('referral_emergency','Treat With Referral (Emergency)',5),('referral_non','Treat With Referral (Non-emergency)',6);
/*!40000 ALTER TABLE `filingtype` ENABLE KEYS */;
UNLOCK TABLES;

--
-- Table structure for table `locationtype`
--

DROP TABLE IF EXISTS `locationtype`;
/*!40101 SET @saved_cs_client     = @@character_set_client */;
/*!40101 SET character_set_client = utf8 */;
CREATE TABLE `locationtype` (
  `locationtype_code` varchar(50) NOT NULL,
  `locationtype_desc` varchar(50) NOT NULL,
  `locationtype_order` int(10) NOT NULL,
  PRIMARY KEY (`locationtype_code`)
) ENGINE=InnoDB DEFAULT CHARSET=utf8 ROW_FORMAT=COMPACT;
/*!40101 SET character_set_client = @saved_cs_client */;

--
-- Dumping data for table `locationtype`
--

LOCK TABLES `locationtype` WRITE;
/*!40000 ALTER TABLE `locationtype` DISABLE KEYS */;
INSERT INTO `locationtype` VALUES ('Hotel','Hotel',2),('Venue','Venue',1);
/*!40000 ALTER TABLE `locationtype` ENABLE KEYS */;
UNLOCK TABLES;

--
-- Table structure for table `mobile`
--

DROP TABLE IF EXISTS `mobile`;
/*!40101 SET @saved_cs_client     = @@character_set_client */;
/*!40101 SET character_set_client = utf8 */;
CREATE TABLE `mobile` (
  `mobile_resource_nric_or_reg` varchar(50) NOT NULL DEFAULT 'xxx',
  `mobile_phone` varchar(50) DEFAULT NULL,
  `mobile_token` varchar(250) DEFAULT NULL,
  PRIMARY KEY (`mobile_resource_nric_or_reg`)
) ENGINE=InnoDB DEFAULT CHARSET=utf8;
/*!40101 SET character_set_client = @saved_cs_client */;

--
-- Dumping data for table `mobile`
--

LOCK TABLES `mobile` WRITE;
/*!40000 ALTER TABLE `mobile` DISABLE KEYS */;
INSERT INTO `mobile` VALUES ('760406015555','013 3311074','eDRjMTZWvo0:APA91bFu_twJPFuvhHciuAlOzlXzjRaZqDWf16JChJ_JoIqMX8h-rTglWfweJQCK-GkB5GtS7kGOp5un4edCqjiibljYTRlMHd7qXKr-_uzFhgBkNnAKNYHUHASOCOvhYUz3OBo4z7u4'),('771003036419','012 3788602','dp5SSomUtus:APA91bH-tok2rbvuNj2lRzXkHUUwlV0xect_qzJ4wurGbkWNd15D5JqakMPKc9TiX73TGadnVX6FLr3ujhkz1SkAoZ3Evj4gm4IrtJPzEC62GuAvdequy0oLVO2H7snlNrfNqfEYU4ZE'),('791013055099','013 2208227','dWIGhGJLKNw:APA91bFSVKXkT3Qtn2Delcs0ktB7BCTrrev3C5IHiJHb-otNijyP2ejtRoMYs9NS1cAapTzd325AFSkwQ_1d8bBVXoOso-ljot4HHwmoSaJjqg9Y-3DzUo6eZK8zDsGOzJAC6iGgR5r_'),('800104145921','013 6912552','e2iNX3xXUno:APA91bFjN7kfAtlfd57sEO8slkvkUd81GekOz37-cqoj3z4u_AXPk_B523AwFpMe8uwd3K7Z-0fwjGZ4ptAh9Mw2sSHvaOmLK17qTM_3G7F34rKtODTrsAssuQudPJyhV_91OS26_Wv7'),('800416085593','019 6098175','cP8xy-22l74:APA91bESBohX3jFO82YCE9xbooKG5rIUjakNk-a287AmcjCAmitzRhmS7WmFN372XhazgjUyYoGptRlV_8g2IDT9m4QM9uVDCNaNJwqVLJRCpNqmiVkkSawbPxEtlav2VQRPViFkwJti'),('811227115099','017 4096240','c1am-oimJKM:APA91bGfI4MgAGSbJzX_WEHRv_5UrH9AZUV1EYhnPnfIPBDd1S0Lnb06bzho02FV-mbARnR1AJUxjkUsXslD36VEwb9nJB3zotZT1lANYMdB4rXZBJ7m8hwOApnSeSBs9WIGTHTWi0MD'),('820517145952','019 3363671','eRm27KjeFe8:APA91bHat_ikA855xtw4wj_WGTC_d358fw6aN6gBRM1u4UY5pHTMeouZ4Ord3wE6-s2ABJesKO3DPoyUWE9FpcZ6RGoPurhoETG8SlnrCA57qHK7PnJuNS-kP6mlDu51DyvdcIyc0E_c'),('820907115169','012 3443870','fsgMM6aZAaU:APA91bGudY4RP2WQmmV3qzmOxFbFe2XJZSvbgV6hau9f8YJ3eVRIyLtIwcAISGpggvr1MqrFXmDqvv4R3Ns1tiaIteo-NJGigjBLxjNKSbt1dOli6C-i9j2Ba3p3S8vOi0DDlWWifY_S'),('830503086049','013 2999484','dSp3gUnXqaY:APA91bHrYUUlUP4qXyoHw_Mp8rZwG_AboPzj7nBMrFplESixl184l8DlwOZvm01W0360jk4Zm2OC8fnpEYjFgXQClDrDkZgZiL3kurxXNg_46BuiHGlt-jzaIIw9dgbxB7nPT5aX_Oin'),('840409065459','019 9895459','dc13KNAMXsg:APA91bFl8c2S_WsmVYvw9wu13XephS-Om5z03A59U0y47H7Aq-F3EZqSW7GfoQoO4vI4WG2StBz4jdT8tm3ujcA631_-81apNuuPJxfxCDojiZ5lkvGdbss96otEWNxjFA9z2ss6LPmK'),('840509065459','019 9895459','dkcDdtG6lXU:APA91bHJbAAmCEE35uSoX2XMKzzfGCe5mfLHnYzPTYtqryAkijs6Q4VEP9eKTTUKbNETSr8HMoHCl5Y_KSFFJe_SQHWzl2cm7WzTRzJLJEyjOQGLw8Ki5-u5pHyuNhua4NYlMgFA5p7m'),('840624025401','019 4033563','c2j8nE5pCTg:APA91bGeiLX6-PrCmIIqdg4sURQsVWR0dnajcArjkik6U7-It-CGQKHb2VaxeYUFKj2Kp61LrRID4r8LkAN8oKUZjXqrW-89K9AYb1AaMyVD1gApsUwpaq7R-V2dbMbUPNmJZPk-rbUN'),('840712035677','017 9808636','cmPA0q0Ku0E:APA91bEIq-JGdnRoPXNMYb3AoueNegCe3iKCFHB6bhEs7QTXSlcZWGNqEcRS8kRiUQIUuYMq9EA4YJpxQapRhnezAS3c4yUGCyKoIS9uKsVyRadlO3vTDNUQcP-E8LaRwlYKmNZoZxNs'),('850420035906','','ePNPHfpXv4A:APA91bELyq2QobueYcB-wRwD4qntxzGbq5QNFuUhzz0CCDuetRnNzB3IznYDTSTU-QitOiGBsXZyx48ZPX9hpsxaxXuZGBpvDpY1XJpKBuab7kPZ5_lj5JjBt6rhzk1kRNVaXUNbjVrc'),('871205145347','011 26211808','cjRqkPmVvV4:APA91bHRfXxGtNS2G-b_6hgGciqJLuIDF7Z4WqwTIhX5_hVWf8RWBQ6tRJMgIgz8EZK5P7ARXGeCYPRwjWACFvVZ220sZFVui1u9decavmUJ-DO_1Sn7-TsD5Bp9AhESUNlJzkVkAjgy'),('880330085077','019 3950302','cDMeW-y19Sc:APA91bEY_AFnuKfUmpuWAp0Y66Z2xtD-9kjJYlbm07QGwavMXcQLb9KXKUSiO8iuuAuePvZBYBCVEQMCMCsLfxihYj6CZOt5F_VpU_OSRuCsk0Jb5uInaqEIljkKJsSfUFUSERBmU1N5'),('901107025231','013 3156420','d9MnDbuENy8:APA91bFsD6JTHACepoAxb94MczLF92XZhPMEfdZwIPSRSBzU85HWSVXkcUMxVjyDjI4bcL5TIH8P-pgUX6XTaoK6n40X1_YWJre0ikx3vV92e9UFWYDybmluPLelHIyyfLjWfhSZJpjv'),('910128035804','019 9207039','d95gAi6yv24:APA91bFNSN14K_hY7VmaFkktl32MHCT6FBNxoejs8I8cxlFYYq77mZEnJzXBSIeTvp7Hex2GsA13H3s9SkayzdIV0Dj9lEk7yFTukehGs-5Kviu2I9eJFRV2gnvnQyWLh1PHPTNrkUrR'),('910618026150','012 5040477','fsMyaRS4ibE:APA91bE4B39-OzUE3scJtwj-FjHMVr26wbFsBztRcNsIIzhUoH659kDn5QQMwhdYWyUGXs0Lg2KN11c5yhjeU5jHS61QSWr6zdSeKKTmATkTbDCs1kNW1OolL8_GF5B82fEQBOV1GjqE'),('910710115455','011 16456754','cyCPlz_cb_Q:APA91bEqhVeMz6dcnWyF70IDThY3WmD80phNjuaONHLtvvYkRR5gUX0-gqLBfdQZYBJP5LYgMggXn-riUlyngan5hCUwKLOqzWz8kw0r8lt0JthpHGtU1M5Q1wAuMqH74tMB9SXcClW8'),('920705026190','013 7151420','fxupuC-E454:APA91bEnWHU4iPJJtc48inmCCZ-ZU-dDctiTxVkJwLnJO3kHEOHj4uDHtueatpT9Fzz4A4FfTlaTFgrdnjitN9OkK9mgWvi3uWYLT6Lv0nne8Ga_j2PeNO6QAVEDdC-nsqubY3JtQaJh'),('920724035789','014 5078625','eyABPWa1NDw:APA91bH_HYHEb_heBGsfx1nm2Mf4DHKmYuNAZMy18sxWhJb70mRRbjytQYTfFzUQfQwgqfbIshBaWt8drgLO9FXf0NB4pLlP2olT5dDNEauKw4y_89egGbY7EEEaNd0zBozFuOppmoSX'),('930604115302','013 2864600','cTLbX8sbK3U:APA91bHztdrOtbPtcDUgtskEsfAU3ZwDDmCq6LcGCON8V_rmVQJ2C5_luZvZwlCOZTHtKDpsU0C-op7JNAypxo9GCtgKNt-b-IlPC6XPgzjdCnKrZoiuK_mcwXQRmstUlOFierJHqfGN'),('930924146028','011 21540559','cD4Xa2zxCRk:APA91bHb5FGIfK81ExQyXLQIsHKAaeHGt0p7UHwpqNMLLhrh2ZuMDG1Jr8p5k1l7VqcroM4fRZiwezxB-W9Lciu-v4RYZ5DQPowpgY2I1UHYB0AywDb371T5W5PP9ZAx9gw-cIPDkyst'),('941110035963','014 5354577','fa2H4uTn40Q:APA91bEbDQr7vHoADZLWE8VEB-b-N5Iad_9qBv6NUQVmNHnEyCR6OeLque91IrZODVFiSODQDGbKv76Z0PtK2p6mhPiiv0Nmb9XvoKdO8fWdf6mmqDu5qaYYf1E17uSc7djHTyZ1Dm5u'),('ALS1','012 2005289','cDLK7pddPNg:APA91bFSPz89K_PWQCTL-lUEk8YTpw0EStRJS6iHfPcxitjOvfV0GKnzqsfANJMityhZTfGYDeWyXg8jGc7BDyU_OUvUQ4FLBm9tCqSoqs8xbPRkSTWU58Qqu25WHJy7UWAkKJIcfglu'),('ALS2','012 4300987','fAWhTcLEtIs:APA91bGXcFPTINKaLUxDEdjKdoxvy7pNEKizlcvDXjAxqG7rB7z8R7qL3JuFOGITjr2Bh2jwCqzchA88WQey6N_j_HShTEuzGM9lZ_QTIqAeHEbZNv75AA9pXjaamkbW5pRPVJc_QQ-9'),('ALS3','013 4476529','d8T8Pgi0yv0:APA91bEG-IIt0pagg0PcqP19EJGx_ThsKViwWkfEmGS8bEDhs3fl5BF6ugcD7VWL1os20DMk-MgN-aRxlRiTsd3UirksGQisnQOSXPJ5St50bfX7qP7bpTZeAVX0rgCHYjk4ofSYsHj7'),('Als4','012 5312425','fv3-_TpGR7k:APA91bEP2S3bd5hmTgrNowRT_Xi8drVph1BQWbJiOHow--krebnhJoONb_5q9KXEPtQ_6X05pTTZepmj2OY1R-ejrE3O9ijAxxlk2CPXxAHEPGO3tOd52xl2unAb7Al_8saIVSNxuOSo'),('ALS5','012 9229875','cXrAw_1eMjs:APA91bFrGubYI5lBlq92VF1FqVJMaTaCSnrEaYGvGo6KT-IduSJmUHde9n8-f0QxW17Ea5acYjEv8q7oI34zkMncbSXohU8lHPXxSJWIfAcA7k9gXtLJwMlnwLIDEXUlYQ7N7wwEbJGT'),('ALS6','013 5229392','cQfQTQBGVVY:APA91bH4cpxyyPqEz4XaQtQo50nHzgcvdPlg52IsWw3QPOotAxOH8ppt0_w4tMxL_qJH8nEbA8bnNcLzm3TCK2_KWeYJDrRHbPhvl2SP7BsnhYVLSA9AVXHSQyj-UjeWdAtUonzQYgZm'),('ALS7','017 2582902','fd6a90hID58:APA91bHGdCWYbjnyfDVi32xEDvcgDmWZkyNoxMJPBqesjzYCSyTqfCzfq3ejstybCU5C73XiDqJRJdwZckOc3uNxyD9oBdX434O-vZSX5a8ZaJYvS6Yi07Px-im-RS0uzADGBQec1NxW'),('ALSHKL11','012 2005289','fajB85asJEY:APA91bGcklRzhB45f_wGfJzzeySd7S9IpGBq6t8a7XmPQBShYLWR4DOzrY5B-Bhm4w8-KvXyXNJTIKB6psWfxpipXkEbkXM208kwdfb4HZb4l_S8vL2YoBNT7Y335XBiDY0fCBMO_MHf'),('BLS2','013 3251984','cCrgC4V8ie8:APA91bHIuzNrIY2cpK7zk7ai0VSUG13PEdaBo7edBnElEdwIFNKqv2mi7mVWurSdGSW0NWQ5Xl88Cev2WKn4BLfgVN2OuaB5vxeM8JceqhTk1BYc1UxeP_ibYKwAlYo1RuCDixW9C3Wk'),('BLS5','012 3456789','dQ-e3Y0AFPo:APA91bHdT0ntLNocUudbw0R-UqEgxbppsqgeU2KOW4zHQjVmK8YVdtmkjrTNH2nchwnN4aZdkrBA59dJYvtelFnrsEqM7TgBNRyOdP8FhD__gtkmZW-UkH7d18lPamXVIuNerlWiN3N6'),('BLS8','019 6562438','eIYHTIm6ez8:APA91bGS0u0kbiBqiPK2MCaVVC9yyn1xcHXXdnCWPAIEQE9DXmHjSNunD-xSH0vOhfCd4oVwIcsQxQv5gjYaaDmq-1Sxted21ROtatql-rsW6Aal3ZR2Bk90Jl15XLsVBHCswSz3El17'),('SE2','019 4949214','eCHPdokDDrk:APA91bF7Ya62GDAE0uF1JPRU4SQ0SqupqXCCtsU4A0o0H9PdaSWGNCXyMUwNSxiZ8TBUF5y6bRWBQDFE6olfWMS_kscUK3k_nJGO8T5F-G2vUDjHtrte9TTZtrOaiZUMJ9iamgIpyD_L'),('SE3','011 10143132','c7PZZJ3cb7k:APA91bFlSR4cYNRi0vDDWtKKSX89fRQhtkTEPRZLT2SdEdB6Ai_ruIZlEcAI8n8ep9xImmgL7gVBDEUrd9LbUSNLbqOniTxw9nvmUOK3VnUQx0_RsjrRW0dIS7BEOUVsL2kuoc_eT6l5');
/*!40000 ALTER TABLE `mobile` ENABLE KEYS */;
UNLOCK TABLES;

--
-- Table structure for table `patienttype`
--

DROP TABLE IF EXISTS `patienttype`;
/*!40101 SET @saved_cs_client     = @@character_set_client */;
/*!40101 SET character_set_client = utf8 */;
CREATE TABLE `patienttype` (
  `patienttype_code` varchar(50) NOT NULL,
  `patienttype_desc` varchar(50) DEFAULT NULL,
  `patienttype_order` int(10) DEFAULT NULL,
  PRIMARY KEY (`patienttype_code`)
) ENGINE=InnoDB DEFAULT CHARSET=utf8;
/*!40101 SET character_set_client = @saved_cs_client */;

--
-- Dumping data for table `patienttype`
--

LOCK TABLES `patienttype` WRITE;
/*!40000 ALTER TABLE `patienttype` DISABLE KEYS */;
INSERT INTO `patienttype` VALUES ('athletes','Athletes',2),('spectators','Spectators',1),('staff','Technical Staff',3);
/*!40000 ALTER TABLE `patienttype` ENABLE KEYS */;
UNLOCK TABLES;

--
-- Table structure for table `photo`
--

DROP TABLE IF EXISTS `photo`;
/*!40101 SET @saved_cs_client     = @@character_set_client */;
/*!40101 SET character_set_client = utf8 */;
CREATE TABLE `photo` (
  `photo_id` int(10) NOT NULL AUTO_INCREMENT,
  `photo_responder_id` int(4) unsigned NOT NULL,
  `photo_url` varchar(200) NOT NULL,
  PRIMARY KEY (`photo_id`)
) ENGINE=InnoDB AUTO_INCREMENT=149 DEFAULT CHARSET=utf8;
/*!40101 SET character_set_client = @saved_cs_client */;

--
-- Dumping data for table `photo`
--

LOCK TABLES `photo` WRITE;
/*!40000 ALTER TABLE `photo` DISABLE KEYS */;
INSERT INTO `photo` VALUES (136,336,'api/photo/336_1502095308774.jpg'),(137,339,'api/photo/339_1502095894310.jpg'),(138,340,'api/photo/340_1502161691244.jpg'),(139,347,'api/photo/347_1502162283089.jpg'),(140,353,'api/photo/353_1502163731621.jpg'),(141,354,'api/photo/354_1502166218701.jpg'),(142,356,'api/photo/356_1502178304154.jpg'),(143,359,'api/photo/359_1502251398539.jpg'),(144,361,'api/photo/361_1502256429254.jpg'),(145,364,'api/photo/364_1502265068705.jpg'),(146,372,'api/photo/372_1502338665442.jpg'),(147,391,'api/photo/391_1502419689271.jpg'),(148,407,'api/photo/407_1502440957336.jpg');
/*!40000 ALTER TABLE `photo` ENABLE KEYS */;
UNLOCK TABLES;

--
-- Table structure for table `resource`
--

DROP TABLE IF EXISTS `resource`;
/*!40101 SET @saved_cs_client     = @@character_set_client */;
/*!40101 SET character_set_client = utf8 */;
CREATE TABLE `resource` (
  `resource_id` int(11) NOT NULL AUTO_INCREMENT,
  `resource_nric_or_reg` varchar(50) NOT NULL,
  `resource_resourcetype_code` varchar(10) DEFAULT NULL,
  `resource_name` varchar(50) DEFAULT NULL,
  `resource_phone` varchar(50) DEFAULT NULL,
  `resource_standby_location` varchar(50) DEFAULT NULL,
  `resource_venue_id` int(10) DEFAULT NULL,
  `resource_availability_from` datetime DEFAULT NULL,
  `resource_availability_to` datetime DEFAULT NULL,
  PRIMARY KEY (`resource_id`),
  UNIQUE KEY `UNIQUE` (`resource_nric_or_reg`,`resource_availability_from`,`resource_availability_to`)
) ENGINE=InnoDB AUTO_INCREMENT=1248 DEFAULT CHARSET=utf8;
/*!40101 SET character_set_client = @saved_cs_client */;

--
-- Dumping data for table `resource`
--

LOCK TABLES `resource` WRITE;
/*!40000 ALTER TABLE `resource` DISABLE KEYS */;
INSERT INTO `resource` VALUES (1136,'BLT4091','AMB','BLT4091',' ','',15,'2017-08-05 11:00:00','2017-12-31 11:00:00'),(1137,'BMG582','AMB','BMG582',' ','',15,'2017-08-05 11:00:00','2017-12-31 11:00:00'),(1138,'BMG3372','AMB','BMG3372',' ','',15,'2017-08-05 11:00:00','2017-12-31 11:00:00'),(1139,'BMG720','AMB','BMG720',' ','',15,'2017-08-05 11:00:00','2017-12-31 11:00:00'),(1140,'BNL7073','AMB','BNL7073',' ','',15,'2017-08-05 11:00:00','2017-12-31 11:00:00'),(1141,'BNL7099','AMB','BNL7099',' ','',15,'2017-08-05 11:00:00','2017-12-31 11:00:00'),(1142,'BNM5961','AMB','BNM5961',' ','',15,'2017-08-05 11:00:00','2017-12-31 11:00:00'),(1143,'W1427H','AMB','W1427H',' ','',15,'2017-08-05 11:00:00','2017-12-31 11:00:00'),(1144,'W742H','AMB','W742H',' ','',15,'2017-08-05 11:00:00','2017-12-31 11:00:00'),(1145,'W749H','AMB','W749H',' ','',15,'2017-08-05 11:00:00','2017-12-31 11:00:00'),(1146,'WB5068V','AMB','WB5068V',' ','',15,'2017-08-05 11:00:00','2017-12-31 11:00:00'),(1147,'WUW4144','AMB','WUW4144',' ','',15,'2017-08-05 11:00:00','2017-12-31 11:00:00'),(1161,'SE1','SE','SE 1','019 9876904','',2,'2017-05-01 08:00:01','2017-12-01 12:00:01'),(1162,'SE2','SE','SE 2','019 4949214','',2,'2017-05-01 08:00:02','2017-12-01 12:00:02'),(1163,'SE3','SE','SE 3','011 10143132','',11,'2017-05-01 08:00:03','2017-12-01 12:00:03'),(1164,'SE4','SE','SE 4','019 2105860','',5,'2017-05-01 08:00:04','2017-12-01 12:00:04'),(1165,'SE5','SE','SE 5','019 2105861','',25,'2017-05-01 08:00:05','2017-12-01 12:00:05'),(1166,'SE6','SE','SE 6','019 2105862','',25,'2017-05-01 08:00:06','2017-12-01 12:00:06'),(1167,'SE7','SE','SE 7','019 2105863','',12,'2017-05-01 08:00:07','2017-12-01 12:00:07'),(1168,'SE8','SE','SE 8','019 2105864','',12,'2017-05-01 08:00:08','2017-12-01 12:00:08'),(1169,'SE9','SE','SE 9','019 2105865','',12,'2017-05-01 08:00:09','2017-12-01 12:00:09'),(1170,'SE10','SE','SE 10','019 2105866','',12,'2017-05-01 08:00:10','2017-12-01 12:00:10'),(1171,'ALS1','ALS','ALS 1','012 2005289','',28,'2017-08-08 08:00:11','2017-08-12 16:00:11'),(1172,'ALS2','ALS','NIK KHAIRUL FIRDAUS','012 4300987','',8,'2017-08-10 08:00:12','2017-08-10 23:00:12'),(1173,'ALS3','ALS','ALS 3','013 4476529','',5,'2017-08-09 08:00:00','2017-08-23 23:00:00'),(1174,'ALS4','ALS','ALS 4','012 5312425','',66,'2017-08-09 08:00:00','2017-08-31 11:00:00'),(1175,'ALS5','ALS','RIDHUAN','012 9229875','',68,'2017-08-10 08:00:00','2017-08-10 23:00:00'),(1176,'ALS6','ALS','ALS 6','013 5229392','',25,'2017-08-11 08:00:00','2017-12-01 12:00:00'),(1177,'ALS7','ALS','ALS 7','019 2105873','',12,'2017-05-01 08:00:17','2017-12-01 12:00:17'),(1178,'ALS8','ALS','ALS 8','019 2105874','',12,'2017-05-01 08:00:18','2017-12-01 12:00:18'),(1179,'ALS9','ALS','ALS 9','019 2105875','',12,'2017-05-01 08:00:19','2017-12-01 12:00:19'),(1180,'ALS10','ALS','DR UMUL','011 10143132','',12,'2017-08-10 08:00:20','2017-08-10 23:00:20'),(1181,'BLS1','BLS','BLS 1','012 5312425','',2,'2017-08-09 08:00:00','2017-09-23 11:00:00'),(1182,'BLS2','BLS','BLS 2','013 3251984','',48,'2017-08-10 08:00:22','2017-08-10 23:00:22'),(1183,'BLS3','BLS','BLS 3','012 2105243','',5,'2017-05-01 08:00:23','2017-12-01 12:00:23'),(1184,'BLS4','BLS','BLS 4','019 6926626','',5,'2017-05-01 08:00:24','2017-12-01 12:00:24'),(1185,'BLS5','BLS','BLS 5','019 2105881','',25,'2017-05-01 08:00:25','2017-12-01 12:00:25'),(1186,'BLS6','BLS','BLS 6','019 8559932','',25,'2017-05-01 08:00:26','2017-12-01 12:00:26'),(1187,'BLS7','BLS','BLS 7','016 2321349','',12,'2017-05-01 08:00:27','2017-12-01 12:00:27'),(1188,'BLS8','BLS','BLS 8','019 6562438','',12,'2017-05-01 08:00:28','2017-12-01 12:00:28'),(1189,'BLS9','BLS','BLS 9','019 2105885','',12,'2017-05-01 08:00:29','2017-12-01 12:00:29'),(1190,'BLS10','BLS','BLS 10','019 2105886','',12,'2017-05-01 08:00:30','2017-12-01 12:00:30'),(1191,'ALS1','ALS','DR. HAIRUL','012 2005289','',28,'2017-08-10 08:00:11','2017-08-10 23:00:11'),(1192,'ALS1','ALS','ROZITA','012 2005289','',68,'2017-08-10 08:00:11','2017-08-10 23:55:11'),(1242,'drsarah','SE','DR SARAH','019 3346713','',11,'2017-08-08 08:00:00','2017-08-30 08:00:00'),(1244,'hafiz','SE','HAFIZULLAH','013 2999406','',2,'2017-08-01 12:00:00','2017-08-31 12:00:00'),(1245,'hafiz','SE','HAFIZULLAH','013 2999406','',71,'2017-08-02 12:00:00','2017-08-30 12:00:00'),(1246,'840624025401','ALS','WADI','019 4033563','',15,'2017-08-11 12:00:00','2017-12-31 12:00:00'),(1247,'840509065459','BLS','SHAMSUL FAIS','019 9895459','',3,'2017-12-14 10:00:00','2017-12-31 10:00:00');
/*!40000 ALTER TABLE `resource` ENABLE KEYS */;
UNLOCK TABLES;

--
-- Table structure for table `resourcetype`
--

DROP TABLE IF EXISTS `resourcetype`;
/*!40101 SET @saved_cs_client     = @@character_set_client */;
/*!40101 SET character_set_client = utf8 */;
CREATE TABLE `resourcetype` (
  `resourcetype_code` varchar(10) NOT NULL,
  `resourcetype_desc` varchar(50) NOT NULL,
  `resourcetype_order` int(10) NOT NULL,
  PRIMARY KEY (`resourcetype_code`)
) ENGINE=InnoDB DEFAULT CHARSET=utf8;
/*!40101 SET character_set_client = @saved_cs_client */;

--
-- Dumping data for table `resourcetype`
--

LOCK TABLES `resourcetype` WRITE;
/*!40000 ALTER TABLE `resourcetype` DISABLE KEYS */;
INSERT INTO `resourcetype` VALUES ('ALS','Advance Life Support',4),('AMB','Ambulance',2),('BLS','Basic Life Support',3),('SE','Special Event',1);
/*!40000 ALTER TABLE `resourcetype` ENABLE KEYS */;
UNLOCK TABLES;

--
-- Table structure for table `responder`
--

DROP TABLE IF EXISTS `responder`;
/*!40101 SET @saved_cs_client     = @@character_set_client */;
/*!40101 SET character_set_client = utf8 */;
CREATE TABLE `responder` (
  `responder_id` int(10) NOT NULL AUTO_INCREMENT,
  `responder_callcard_id` int(4) unsigned zerofill DEFAULT NULL,
  `responder_resource_nric_or_reg` varchar(50) DEFAULT NULL,
  `responder_statustype_code` varchar(50) DEFAULT NULL,
  PRIMARY KEY (`responder_id`),
  KEY `FK1_responder_callcard_id` (`responder_callcard_id`),
  KEY `FK2_responder_resource_nric_or_reg` (`responder_resource_nric_or_reg`),
  KEY `FK3_responder_statustype_code` (`responder_statustype_code`),
  CONSTRAINT `FK1_responder_callcard_id` FOREIGN KEY (`responder_callcard_id`) REFERENCES `callcard` (`callcard_id`) ON DELETE CASCADE,
  CONSTRAINT `FK2_responder_resource_nric_or_reg` FOREIGN KEY (`responder_resource_nric_or_reg`) REFERENCES `resource` (`resource_nric_or_reg`) ON DELETE CASCADE,
  CONSTRAINT `FK3_responder_statustype_code` FOREIGN KEY (`responder_statustype_code`) REFERENCES `statustype` (`statustype_code`) ON DELETE CASCADE
) ENGINE=InnoDB AUTO_INCREMENT=422 DEFAULT CHARSET=utf8;
/*!40101 SET character_set_client = @saved_cs_client */;

--
-- Dumping data for table `responder`
--

LOCK TABLES `responder` WRITE;
/*!40000 ALTER TABLE `responder` DISABLE KEYS */;
INSERT INTO `responder` VALUES (357,0352,'drsarah','completed'),(359,0355,'ALS1','completed'),(360,0357,'BLS1','completed'),(361,0358,'BLS2','completed'),(363,0359,'SE1','completed'),(364,0360,'ALS4','completed'),(365,0361,'ALS1','completed'),(366,0363,'ALS1','completed'),(367,0364,'BLS7','completed'),(368,0365,'ALS2','completed'),(369,0367,'ALS6','completed'),(372,0370,'hafiz','completed'),(375,0368,'BLS3','completed'),(376,0372,'ALS1','back'),(377,0373,'ALS7','completed'),(378,0374,'BLS3','completed'),(379,0375,'BLS3','completed'),(380,0376,'ALS7','completed'),(381,0377,'ALS2','completed'),(382,0378,'BLS1','completed'),(385,0380,'ALS7','completed'),(386,0381,'ALS5','completed'),(387,0383,'ALS6','completed'),(388,0384,'ALS7','completed'),(389,0385,'ALS4','completed'),(390,0386,'ALS3','completed'),(391,0387,'BLS1','completed'),(392,0388,'ALS4','completed'),(393,0389,'840624025401','completed'),(394,0390,'840624025401','completed'),(395,0391,'BMG720','completed'),(396,0391,'BMG3372','completed'),(397,0392,'840624025401','completed'),(398,0393,'840624025401','completed'),(399,0391,'BLT4091','completed'),(400,0391,'BMG582','completed'),(401,0391,'BNL7073','completed'),(402,0391,'BNL7099','completed'),(403,0391,'BNM5961','completed'),(405,0391,'W1427H','completed'),(406,0391,'W742H','completed'),(407,0395,'840624025401','completed'),(408,0379,'ALS6','new'),(409,0391,'840624025401','completed'),(410,0396,'BMG3372','dispatched'),(411,0396,'BLT4091','dispatched'),(412,0396,'BMG582','dispatched'),(413,0396,'BMG720','dispatched'),(414,0396,'BNL7073','dispatched'),(415,0396,'BNM5961','dispatched'),(416,0396,'WUW4144','dispatched'),(417,0396,'WB5068V','dispatched'),(418,0396,'W749H','dispatched'),(419,0396,'W742H','dispatched'),(420,0396,'W1427H','dispatched'),(421,0396,'BNL7099','dispatched');
/*!40000 ALTER TABLE `responder` ENABLE KEYS */;
UNLOCK TABLES;

--
-- Table structure for table `statuslog`
--

DROP TABLE IF EXISTS `statuslog`;
/*!40101 SET @saved_cs_client     = @@character_set_client */;
/*!40101 SET character_set_client = utf8 */;
CREATE TABLE `statuslog` (
  `statuslog_id` int(11) NOT NULL AUTO_INCREMENT,
  `statuslog_callcard_id` int(4) unsigned zerofill NOT NULL,
  `statuslog_time` datetime NOT NULL,
  `statuslog_desc` varchar(200) NOT NULL,
  PRIMARY KEY (`statuslog_id`),
  KEY `FK1_statuslog_callcard_id` (`statuslog_callcard_id`),
  CONSTRAINT `FK1_statuslog_callcard_id` FOREIGN KEY (`statuslog_callcard_id`) REFERENCES `callcard` (`callcard_id`) ON DELETE CASCADE
) ENGINE=InnoDB AUTO_INCREMENT=2168 DEFAULT CHARSET=utf8;
/*!40101 SET character_set_client = @saved_cs_client */;

--
-- Dumping data for table `statuslog`
--

LOCK TABLES `statuslog` WRITE;
/*!40000 ALTER TABLE `statuslog` DISABLE KEYS */;
INSERT INTO `statuslog` VALUES (1747,0352,'2017-08-09 08:39:48','Callcard created by ADMIN 1'),(1748,0352,'2017-08-09 08:39:55','DR SARAH has been dispatched by ADMIN 1'),(1749,0352,'2017-08-09 08:40:11','DR SARAH en route'),(1750,0353,'2017-08-09 09:06:38','Callcard created by ADMIN 1'),(1751,0352,'2017-08-09 09:19:02','BLQ2098 has been dispatched by ADMIN 1'),(1752,0352,'2017-08-09 10:10:52','BLQ2098 marked as completed by ADMIN 1'),(1753,0352,'2017-08-09 10:10:57','DR SARAH marked as completed by ADMIN 1'),(1754,0352,'2017-08-09 10:11:07','Callcard updated by ADMIN 1'),(1755,0354,'2017-08-09 11:50:55','Callcard created by GDU 2'),(1756,0354,'2017-08-09 11:51:49','Callcard updated by GDU 2'),(1757,0354,'2017-08-09 11:54:04','Callcard updated by GDU 2'),(1758,0355,'2017-08-09 12:01:10','Callcard created by GDU 2'),(1759,0355,'2017-08-09 12:01:19','ALS 1 has been dispatched by GDU 2'),(1760,0355,'2017-08-09 12:01:46','ALS 1 acknowledged'),(1761,0355,'2017-08-09 12:03:01','ALS 1 en route'),(1762,0355,'2017-08-09 12:03:25','ALS 1 at scene'),(1763,0355,'2017-08-09 12:04:30','ALS 1 transporting patient'),(1764,0355,'2017-08-09 12:05:04','ALS 1 arrive at hospital/gmc'),(1765,0355,'2017-08-09 12:05:58','ALS 1 on the way back'),(1766,0355,'2017-08-09 12:06:20','ALS 1 finished'),(1767,0355,'2017-08-09 12:07:04','ALS 1 marked as completed by GDU 2'),(1768,0355,'2017-08-09 12:07:24','Callcard updated by GDU 2'),(1769,0356,'2017-08-09 12:22:32','Callcard created by ADMIN'),(1770,0357,'2017-08-09 12:48:59','Callcard created by ADMIN'),(1771,0357,'2017-08-09 12:49:15','BLS 1 has been dispatched by ADMIN'),(1772,0357,'2017-08-09 12:49:28','BLS 1 acknowledged'),(1773,0357,'2017-08-09 12:51:12','BLS 1 en route'),(1774,0357,'2017-08-09 12:57:57','BLS 1 at patient'),(1775,0357,'2017-08-09 13:00:14','BLS 1 on the way back'),(1776,0357,'2017-08-09 13:00:23','BLS 1 finished'),(1777,0357,'2017-08-09 13:01:09','Callcard updated by ADMIN'),(1778,0358,'2017-08-09 13:08:42','Callcard created by ADMIN'),(1779,0358,'2017-08-09 13:08:58','BLS 2 has been dispatched by ADMIN'),(1780,0358,'2017-08-09 13:10:04','BLS 2 en route'),(1781,0358,'2017-08-09 13:10:07','BLS 2 acknowledged'),(1782,0358,'2017-08-09 13:10:14','BLS 2 en route'),(1783,0358,'2017-08-09 13:10:25','BLS 2 at scene'),(1784,0358,'2017-08-09 13:10:29','BLS 2 at patient'),(1785,0358,'2017-08-09 13:10:38','BLS 2 transporting patient'),(1786,0358,'2017-08-09 13:10:50','BLS 2 en route'),(1787,0358,'2017-08-09 13:12:12','BLS 2 transporting patient'),(1788,0358,'2017-08-09 13:24:26','BLS 2 finished'),(1789,0358,'2017-08-09 13:45:45','BLS 2 marked as completed by ADMIN'),(1790,0358,'2017-08-09 13:46:09','Callcard updated by ADMIN'),(1791,0354,'2017-08-09 14:29:41','Callcard updated by GDU 1'),(1792,0354,'2017-08-09 15:04:35','Callcard updated by ADMIN 1'),(1793,0359,'2017-08-09 15:21:09','Callcard created by GDU 1'),(1794,0359,'2017-08-09 15:21:46','BMH2991 has been dispatched by GDU 1'),(1795,0359,'2017-08-09 15:22:42','SE 1 has been dispatched by GDU 1'),(1796,0359,'2017-08-09 15:23:51','SE 1 acknowledged'),(1797,0359,'2017-08-09 15:25:25','SE 1 en route'),(1798,0359,'2017-08-09 15:26:30','SE 1 at patient'),(1799,0359,'2017-08-09 15:27:02','SE 1 transporting patient'),(1800,0359,'2017-08-09 15:37:37','SE 1 arrive at hospital/gmc'),(1801,0359,'2017-08-09 15:38:55','SE 1 finished'),(1802,0359,'2017-08-09 15:39:13','Callcard updated by GDU 1'),(1803,0360,'2017-08-09 15:44:01','Callcard created by GDU 2'),(1804,0360,'2017-08-09 15:47:29','ALS 4 has been dispatched by ADMIN'),(1805,0360,'2017-08-09 15:47:38','ALS 4 acknowledged'),(1806,0360,'2017-08-09 15:48:10','ALS 4 en route'),(1807,0360,'2017-08-09 15:49:38','ALS 4 en route'),(1808,0360,'2017-08-09 15:49:54','ALS 4 at scene'),(1809,0360,'2017-08-09 15:51:56','ALS 4 at patient'),(1810,0360,'2017-08-09 15:54:19','ALS 4 transporting patient'),(1811,0360,'2017-08-09 15:54:31','ALS 4 arrive at hospital/gmc'),(1812,0360,'2017-08-09 15:55:57','ALS 4 on the way back'),(1813,0360,'2017-08-09 15:56:03','ALS 4 finished'),(1814,0360,'2017-08-09 15:58:19','ALS 4 marked as completed by GDU 2'),(1815,0360,'2017-08-09 15:58:29','Callcard updated by GDU 2'),(1816,0361,'2017-08-09 16:08:44','Callcard created by GDU 2'),(1817,0361,'2017-08-09 16:14:33','ALS 1 has been dispatched by GDU 2'),(1818,0361,'2017-08-09 16:14:40','ALS 1 acknowledged'),(1819,0361,'2017-08-09 16:17:58','ALS 1 finished'),(1820,0361,'2017-08-09 16:18:05','ALS 1 marked as completed by GDU 2'),(1821,0362,'2017-08-09 16:22:48','Callcard created by GDU 2'),(1822,0362,'2017-08-09 16:29:31','Callcard updated by GDU 2'),(1823,0362,'2017-08-09 16:30:20','Callcard updated by GDU 2'),(1824,0363,'2017-08-10 10:01:18','Callcard created by GDU 2'),(1825,0363,'2017-08-10 10:01:35','ROZITA has been dispatched by GDU 2'),(1826,0363,'2017-08-10 10:03:32','ROZITA acknowledged'),(1827,0363,'2017-08-10 10:04:34','ROZITA en route'),(1828,0363,'2017-08-10 10:08:36','ROZITA at scene'),(1829,0363,'2017-08-10 10:10:37','ROZITA arrive at hospital/gmc'),(1830,0363,'2017-08-10 10:10:46','ROZITA on the way back'),(1831,0363,'2017-08-10 10:13:33','ROZITA finished'),(1832,0363,'2017-08-10 10:15:30','Callcard updated by GDU 2'),(1833,0364,'2017-08-10 10:20:20','Callcard created by GDU 2'),(1834,0364,'2017-08-10 10:20:38','BLS 7 has been dispatched by GDU 2'),(1835,0364,'2017-08-10 10:20:54','BLS 7 acknowledged'),(1836,0364,'2017-08-10 10:24:32','BLS 7 en route'),(1837,0364,'2017-08-10 10:25:19','BLS 7 at scene'),(1838,0364,'2017-08-10 10:26:22','BLS 7 at patient'),(1839,0364,'2017-08-10 10:29:19','BLS 7 transporting patient'),(1840,0364,'2017-08-10 10:29:31','BLS 7 arrive at hospital/gmc'),(1841,0364,'2017-08-10 10:35:10','BLS 7 on the way back'),(1842,0364,'2017-08-10 10:35:29','BLS 7 finished'),(1843,0364,'2017-08-10 10:35:43','BLS 7 marked as completed by GDU 2'),(1844,0364,'2017-08-10 10:37:12','Callcard updated by GDU 2'),(1845,0365,'2017-08-10 10:44:14','Callcard created by GDU 2'),(1846,0365,'2017-08-10 10:44:26','NIK KHAIRUL FIRDAUS has been dispatched by GDU 2'),(1847,0365,'2017-08-10 10:47:09','NIK KHAIRUL FIRDAUS has been dispatched by GDU 1'),(1848,0365,'2017-08-10 10:48:15','NIK KHAIRUL FIRDAUS acknowledged'),(1849,0365,'2017-08-10 10:48:16','NIK KHAIRUL FIRDAUS acknowledged'),(1850,0365,'2017-08-10 10:50:40','NIK KHAIRUL FIRDAUS en route'),(1851,0365,'2017-08-10 10:50:51','NIK KHAIRUL FIRDAUS at scene'),(1852,0365,'2017-08-10 10:53:06','NIK KHAIRUL FIRDAUS transporting patient'),(1853,0365,'2017-08-10 10:53:57','Callcard updated by GDU 2'),(1854,0353,'2017-08-10 10:58:16','Callcard updated by ADMIN'),(1855,0354,'2017-08-10 10:58:30','Callcard updated by ADMIN'),(1856,0356,'2017-08-10 10:59:03','Callcard updated by ADMIN'),(1857,0361,'2017-08-10 10:59:18','Callcard updated by ADMIN'),(1858,0362,'2017-08-10 10:59:29','Callcard updated by ADMIN'),(1859,0366,'2017-08-10 11:05:40','Callcard created by GDU 2'),(1860,0366,'2017-08-10 11:06:20','Callcard updated by GDU 2'),(1861,0366,'2017-08-10 11:07:04','Callcard updated by GDU 2'),(1862,0367,'2017-08-10 11:13:04','Callcard created by GDU 2'),(1863,0367,'2017-08-10 11:13:17','ALS 6 has been dispatched by GDU 2'),(1864,0367,'2017-08-10 11:13:47','ALS 6 acknowledged'),(1865,0367,'2017-08-10 11:19:20','ALS 6 en route'),(1866,0363,'2017-08-10 11:20:54','ROZITA marked as completed by ADMIN 2'),(1867,0363,'2017-08-10 11:22:30','Callcard updated by ADMIN'),(1868,0367,'2017-08-10 11:22:50','ALS 6 en route'),(1869,0367,'2017-08-10 11:22:54','ALS 6 at scene'),(1870,0367,'2017-08-10 11:27:28','ALS 6 transporting patient'),(1871,0357,'2017-08-10 11:30:03','BLS 1 marked as completed by ADMIN 2'),(1872,0359,'2017-08-10 11:30:08','SE 1 marked as completed by ADMIN 2'),(1873,0357,'2017-08-10 11:30:45','Callcard updated by ADMIN'),(1874,0359,'2017-08-10 11:31:17','Callcard updated by ADMIN'),(1875,0367,'2017-08-10 11:36:36','ALS 6 arrive at hospital/gmc'),(1876,0367,'2017-08-10 11:50:22','ALS 6 finished'),(1877,0367,'2017-08-10 11:50:34','ALS 6 marked as completed by ADMIN'),(1878,0367,'2017-08-10 11:51:01','Callcard updated by ADMIN'),(1879,0365,'2017-08-10 11:55:36','NIK KHAIRUL FIRDAUS arrive at hospital/gmc'),(1880,0365,'2017-08-10 11:56:24','NIK KHAIRUL FIRDAUS finished'),(1881,0365,'2017-08-10 11:56:52','NIK KHAIRUL FIRDAUS marked as completed by ADMIN 2'),(1882,0365,'2017-08-10 11:57:29','Callcard updated by ADMIN'),(1883,0368,'2017-08-10 12:09:01','Callcard created by GDU 2'),(1884,0369,'2017-08-10 12:09:21','Callcard created by ADMIN 10'),(1885,0370,'2017-08-10 12:11:21','Callcard created by ADMIN 10'),(1886,0370,'2017-08-10 12:11:28','HAFIZULLAH has been dispatched by ADMIN 10'),(1887,0368,'2017-08-10 12:11:55','BLS 3 has been dispatched by GDU 2'),(1888,0371,'2017-08-10 12:12:17','Callcard created by ADMIN 10'),(1889,0371,'2017-08-10 12:12:22','BMH2991 en route'),(1890,0368,'2017-08-10 12:13:35','BLS 3 acknowledged'),(1891,0368,'2017-08-10 12:14:31','BLS 4 has been dispatched by GDU 2'),(1892,0370,'2017-08-10 12:14:37','HAFIZULLAH acknowledged'),(1893,0368,'2017-08-10 12:14:40','BLS 4 acknowledged'),(1894,0368,'2017-08-10 12:14:55','Callcard updated by GDU 2'),(1895,0370,'2017-08-10 12:15:04','HAFIZULLAH en route'),(1896,0370,'2017-08-10 12:15:12','HAFIZULLAH on the way back'),(1897,0370,'2017-08-10 12:15:35','HAFIZULLAH en route'),(1898,0370,'2017-08-10 12:15:40','HAFIZULLAH at patient'),(1899,0368,'2017-08-10 12:15:50','Callcard updated by GDU 2'),(1900,0368,'2017-08-10 12:15:54','SE 4 has been dispatched by GDU 2'),(1901,0370,'2017-08-10 12:15:58','HAFIZULLAH transporting patient'),(1902,0371,'2017-08-10 12:17:28','BMH2991 at patient'),(1903,0368,'2017-08-10 12:17:35','BLS 3 en route'),(1904,0368,'2017-08-10 12:18:11','BLS 4 finished'),(1905,0368,'2017-08-10 12:18:15','SE 4 finished'),(1906,0368,'2017-08-10 12:18:19','BLS 4 marked as completed by GDU 2'),(1907,0368,'2017-08-10 12:18:22','SE 4 marked as completed by GDU 2'),(1908,0368,'2017-08-10 12:19:55','Callcard updated by GDU 2'),(1909,0368,'2017-08-10 12:20:23','BLS 3 status has been rolled back by GDU 2'),(1910,0368,'2017-08-10 12:20:23','BLS 3 has been pulled back by GDU 2'),(1911,0368,'2017-08-10 12:20:27','BLS 3 has been dispatched by GDU 2'),(1912,0368,'2017-08-10 12:21:23','BLS 3 status has been rolled back by GDU 2'),(1913,0368,'2017-08-10 12:21:23','BLS 3 has been pulled back by GDU 2'),(1914,0368,'2017-08-10 12:21:51','BLS 3 en route'),(1915,0368,'2017-08-10 12:21:55','BLS 3 at scene'),(1916,0368,'2017-08-10 12:23:15','BLS 3 at patient'),(1917,0368,'2017-08-10 12:23:23','BLS 3 status has been rolled back by ADMIN'),(1918,0368,'2017-08-10 12:23:23','BLS 3 at scene'),(1919,0368,'2017-08-10 12:25:14','BLS 3 transporting patient'),(1920,0368,'2017-08-10 12:25:40','BLS 3 arrive at hospital/gmc'),(1921,0368,'2017-08-10 12:26:04','BLS 3 finished'),(1922,0368,'2017-08-10 12:27:44','BLS 3 marked as completed by ADMIN'),(1923,0368,'2017-08-10 12:28:24','Callcard updated by GDU 2'),(1924,0368,'2017-08-10 12:28:38','Callcard updated by GDU 2'),(1925,0372,'2017-08-10 12:34:49','Callcard created by GDU 2'),(1926,0372,'2017-08-10 12:35:02','ROZITA has been dispatched by GDU 2'),(1927,0372,'2017-08-10 12:35:30','ROZITA acknowledged'),(1928,0372,'2017-08-10 12:35:54','ROZITA en route'),(1929,0372,'2017-08-10 12:35:59','ROZITA at scene'),(1930,0372,'2017-08-10 12:39:43','ROZITA at patient'),(1931,0372,'2017-08-10 12:39:51','ROZITA on the way back'),(1932,0372,'2017-08-10 12:40:53','Callcard updated by GDU 2'),(1933,0369,'2017-08-10 12:49:02','Callcard updated by GDU 2'),(1934,0373,'2017-08-10 12:55:51','Callcard created by GDU 2'),(1935,0373,'2017-08-10 12:55:58','ALS 7 has been dispatched by GDU 2'),(1936,0373,'2017-08-10 12:58:40','ALS 7 acknowledged'),(1937,0373,'2017-08-10 12:59:01','ALS 7 en route'),(1938,0373,'2017-08-10 12:59:05','ALS 7 at scene'),(1939,0373,'2017-08-10 12:59:07','ALS 7 at patient'),(1940,0373,'2017-08-10 12:59:11','ALS 7 transporting patient'),(1941,0373,'2017-08-10 13:08:35','ALS 7 finished'),(1942,0373,'2017-08-10 13:08:38','ALS 7 marked as completed by GDU 2'),(1943,0373,'2017-08-10 13:08:50','Callcard updated by GDU 2'),(1944,0374,'2017-08-10 13:19:31','Callcard created by ADMIN'),(1945,0374,'2017-08-10 13:19:44','BLS 3 has been dispatched by ADMIN'),(1946,0374,'2017-08-10 13:20:03','BLS 3 acknowledged'),(1947,0374,'2017-08-10 13:20:10','BLS 3 en route'),(1948,0374,'2017-08-10 13:20:18','BLS 3 at scene'),(1949,0374,'2017-08-10 13:20:23','BLS 3 at patient'),(1950,0374,'2017-08-10 13:20:36','BLS 3 arrive at hospital/gmc'),(1951,0374,'2017-08-10 13:20:41','BLS 3 finished'),(1952,0374,'2017-08-10 13:20:45','BLS 3 marked as completed by ADMIN'),(1953,0374,'2017-08-10 13:20:59','Callcard updated by ADMIN'),(1954,0370,'2017-08-10 13:32:08','HAFIZULLAH arrive at hospital/gmc'),(1955,0370,'2017-08-10 14:24:43','HAFIZULLAH on the way back'),(1956,0370,'2017-08-10 14:28:21','HAFIZULLAH status has been rolled back by ADMIN 10'),(1957,0370,'2017-08-10 14:28:21','HAFIZULLAH acknowledged'),(1958,0375,'2017-08-10 14:57:12','Callcard created by GDU 2'),(1959,0375,'2017-08-10 14:57:17','BLS 3 has been dispatched by GDU 2'),(1960,0375,'2017-08-10 14:57:26','BLS 3 acknowledged'),(1961,0375,'2017-08-10 14:58:01','BLS 3 en route'),(1962,0375,'2017-08-10 14:59:21','BLS 3 at scene'),(1963,0375,'2017-08-10 15:00:16','BLS 3 at patient'),(1964,0375,'2017-08-10 15:02:03','BLS 3 transporting patient'),(1965,0375,'2017-08-10 15:02:25','BLS 3 arrive at hospital/gmc'),(1966,0375,'2017-08-10 15:04:21','BLS 3 on the way back'),(1967,0375,'2017-08-10 15:04:32','BLS 3 finished'),(1968,0375,'2017-08-10 15:07:04','BLS 3 marked as completed by GDU 2'),(1969,0375,'2017-08-10 15:07:50','Callcard updated by GDU 2'),(1970,0376,'2017-08-10 15:20:37','Callcard created by GDU 2'),(1971,0376,'2017-08-10 15:20:41','ALS 7 has been dispatched by GDU 2'),(1972,0376,'2017-08-10 15:20:48','ALS 7 acknowledged'),(1973,0376,'2017-08-10 15:21:31','ALS 7 en route'),(1974,0376,'2017-08-10 15:21:35','ALS 7 at scene'),(1975,0376,'2017-08-10 15:22:58','ALS 7 transporting patient'),(1976,0376,'2017-08-10 15:23:16','ALS 7 arrive at hospital/gmc'),(1977,0376,'2017-08-10 15:23:43','ALS 7 on the way back'),(1978,0376,'2017-08-10 15:23:49','ALS 7 finished'),(1979,0376,'2017-08-10 15:25:49','ALS 7 marked as completed by GDU 2'),(1980,0376,'2017-08-10 15:25:59','Callcard updated by GDU 2'),(1981,0377,'2017-08-10 15:38:46','Callcard created by GDU 2'),(1982,0377,'2017-08-10 15:38:56','NIK KHAIRUL FIRDAUS has been dispatched by GDU 2'),(1983,0377,'2017-08-10 15:39:35','NIK KHAIRUL FIRDAUS acknowledged'),(1984,0377,'2017-08-10 15:39:39','NIK KHAIRUL FIRDAUS en route'),(1985,0377,'2017-08-10 15:41:24','NIK KHAIRUL FIRDAUS at scene'),(1986,0377,'2017-08-10 15:41:29','NIK KHAIRUL FIRDAUS at patient'),(1987,0377,'2017-08-10 15:41:37','NIK KHAIRUL FIRDAUS transporting patient'),(1988,0377,'2017-08-10 15:42:29','NIK KHAIRUL FIRDAUS arrive at hospital/gmc'),(1989,0377,'2017-08-10 15:42:35','NIK KHAIRUL FIRDAUS finished'),(1990,0377,'2017-08-10 15:43:11','NIK KHAIRUL FIRDAUS marked as completed by GDU 2'),(1991,0377,'2017-08-10 15:44:41','Callcard updated by GDU 2'),(1992,0378,'2017-08-10 15:54:01','Callcard created by GDU 2'),(1993,0378,'2017-08-10 15:54:09','BLS 1 has been dispatched by GDU 2'),(1994,0378,'2017-08-10 15:54:24','BLS 1 acknowledged'),(1995,0378,'2017-08-10 15:55:46','BLS 1 en route'),(1996,0378,'2017-08-10 15:55:59','BLS 1 at scene'),(1997,0378,'2017-08-10 16:06:17','BLS 1 on the way back'),(1998,0378,'2017-08-10 16:06:24','BLS 1 finished'),(1999,0378,'2017-08-10 16:07:08','BLS 1 marked as completed by GDU 2'),(2000,0378,'2017-08-10 16:07:15','Callcard updated by GDU 2'),(2001,0370,'2017-08-10 16:08:13','HAFIZULLAH finished'),(2002,0370,'2017-08-10 16:08:17','HAFIZULLAH marked as completed by ADMIN'),(2003,0370,'2017-08-10 16:08:38','Callcard updated by ADMIN'),(2004,0371,'2017-08-10 16:08:46','BMH2991 arrive at hospital/gmc'),(2005,0371,'2017-08-10 16:08:50','BMH2991 finished'),(2006,0371,'2017-08-10 16:08:54','BMH2991 marked as completed by ADMIN'),(2007,0371,'2017-08-10 16:09:03','Callcard updated by ADMIN'),(2008,0379,'2017-08-10 16:15:30','Callcard created by GDU 2'),(2009,0379,'2017-08-10 16:15:45','ALS 6 has been dispatched by GDU 2'),(2010,0379,'2017-08-10 16:18:22','ALS 6 status has been rolled back by GDU 2'),(2011,0379,'2017-08-10 16:18:22','ALS 6 has been pulled back by GDU 2'),(2012,0380,'2017-08-10 16:24:06','Callcard created by GDU 2'),(2013,0380,'2017-08-10 16:24:28','ALS 7 has been dispatched by GDU 2'),(2014,0380,'2017-08-10 16:24:32','ALS 7 acknowledged'),(2015,0380,'2017-08-10 16:33:38','ALS 7 status has been rolled back by ADMIN'),(2016,0380,'2017-08-10 16:33:38','ALS 7 has been pulled back by ADMIN'),(2017,0381,'2017-08-10 16:42:37','Callcard created by GDU 2'),(2018,0381,'2017-08-10 16:43:53','RIDHUAN has been dispatched by GDU 2'),(2019,0381,'2017-08-10 16:43:58','RIDHUAN acknowledged'),(2020,0381,'2017-08-11 08:41:29','RIDHUAN finished'),(2021,0381,'2017-08-11 08:41:33','RIDHUAN marked as completed by GDU 1'),(2022,0381,'2017-08-11 08:41:57','Callcard updated by GDU 1'),(2023,0380,'2017-08-11 09:05:23','ALS 7 marked as completed by GDU 1'),(2024,0380,'2017-08-11 09:05:32','Callcard updated by GDU 1'),(2025,0382,'2017-08-11 09:13:06','Callcard created by GDU 2'),(2026,0383,'2017-08-11 09:23:50','Callcard created by GDU 2'),(2027,0383,'2017-08-11 09:24:01','ALS 6 has been dispatched by GDU 2'),(2028,0383,'2017-08-11 09:24:14','ALS 6 acknowledged'),(2029,0383,'2017-08-11 09:27:48','ALS 6 at scene'),(2030,0383,'2017-08-11 09:27:53','ALS 6 at patient'),(2031,0383,'2017-08-11 09:28:37','ALS 6 transporting patient'),(2032,0383,'2017-08-11 09:28:41','ALS 6 arrive at hospital/gmc'),(2033,0383,'2017-08-11 09:28:46','ALS 6 finished'),(2034,0383,'2017-08-11 09:28:51','ALS 6 marked as completed by GDU 2'),(2035,0383,'2017-08-11 09:29:17','Callcard updated by GDU 2'),(2036,0384,'2017-08-11 10:07:22','Callcard created by GDU 2'),(2037,0384,'2017-08-11 10:07:28','ALS 7 has been dispatched by GDU 2'),(2038,0384,'2017-08-11 10:07:48','ALS 7 acknowledged'),(2039,0384,'2017-08-11 10:09:14','ALS 7 en route'),(2040,0384,'2017-08-11 10:09:16','ALS 7 at scene'),(2041,0384,'2017-08-11 10:10:50','ALS 7 arrive at hospital/gmc'),(2042,0384,'2017-08-11 10:12:06','ALS 7 on the way back'),(2043,0384,'2017-08-11 10:13:21','ALS 7 finished'),(2044,0384,'2017-08-11 10:13:24','ALS 7 marked as completed by GDU 2'),(2045,0384,'2017-08-11 10:14:10','Callcard updated by GDU 2'),(2046,0385,'2017-08-11 10:21:17','Callcard created by GDU 2'),(2047,0385,'2017-08-11 10:22:12','Callcard updated by GDU 2'),(2048,0385,'2017-08-11 10:22:15','ALS 4 has been dispatched by GDU 2'),(2049,0385,'2017-08-11 10:22:19','ALS 4 acknowledged'),(2050,0385,'2017-08-11 10:24:39','ALS 4 at scene'),(2051,0385,'2017-08-11 10:24:46','ALS 4 at patient'),(2052,0385,'2017-08-11 10:25:39','ALS 4 transporting patient'),(2053,0385,'2017-08-11 10:27:33','ALS 4 arrive at hospital/gmc'),(2054,0385,'2017-08-11 10:29:10','ALS 4 finished'),(2055,0385,'2017-08-11 10:29:16','ALS 4 marked as completed by GDU 2'),(2056,0385,'2017-08-11 10:29:24','Callcard updated by GDU 2'),(2057,0386,'2017-08-11 10:33:05','Callcard created by GDU 2'),(2058,0386,'2017-08-11 10:33:11','ALS 3 has been dispatched by GDU 2'),(2059,0386,'2017-08-11 10:37:31','ALS 3 acknowledged'),(2060,0386,'2017-08-11 10:37:34','ALS 3 at scene'),(2061,0386,'2017-08-11 10:37:40','ALS 3 marked as completed by GDU 2'),(2062,0386,'2017-08-11 10:37:53','Callcard updated by GDU 2'),(2063,0387,'2017-08-11 10:43:05','Callcard created by GDU 2'),(2064,0387,'2017-08-11 10:43:22','BLS 1 has been dispatched by GDU 2'),(2065,0387,'2017-08-11 10:45:13','BLS 1 at patient'),(2066,0387,'2017-08-11 10:49:29','BLS 1 marked as completed by GDU 2'),(2067,0387,'2017-08-11 10:49:53','Callcard updated by GDU 2'),(2068,0388,'2017-08-11 10:54:32','Callcard created by GDU 2'),(2069,0388,'2017-08-11 10:54:41','ALS 4 has been dispatched by GDU 2'),(2070,0388,'2017-08-11 10:54:50','ALS 4 acknowledged'),(2071,0388,'2017-08-11 10:57:21','ALS 4 en route'),(2072,0388,'2017-08-11 10:57:27','ALS 4 at scene'),(2073,0388,'2017-08-11 10:58:28','ALS 4 at patient'),(2074,0388,'2017-08-11 11:01:23','ALS 4 transporting patient'),(2075,0388,'2017-08-11 11:02:20','ALS 4 arrive at hospital/gmc'),(2076,0388,'2017-08-11 11:05:26','ALS 4 finished'),(2077,0388,'2017-08-11 11:08:29','ALS 4 marked as completed by GDU 2'),(2078,0388,'2017-08-11 11:08:44','Callcard updated by GDU 2'),(2079,0389,'2017-08-11 12:38:27','Callcard created by ADMIN 1'),(2080,0389,'2017-08-11 12:38:42','WADI has been dispatched by ADMIN 1'),(2081,0389,'2017-08-11 12:38:55','WADI acknowledged'),(2082,0389,'2017-08-11 12:41:55','WADI en route'),(2083,0389,'2017-08-11 12:50:48','WADI at scene'),(2084,0389,'2017-08-11 12:50:51','WADI at patient'),(2085,0389,'2017-08-11 12:50:55','WADI finished'),(2086,0390,'2017-08-11 13:18:02','Callcard created by GDU 5'),(2087,0389,'2017-08-11 13:19:04','WADI marked as completed by ADMIN 5'),(2088,0389,'2017-08-11 13:19:24','Callcard updated by ADMIN 5'),(2089,0390,'2017-08-11 13:19:45','WADI has been dispatched by ADMIN 5'),(2090,0390,'2017-08-11 13:27:26','WADI acknowledged'),(2091,0390,'2017-08-11 13:28:10','WADI en route'),(2092,0390,'2017-08-11 13:29:29','WADI at scene'),(2093,0390,'2017-08-11 14:55:26','WADI at patient'),(2094,0390,'2017-08-11 14:56:00','WADI transporting patient'),(2095,0390,'2017-08-11 14:56:05','WADI on the way back'),(2096,0390,'2017-08-11 14:56:08','WADI finished'),(2097,0391,'2017-08-11 15:00:33','Callcard created by ADMIN 1'),(2098,0391,'2017-08-11 15:00:47','BMG720 has been dispatched by ADMIN 1'),(2099,0391,'2017-08-11 15:03:28','BMG3372 has been dispatched by ADMIN 1'),(2100,0390,'2017-08-11 15:08:15','WADI marked as completed by ADMIN 1'),(2101,0390,'2017-08-11 15:09:20','Callcard updated by ADMIN 1'),(2102,0392,'2017-08-11 15:14:00','Callcard created by ADMIN 1'),(2103,0392,'2017-08-11 15:14:04','WADI has been dispatched by ADMIN 1'),(2104,0392,'2017-08-11 15:14:37','WADI acknowledged'),(2105,0392,'2017-08-11 15:14:39','WADI en route'),(2106,0392,'2017-08-11 15:14:41','WADI at scene'),(2107,0392,'2017-08-11 15:14:57','WADI at patient'),(2108,0392,'2017-08-11 15:15:00','WADI transporting patient'),(2109,0392,'2017-08-11 15:15:03','WADI arrive at hospital/gmc'),(2110,0392,'2017-08-11 15:15:11','WADI on the way back'),(2111,0392,'2017-08-11 15:15:13','WADI finished'),(2112,0392,'2017-08-11 15:15:20','WADI marked as completed by ADMIN 1'),(2113,0392,'2017-08-11 15:16:14','Callcard updated by ADMIN 1'),(2114,0393,'2017-08-11 15:22:33','Callcard created by ADMIN 1'),(2115,0393,'2017-08-11 15:22:47','WADI has been dispatched by ADMIN 1'),(2116,0391,'2017-08-11 15:23:18','BLT4091 has been dispatched by ADMIN 1'),(2117,0391,'2017-08-11 15:23:21','BMG582 has been dispatched by ADMIN 1'),(2118,0391,'2017-08-11 15:23:23','BNL7073 has been dispatched by ADMIN 1'),(2119,0391,'2017-08-11 15:23:26','BNL7099 has been dispatched by ADMIN 1'),(2120,0391,'2017-08-11 15:23:31','BNM5961 has been dispatched by ADMIN 1'),(2121,0391,'2017-08-11 15:23:34','BNN6796 has been dispatched by ADMIN 1'),(2122,0393,'2017-08-11 15:36:04','WADI acknowledged'),(2123,0393,'2017-08-11 15:36:06','WADI en route'),(2124,0393,'2017-08-11 15:50:04','WADI marked as completed by GDU 1'),(2125,0393,'2017-08-11 15:50:21','Callcard updated by GDU 1'),(2126,0391,'2017-08-11 15:56:23','W1427H has been dispatched by GDU 1'),(2127,0391,'2017-08-11 15:58:55','W742H has been dispatched by GDU 1'),(2128,0391,'2017-08-11 16:02:59','BNN6796 marked as completed by GDU 1'),(2129,0391,'2017-08-11 16:03:06','BLT4091 marked as completed by GDU 1'),(2130,0391,'2017-08-11 16:03:12','BMG3372 marked as completed by GDU 1'),(2131,0391,'2017-08-11 16:03:17','BMG582 marked as completed by GDU 1'),(2132,0391,'2017-08-11 16:03:21','BMG720 marked as completed by GDU 1'),(2133,0391,'2017-08-11 16:03:24','BNL7073 marked as completed by GDU 1'),(2134,0391,'2017-08-11 16:03:28','BNL7099 marked as completed by GDU 1'),(2135,0391,'2017-08-11 16:03:32','BNM5961 marked as completed by GDU 1'),(2136,0394,'2017-08-11 16:38:44','Callcard created by GDU 2'),(2137,0395,'2017-08-11 16:40:20','Callcard created by GDU 2'),(2138,0395,'2017-08-11 16:40:46','WADI has been dispatched by GDU 2'),(2139,0395,'2017-08-11 16:41:11','WADI acknowledged'),(2140,0395,'2017-08-11 16:42:47','WADI en route'),(2141,0395,'2017-08-11 16:43:05','WADI finished'),(2142,0395,'2017-08-11 16:43:43','WADI marked as completed by GDU 2'),(2143,0395,'2017-08-11 16:44:24','Callcard updated by GDU 2'),(2144,0391,'2017-08-11 16:54:02','WADI has been dispatched by ADMIN'),(2145,0391,'2017-08-11 16:54:11','WADI acknowledged'),(2146,0391,'2017-08-11 17:14:04','WADI finished'),(2147,0391,'2017-08-11 18:11:17','W1427H marked as completed by GDU 1'),(2148,0391,'2017-08-11 18:11:21','W742H marked as completed by GDU 1'),(2149,0391,'2017-08-11 18:11:24','WADI marked as completed by GDU 1'),(2150,0391,'2017-08-11 18:11:31','Callcard updated by GDU 1'),(2151,0396,'2017-08-11 18:12:22','Callcard created by GDU 1'),(2152,0396,'2017-08-11 18:13:03','W749H has been dispatched by GDU 1'),(2153,0396,'2017-08-11 18:13:05','W742H has been dispatched by GDU 1'),(2154,0396,'2017-08-11 18:13:07','BLT4091 has been dispatched by GDU 1'),(2155,0396,'2017-08-11 18:13:09','BMG3372 has been dispatched by GDU 1'),(2156,0396,'2017-08-11 18:13:10','BMG582 has been dispatched by GDU 1'),(2157,0396,'2017-08-11 18:13:12','BMG720 has been dispatched by GDU 1'),(2158,0396,'2017-08-11 18:13:14','BNL7073 has been dispatched by GDU 1'),(2159,0396,'2017-08-11 18:13:16','BNL7099 has been dispatched by GDU 1'),(2160,0396,'2017-08-11 18:13:17','BNM5961 has been dispatched by GDU 1'),(2161,0396,'2017-08-11 18:13:19','W1427H has been dispatched by GDU 1'),(2162,0396,'2017-08-11 18:13:22','WB5068V has been dispatched by GDU 1'),(2163,0396,'2017-08-11 18:13:24','WUW4144 has been dispatched by GDU 1'),(2164,0397,'2017-12-14 02:35:31','Callcard created by ADMIN'),(2165,0398,'2017-12-14 02:38:04','Callcard created by ADMIN'),(2166,0399,'2017-12-14 02:41:48','Callcard created by ADMIN'),(2167,0400,'2017-12-14 03:12:05','Callcard created by ADMIN');
/*!40000 ALTER TABLE `statuslog` ENABLE KEYS */;
UNLOCK TABLES;

--
-- Table structure for table `statustype`
--

DROP TABLE IF EXISTS `statustype`;
/*!40101 SET @saved_cs_client     = @@character_set_client */;
/*!40101 SET character_set_client = utf8 */;
CREATE TABLE `statustype` (
  `statustype_code` varchar(50) NOT NULL,
  `statustype_desc` varchar(50) DEFAULT NULL,
  `statustype_order` int(10) DEFAULT NULL,
  `statustype_icon` varchar(100) DEFAULT NULL,
  `statustype_color` varchar(50) DEFAULT NULL,
  `statustype_log_template` varchar(200) DEFAULT NULL,
  `statustype_on_mobile` varchar(50) DEFAULT NULL,
  PRIMARY KEY (`statustype_code`)
) ENGINE=InnoDB DEFAULT CHARSET=utf8;
/*!40101 SET character_set_client = @saved_cs_client */;

--
-- Dumping data for table `statustype`
--

LOCK TABLES `statustype` WRITE;
/*!40000 ALTER TABLE `statustype` DISABLE KEYS */;
INSERT INTO `statustype` VALUES ('acknowledge','Acknowledge',13,'ic_hearing_white_24px.svg','orange','RESPONDER acknowledged','enabled'),('athospital','Arrive At Hospital/GMC',18,'ic_local_hospital_white_24px.svg','indigo','RESPONDER arrive at hospital/gmc','enabled'),('atpatient','At Patient',16,'ic_accessible_white_24px.svg','teal','RESPONDER at patient','enabled'),('atscene','At Scene',15,'ic_pin_drop_white_24px.svg','light-green','RESPONDER at scene','enabled'),('back','On Way Back',19,'ic_rotate_90_degrees_ccw_white_24px.svg','purple','RESPONDER on the way back','enabled'),('completed','Completed',21,'ic_done_all_white_24px.svg','grey darken-4','RESPONDER marked as completed by USERNAME','disabled'),('dispatched','Dispatched',12,'ic_notifications_active_white_24px.svg','red','RESPONDER has been dispatched by USERNAME','disabled'),('enroute','En Route',14,'ic_near_me_white_24px.svg','yellow','RESPONDER en route','enabled'),('finished','Finished',20,'ic_done_white_24px.svg','pink','RESPONDER finished','enabled'),('new','Not Assigned',11,'ic_more_horiz_white_24px.svg','grey','RESPONDER has been pulled back by USERNAME',NULL),('transporting','Transporting',17,'ic_directions_bus_white_24px.svg','blue','RESPONDER transporting patient','enabled');
/*!40000 ALTER TABLE `statustype` ENABLE KEYS */;
UNLOCK TABLES;

--
-- Table structure for table `tracking`
--

DROP TABLE IF EXISTS `tracking`;
/*!40101 SET @saved_cs_client     = @@character_set_client */;
/*!40101 SET character_set_client = utf8 */;
CREATE TABLE `tracking` (
  `tracking_resource_nric_or_reg` varchar(50) NOT NULL DEFAULT 'xxx',
  `tracking_coordinate` varchar(50) DEFAULT NULL,
  `tracking_time` datetime DEFAULT NULL,
  PRIMARY KEY (`tracking_resource_nric_or_reg`)
) ENGINE=InnoDB DEFAULT CHARSET=utf8;
/*!40101 SET character_set_client = @saved_cs_client */;

--
-- Dumping data for table `tracking`
--

LOCK TABLES `tracking` WRITE;
/*!40000 ALTER TABLE `tracking` DISABLE KEYS */;
INSERT INTO `tracking` VALUES ('','3.1765201,101.7221041','2017-12-14 03:42:26'),('1403','3.1736947,101.7092313','2017-08-08 11:15:55'),('718666','3.1773153,101.7087865','2017-07-18 17:35:07'),('740408145187','3.1737434,101.7091757','2017-08-09 13:12:02'),('760406015555','3.1032068,101.682647','2017-08-04 10:17:11'),('790208065313','2.8978664,101.6683404','2017-08-07 11:57:03'),('791013055099','2.7051761,102.2485221','2017-08-05 17:53:09'),('800104145921','3.1738106,101.7091868','2017-08-11 17:13:36'),('800203145361','3.1736947,101.7092313','2017-08-04 16:17:18'),('830511045191','3.1737525,101.7092202','2017-08-08 10:55:14'),('830920025968','2.9831026,101.5390257','2017-08-05 10:11:46'),('831217015295','3.1708169,101.711989','2017-07-18 16:04:17'),('840509065459','3.0197372,101.4409396','2017-08-01 11:10:23'),('840624025401','3.1738049,101.7099697','2017-08-11 17:38:55'),('840624025403','3.1738049,101.7099697','2017-08-11 17:39:15'),('840712035677','3.0514063,101.6017243','2017-08-05 19:53:59'),('840923105831','3.1737421,101.7092869','2017-08-09 13:07:48'),('850420035906','3.17376,101.709224','2017-07-18 13:10:56'),('860627295165','3.1809297,101.7071971','2017-08-09 10:31:13'),('870308035429','2.9288939,101.6745097','2017-07-27 11:35:22'),('871205145347','2.9693561,101.739226','2017-07-27 14:01:54'),('880317145864','2.9288939,101.6745097','2017-07-27 11:49:48'),('880426025263','3.1712658,101.7013365','2017-08-06 08:48:08'),('880812035283','3.1736263,101.7089794','2017-08-08 11:07:55'),('900306035761','3.1773153,101.7087865','2017-08-10 12:20:30'),('910424025547','2.9288939,101.6745097','2017-07-27 12:51:31'),('920527036221','3.1734154,101.7085439','2017-08-09 09:07:42'),('920724035789','2.9288909,101.6745131','2017-07-27 12:03:48'),('930106075352','3.1159696,101.6638276','2017-08-07 14:12:43'),('930604115302','3.2180917,101.582711','2017-08-05 17:22:46'),('930907115449','2.9288962,101.6745125','2017-07-27 11:47:22'),('ALS002','5.3919782,100.5745228','2017-12-25 03:54:46'),('ALS1','3.1737621,101.7092202','2017-08-10 08:53:10'),('ALS2','3.1763881,101.7091423','2017-08-09 11:20:21'),('ALS3','3.1567627,101.6111224','2017-08-05 08:55:06'),('ALS4','3.1597812,101.6145886','2017-08-05 09:51:47'),('ALS5','3.2710274,101.674832','2017-08-05 01:51:46'),('ALS7','3.22249052,101.5805231','2017-08-10 14:30:33'),('ALSHKL1','3.1712848,101.7013587','2017-08-05 15:55:48'),('ALSHKL10','3.1712692,101.7013257','2017-08-05 16:40:46'),('ALSHKL11','3.1712692,101.7013257','2017-08-05 16:29:32'),('BLQ2098','3.1721050700000002,101.69268036','2017-08-11 15:46:03'),('BLS002','3.0197658,101.4407205','2018-01-02 00:16:16'),('bls1','3.1737624,101.7091979','2017-08-09 13:02:47'),('Bls2','3.1737619,101.7092424','2017-08-09 13:46:32'),('BLS3','3.1736849,101.7092424','2017-08-08 10:59:23'),('BLS5','3.1732928,101.7087416','2017-08-09 08:30:15'),('BLS6','3.1737524,101.7092313','2017-08-08 11:17:44'),('BLS7','3.1737526,101.7092091','2017-08-08 15:48:18'),('BLT4091','2.99367166,101.79273224000001','2017-08-11 19:16:02'),('BMG3372','3.5647916799999999,101.65335846000001','2017-08-11 19:16:03'),('BMG582','3.1592800599999999,101.69483185','2017-08-11 19:16:02'),('BMG720','3.2431566699999999,101.64690399','2017-08-11 19:16:04'),('BMH2991','3.1707382200000001,101.70122528','2017-08-11 15:46:04'),('BNL7061','2.9294183299999998,101.67365264999999','2017-08-11 15:46:04'),('BNL7073','3.1710400600000002,101.70136261','2017-08-11 19:15:05'),('BNL7099','3.1853766399999999,101.67518616','2017-08-11 19:15:06'),('BNM3746','3.2116682499999998,101.48990630999999','2017-08-11 15:46:05'),('BNM5961','3.4252417099999999,101.17879486','2017-08-11 19:15:06'),('BNN6796','3.7594633100000001,100.98918152','2017-08-11 15:46:02'),('EP','3.1636998,101.6235566','2017-08-05 15:47:12'),('gmoc1','3.1734372,101.7090423','2017-08-07 16:40:09'),('hafiz','3.1773153,101.7087865','2017-08-10 14:31:12'),('HAFIZULLAH','2.9317868,101.6737678','2017-11-09 02:27:06'),('Pssa','3.1686411,101.7046834','2017-08-06 10:46:02'),('S54442','3.1737142,101.7092091','2017-07-18 12:11:03'),('SE1','2.2167497,102.2592625','2018-02-25 04:08:29'),('SE2','3.1737337,101.7091868','2017-08-08 12:28:06'),('SE3','3.1737326,101.7092758','2017-08-08 15:48:45'),('W1427H','3.2721300100000001,101.46328735','2017-08-11 19:15:07'),('W742H','3.2428350400000001,101.64765167','2017-08-11 19:15:07'),('W749H','3.1296117300000001,101.76366425000001','2017-08-11 19:15:08'),('W762H','2.9295916599999998,101.67382050000001','2017-08-11 15:46:03'),('WB5068V','3.0715999599999999,101.49006652999999','2017-08-11 19:15:09'),('WUW4144','3.2181599099999998,101.58248138','2017-08-11 19:15:09');
/*!40000 ALTER TABLE `tracking` ENABLE KEYS */;
UNLOCK TABLES;

--
-- Table structure for table `user`
--

DROP TABLE IF EXISTS `user`;
/*!40101 SET @saved_cs_client     = @@character_set_client */;
/*!40101 SET character_set_client = utf8 */;
CREATE TABLE `user` (
  `user_username` varchar(50) NOT NULL,
  `user_password` varchar(50) DEFAULT NULL,
  `user_roles` varchar(50) DEFAULT NULL,
  `user_fullname` varchar(12) DEFAULT NULL,
  PRIMARY KEY (`user_username`)
) ENGINE=InnoDB DEFAULT CHARSET=utf8;
/*!40101 SET character_set_client = @saved_cs_client */;

--
-- Dumping data for table `user`
--

LOCK TABLES `user` WRITE;
/*!40000 ALTER TABLE `user` DISABLE KEYS */;
INSERT INTO `user` VALUES ('admin','202cb962ac59075b964b07152d234b70','admin','ADMIN'),('admin1','202cb962ac59075b964b07152d234b70','admin','ADMIN 1'),('admin10','202cb962ac59075b964b07152d234b70','admin','ADMIN 10'),('admin2','202cb962ac59075b964b07152d234b70','admin','ADMIN 2'),('admin3','202cb962ac59075b964b07152d234b70','admin','ADMIN 3'),('admin4','202cb962ac59075b964b07152d234b70','admin','ADMIN 4'),('admin5','202cb962ac59075b964b07152d234b70','admin','ADMIN 5'),('admin6','202cb962ac59075b964b07152d234b70','admin','ADMIN 6'),('admin7','202cb962ac59075b964b07152d234b70','admin','ADMIN 7'),('admin8','202cb962ac59075b964b07152d234b70','admin','ADMIN 8'),('admin9','202cb962ac59075b964b07152d234b70','admin','ADMIN 9'),('gdu1','202cb962ac59075b964b07152d234b70','gdu','GDU 1'),('gdu10','202cb962ac59075b964b07152d234b70','gdu','GDU 10'),('gdu11','202cb962ac59075b964b07152d234b70','gdu','GDU 11'),('gdu12','202cb962ac59075b964b07152d234b70','gdu','GDU 12'),('gdu13','202cb962ac59075b964b07152d234b70','gdu','GDU 13'),('gdu14','202cb962ac59075b964b07152d234b70','gdu','GDU 14'),('gdu15','202cb962ac59075b964b07152d234b70','gdu','GDU 15'),('gdu16','202cb962ac59075b964b07152d234b70','gdu','GDU 16'),('gdu17','202cb962ac59075b964b07152d234b70','gdu','GDU 17'),('gdu18','202cb962ac59075b964b07152d234b70','gdu','GDU 18'),('gdu19','202cb962ac59075b964b07152d234b70','gdu','GDU 19'),('gdu2','202cb962ac59075b964b07152d234b70','gdu','GDU 2'),('gdu20','202cb962ac59075b964b07152d234b70','gdu','GDU 20'),('gdu21','202cb962ac59075b964b07152d234b70','gdu','GDU 21'),('gdu22','202cb962ac59075b964b07152d234b70','gdu','GDU 22'),('gdu23','202cb962ac59075b964b07152d234b70','gdu','GDU 23'),('gdu24','202cb962ac59075b964b07152d234b70','gdu','GDU 24'),('gdu25','202cb962ac59075b964b07152d234b70','gdu','GDU 25'),('gdu26','202cb962ac59075b964b07152d234b70','gdu','GDU 26'),('gdu27','202cb962ac59075b964b07152d234b70','gdu','GDU 27'),('gdu28','202cb962ac59075b964b07152d234b70','gdu','GDU 28'),('gdu29','202cb962ac59075b964b07152d234b70','gdu','GDU 29'),('gdu3','202cb962ac59075b964b07152d234b70','gdu','GDU 3'),('gdu30','202cb962ac59075b964b07152d234b70','gdu','GDU 30'),('gdu31','202cb962ac59075b964b07152d234b70','gdu','GDU 31'),('gdu32','202cb962ac59075b964b07152d234b70','gdu','GDU 32'),('gdu33','202cb962ac59075b964b07152d234b70','gdu','GDU 33'),('gdu34','202cb962ac59075b964b07152d234b70','gdu','GDU 34'),('gdu35','202cb962ac59075b964b07152d234b70','gdu','GDU 35'),('gdu36','202cb962ac59075b964b07152d234b70','gdu','GDU 36'),('gdu37','202cb962ac59075b964b07152d234b70','gdu','GDU 37'),('gdu38','202cb962ac59075b964b07152d234b70','gdu','GDU 38'),('gdu39','202cb962ac59075b964b07152d234b70','gdu','GDU 39'),('gdu4','202cb962ac59075b964b07152d234b70','gdu','GDU 4'),('gdu40','202cb962ac59075b964b07152d234b70','gdu','GDU 40'),('gdu41','202cb962ac59075b964b07152d234b70','gdu','GDU 41'),('gdu42','202cb962ac59075b964b07152d234b70','gdu','GDU 42'),('gdu43','202cb962ac59075b964b07152d234b70','gdu','GDU 43'),('gdu44','202cb962ac59075b964b07152d234b70','gdu','GDU 44'),('gdu45','202cb962ac59075b964b07152d234b70','gdu','GDU 45'),('gdu46','202cb962ac59075b964b07152d234b70','gdu','GDU 46'),('gdu47','202cb962ac59075b964b07152d234b70','gdu','GDU 47'),('gdu48','202cb962ac59075b964b07152d234b70','gdu','GDU 48'),('gdu49','202cb962ac59075b964b07152d234b70','gdu','GDU 49'),('gdu5','202cb962ac59075b964b07152d234b70','gdu','GDU 5'),('gdu50','202cb962ac59075b964b07152d234b70','gdu','GDU 50'),('gdu6','202cb962ac59075b964b07152d234b70','gdu','GDU 6'),('gdu7','202cb962ac59075b964b07152d234b70','gdu','GDU 7'),('gdu8','202cb962ac59075b964b07152d234b70','gdu','GDU 8'),('gdu9','202cb962ac59075b964b07152d234b70','gdu','GDU 9'),('gmc1','202cb962ac59075b964b07152d234b70','gmc','GMC 1'),('gmc10','202cb962ac59075b964b07152d234b70','gmc','GMC 10'),('gmc2','202cb962ac59075b964b07152d234b70','gmc','GMC 2'),('gmc3','202cb962ac59075b964b07152d234b70','gmc','GMC 3'),('gmc4','202cb962ac59075b964b07152d234b70','gmc','GMC 4'),('gmc5','202cb962ac59075b964b07152d234b70','gmc','GMC 5'),('gmc6','202cb962ac59075b964b07152d234b70','gmc','GMC 6'),('gmc7','202cb962ac59075b964b07152d234b70','gmc','GMC 7'),('gmc8','202cb962ac59075b964b07152d234b70','gmc','GMC 8'),('gmc9','202cb962ac59075b964b07152d234b70','gmc','GMC 9');
/*!40000 ALTER TABLE `user` ENABLE KEYS */;
UNLOCK TABLES;

--
-- Table structure for table `venue`
--

DROP TABLE IF EXISTS `venue`;
/*!40101 SET @saved_cs_client     = @@character_set_client */;
/*!40101 SET character_set_client = utf8 */;
CREATE TABLE `venue` (
  `venue_id` int(10) NOT NULL AUTO_INCREMENT,
  `venue_desc` varchar(100) DEFAULT NULL,
  `venue_address` varchar(100) DEFAULT NULL,
  `venue_coordinate` varchar(50) DEFAULT NULL,
  `venue_icon` varchar(50) DEFAULT NULL,
  `venuetype_code` varchar(50) DEFAULT NULL,
  PRIMARY KEY (`venue_id`),
  UNIQUE KEY `venue_desc` (`venue_desc`)
) ENGINE=InnoDB AUTO_INCREMENT=75 DEFAULT CHARSET=utf8;
/*!40101 SET character_set_client = @saved_cs_client */;

--
-- Dumping data for table `venue`
--

LOCK TABLES `venue` WRITE;
/*!40000 ALTER TABLE `venue` DISABLE KEYS */;
INSERT INTO `venue` VALUES (1,'National Aquatic Centre','Bukit Jalil, 57000 Kuala Lumpur, Wilayah Persekutuan Kuala Lumpur','3.055500,101.693353','venue_icon_2.svg','Venue'),(2,'Axiata Arena Stadium','Bukit Jalil, 57000 Kuala Lumpur, Wilayah Persekutuan Kuala Lumpur','3.053668,101.693489','venue_icon_4.svg','Venue'),(3,'Kuala Lumpur Convention Centre','Jalan Pinang, Bukit Nenas','3.153880,101.713294','venue_icon_6.svg','Venue'),(4,'MiTEC','Jalan Khidmat Usaha, Taman Duta, 50480, Kuala Lumpur','3.179185,101.667803','venue_icon_7.svg','Venue'),(5,'Water Sport Complex','Presint 6, 62150, Putrajaya','2.901767,101.667534','venue_icon_20.svg','Venue'),(6,'Equestrian Park','Presint 5, 62000, Putrajaya','2.895960,101.685162','venue_icon_22.svg','Venue'),(7,'Stadium Majlis Perbandaran Selayang','PSN 1, Bandar Baru Selayang','3.254897,101.657306','venue_icon_9.svg','Venue'),(8,'3Q Equestrian Centre','Jalan Sungai Serai, Kuang, 48050 Rawang, Selangor','3.272412,101.542533','venue_icon_22.svg','Venue'),(9,'Empire City','Damansara Perdana LBR Damansara Puchong (LDP) - Kampung Sungai Penchala','3.166390,101.614959','venue_icon_12.svg','Venue'),(10,'Stadium Juara','Bukit Kiara, Jln 1/70D, Bukit Damansara, 50490, Kuala Lumpur','3.138797,101.647264','venue_icon_21.svg','Venue'),(11,'Kinrara Oval Ground','Malaysian Cricket Association, Bandar Kinrara 5, 47180 Puchong, Selangor','3.048143,101.642842','venue_icon_8.svg','Venue'),(12,'The Mines Resort & Golf Club','Mines Wellness City, 43300 Seri Kembangan, Selangor','3.032251,101.717100','venue_icon_10.svg','Venue'),(13,'Panasonic Stadium Shah Alam','Persiaran Perkilangan, Seksyen 21, 40300 Shah Alam, Selangor','3.057202,101.547772','venue_icon_9.svg','Venue'),(14,'Universiti Malaya Arena Stadium','Lingkungan Budi, 50603 Kuala Lumpur','3.130957,101.658845','venue_icon_9.svg','Venue'),(15,'Shah Alam Stadium','Majlis Bandaraya Shah Alam, Level 1, Kuadron AB, Seksyen 13, 40100 Shah Alam, Selangor','3.082485,101.545113','venue_icon_9.svg','Venue'),(16,'UITM Shah Alam Stadium','Jln Cemerlang 1/19 Seksyen 1 Shah Alam, Selangor','3.065860,101.497578','venue_icon_9.svg','Venue'),(17,'Synthetic Turf Field, National Sports Council','Bukit Jalil, 57000 Kuala Lumpur, Wilayah Persekutuan Kuala Lumpur','3.050435,101.689737','venue_icon_1.svg','Venue'),(18,'MABA Stadium','Jalan Hang Jebat, City Centre, 50150 Kuala Lumpur','3.143162,101.700406','venue_icon_5.svg','Venue'),(19,'Stadium Titiwangsa','Jalan Tembeling, Titiwangsa, 53200 Kuala Lumpur','3.175681,101.706555','venue_icon_16.svg','Venue'),(20,'Stadium Bola Sepak Kuala Lumpur','Jalan Tenteram, Bandar Tun Razak, 56000 Kuala Lumpur','3.100570,101.721603','venue_icon_9.svg','Venue'),(21,'Arena Pentaque','Jalan 4/91, Taman Shamelin Perkasa, 56100 Kuala Lumpur','3.176038,101.749110','venue_icon_14.svg','Venue'),(22,'Kompleks Tenis','Jalan Duta, Bukit Tunku, 50480 Kuala Lumpur','3.171976,101.674964','venue_icon_18.svg','Venue'),(23,'Stadium MBPJ','Jalan Stadium 7/15, SS 7, 47301 Petaling Jaya, Selangor','3.098893,101.593618','venue_icon_15.svg','Venue'),(24,'National Shooting Range Subang','Jalan Lapangan Terbang Subang, U 3, 47200 Subang Airport, Selangor','3.133166,101.566597','venue_icon_23.svg','Venue'),(25,'Sunway Pyramid','Sunway Pyramid Shopping Mall, No.3, Jalan PJS 11/15, Bandar Sunway, 47500 Subang Jaya, Selangor','3.072768,101.607096','venue_icon_19.svg','Venue'),(26,'National Velodrome','Persiaran Perbandaran, 71800 Nilai, Negeri Sembilan','2.842616,101.786530','venue_icon_24.svg','Venue'),(27,'Acappella Suite Hotel','No. 8,, Persiaran Sukan, Seksyen 13, 40100 Shah Alam, Selangor','3.089319, 101.547980','pinTypeHotel.svg','Hotel'),(28,'The Regency Hotel','No 3 Jalan Raja Alang, Chow Kit, 50300 Kuala Lumpur, Federal Territory of Kuala Lumpur','3.163629, 101.699061','pinTypeHotel.svg','Hotel'),(29,'Klinik Kesihatan Kuala Lumpur','Jalan Temerloh, Titiwangsa, KL','3.173550,101.708808','pinTypeVenue.svg','Venue'),(30,'Hotel Ancasa & Spa Kuala Lumpur','Jalan Tun Tan Cheng Lock, City Centre, 50500 Kuala Lumpur','3.1451,101.6993','pinTypeHotel.svg','Hotel'),(31,'JJ Boutique Hotel, Damansara','12, Jalan PJU 8/5g, Damansara Perdana, 47820 Kampong Bukit Lanjan, Selangor','3.1663,101.6066','pinTypeHotel.svg','Hotel'),(32,'Olympic Sports Hotel','Jalan Hang Jebat, City Centre, 50150 Kuala Lumpur','3.1432,101.7025','pinTypeHotel.svg','Hotel'),(33,'Orange Hotel, Sg. Buloh ','31-1, Jalan Nautika A U20/A, Pusat Komersial Tsb, 40160 Shah Alam, Selangor','3.2088,101.5722','pinTypeHotel.svg','Hotel'),(34,'Sani Hotel , Kuala Lumpur','63, Jalan Putra, Chow Kit, 50350 Kuala Lumpur','3.1669,101.6955','pinTypeHotel.svg','Hotel'),(35,'Tune Hotel, Kuala Lumpur','316, Jalan Tuanku Abdul Rahman, Chow Kit, 50100 Kuala Lumpur','3.1603,101.6968','pinTypeHotel.svg','Hotel'),(36,'Hotel Kinrara Resort','Jalan Kinrara 6, Bandar Kinrara, 47180 Puchong, Selangor','3.0381,101.6537','pinTypeHotel.svg','Hotel'),(37,'Oak Apartment, Home Intelligent Subang (The OAK Residence)','J-1-9, Pacific Place Commercial Centre, Jalan PJU 1a/4a, 47301 Petaling Jaya, Selangor','3.1114,101.5854','pinTypeHotel.svg','Hotel'),(38,'Hotel Pearl International, Kuala Lumpur','5, Jalan Klang Lama, Taman United, 58000 Kuala Lumpur','3.085,101.6732','pinTypeHotel.svg','Hotel'),(39,'Hotel Dorsett Putrajaya','Lot 3 (Lot 3C5) Precint 3, Wilayah Persekutuan, 62000 Bandar Putrajaya, Putrajaya','2.9202,101.6842','pinTypeHotel.svg','Hotel'),(40,'Hotel The Saujana Subang(The Saujana Hotel KL)','Jalan Lapangan Terbang Subang, Saujana, 40150 Shah Alam, Selangor','3.1083,101.5774','pinTypeHotel.svg','Hotel'),(41,'Sunway Resort Hotel & Spa','Persiaran Lagoon, Bandar Sunway, 47500 Petaling Jaya, Selangor','3.0708,101.6093','pinTypeHotel.svg','Hotel'),(42,'GM Hotel Sunway','No. 23, Jalan PJS 11/28, Sunway Metro, Bandar Sunway, Selangor, 46150 Petaling Jaya','3.0727,101.6095','pinTypeHotel.svg','Hotel'),(43,'Grand Millenium Kuala Lumpur','Grand Millenium Kuala Lumpur, 160, Jalan Bukit Bintang, Bukit Bintang, 55100 Kuala Lumpur','3.1481,101.7121','pinTypeHotel.svg','Hotel'),(44,'National Lawn Bowls Centre','Bukit Kiara, Bukit Damansara, 50490 Kuala Lumpur','3.139078,101.647373','venue_icon_13.svg','Venue'),(45,'Qliq Damansara','2 Jalan PJU 8/8A, Damansara Perdana, 47820 Petaling Jaya, Selangor','3.1661,101.6118','pinTypeHotel.svg','Hotel'),(46,'Hotel Sri Petaling','30, Jalan Radin Anum, Sri Petaling, 57000 Kuala Lumpur, Selangor','3.0686,101.6901','pinTypeHotel.svg','Hotel'),(47,'Concorde Shah Alam','3 Jalan Tengku Ampuan Zabedah C9/C, 40100 Shah Alam, Selangor','3.0842,101.5247','pinTypeHotel.svg','Hotel'),(48,'Berjaya Times Square','1, Jalan Imbi, Imbi, 55100 Kuala Lumpur','3.1424,101.7096','pinTypeHotel.svg','Hotel'),(49,'Double Tree by Hilton ','The Intermark, 348, Jalan Tun Razak, 50400 Kuala Lumpur','3.1617,101.7199','pinTypeHotel.svg','Hotel'),(50,'Hotel Eastin Petaling Jaya','13, Jalan 16/11, Pusat Dagang Seksyen 16, Seksyen 16, 46350 Petaling Jaya, Selangor','3.1264,101.6447','pinTypeHotel.svg','Hotel'),(51,'Swiss Garden Kuala Lumpur','117, Jalan Pudu, 55100 Kuala Lumpur. ','3.144,101.7053','pinTypeHotel.svg','Hotel'),(52,'Sunway Putra Hotel Kuala Lumpur','100, Jalan Putra, Chow Kit, 50350 Kuala Lumpur','3.1666,101.6928','pinTypeHotel.svg','Hotel'),(53,'Sunway Pyramid Hotel','Persiaran Lagoon, Bandar Sunway, 47500 Selangor Darul Ehsan.','3.0723,101.6085','pinTypeHotel.svg','Hotel'),(54,'Four Point By Sheraton, Puchong','1201, Tower 3, Puchong Financial Corporate Centre (PFCC), Bandar Puteri, 47100 Puchong','3.0258,101.6152','pinTypeHotel.svg','Hotel'),(55,'Hotel Everly Putrajaya','No.1 Jalan Alamanda 2, Precint 1, 62000 Putrajaya','2.9382,101.7093','pinTypeHotel.svg','Hotel'),(56,'Hotel Holiday Villa Subang (Holiday Villa, PJ)','Jalan SS 12/1, Ss 12, 47500 Petaling Jaya, Selangor','3.0797,101.599','pinTypeHotel.svg','Hotel'),(57,'Hotel Le Meridien Putrajaya','Lebuh IRC, IOI Resort City, Sepang, 62502 Putrajaya','2.9702,101.7131','pinTypeHotel.svg','Hotel'),(58,'Hotel Marriot Putrajaya','IOI Resort City, Putrajayya, 62502 Sepang Utara','2.9696,101.7064','pinTypeHotel.svg','Hotel'),(59,'The Federal Kuala Lumpur','35, Bukit Bintang Street, Bukit Bintang, 55100 Kuala Lumpur, Federal Territory of Kuala Lumpur','3.1445,101.7087','pinTypeHotel.svg','Hotel'),(60,'Hotel Istana Kuala Lumpur','73, Jalan Raja Chulan, Bukit Bintang, 50200 Kuala Lumpur','3.1495,101.7099','pinTypeHotel.svg','Hotel'),(61,'Palace Of Golden Horses','Jalan Kuda Emas, Mines Wellness City, 43300 Seri Kembangan, Selangor','3.0461,101.7093','pinTypeHotel.svg','Hotel'),(62,'Hotel Philea The Mines','Jalan Dulang Off The Darul Ehsan, Balakong, 43300 Seri Kembangan, Selangor','3.0306,101.7167','pinTypeHotel.svg','Hotel'),(63,'Palm Garden IOI Resort','Resort Villa Golf Course, IOI Resort City, 62502 Putrajaya, Selangor','2.9699,101.7083','pinTypeHotel.svg','Hotel'),(64,'The Royale Bintang Kuala Lumpur','17-21, Bukit Bintang Street, Bukit Bintang, 55100 Kuala Lumpur, Federal Territory of Kuala Lumpur','3.1441,101.7082','pinTypeHotel.svg','Hotel'),(65,'Renaissance Kuala Lumpur Hotel','Corner of Jalan Sultan Ismail and Jalan Ampang, 50450 Kuala Lumpur','3.1572,101.7051','pinTypeHotel.svg','Hotel'),(66,'The Royale Chulan Kuala Lumpur','5, Jalan Conlay, Kuala Lumpur, 50450 Kuala Lumpur','3.1496,101.7171','pinTypeHotel.svg','Hotel'),(67,'Hotel Seri Pacific Kuala Lumpur','Jalan Putra, Chow Kit, 50350 Kuala Lumpur','3.1674,101.6922','pinTypeHotel.svg','Hotel'),(68,'Institut Sukan Negara','Jalan Barat, Bukit Jalil, KL','3.052429,101.692028','pinTypeVenue.svg','Venue'),(69,'Hotel Royal Kuala Lumpur','Jalan Walter Grenier, BUkit Bintang, KL','3.14567,101.712306','pinTypeHotel.svg','Hotel'),(70,'Crystal Crown Hotel Petaling Jaya','No.12, Jalan Utara, PJS 52, Selangor','3.109393,101.643169','pinTypeHotel.svg','Hotel'),(71,'Stadium Bukit Jalil','Bukit Jalil, 57000 Kuala Lumpur, Wilayah Persekutuan Kuala Lumpur','3.054901,101.691350','venue_icon_9.svg','Venue'),(72,'Stadium Hoki Bukit Jalil','Bukit Jalil, 57000 Kuala Lumpur, Wilayah Persekutuan Kuala Lumpur','3.059493,101.693703','venue_icon_11.svg','Venue'),(73,'National Squash Centre Kuala Lumpur','Bukit Jalil, 57000 Kuala Lumpur, Wilayah Persekutuan Kuala Lumpur','3.052738,101.694341','venue_icon_17.svg','Venue'),(74,'The Raintree Club','Jalan Wickham, 55000 Kuala Lumpur','3.155421,101.737613','venue_icon_17.svg','Venue');
/*!40000 ALTER TABLE `venue` ENABLE KEYS */;
UNLOCK TABLES;

--
-- Dumping events for database 'onecc'
--

--
-- Dumping routines for database 'onecc'
--
/*!40103 SET TIME_ZONE=@OLD_TIME_ZONE */;

/*!40101 SET SQL_MODE=@OLD_SQL_MODE */;
/*!40014 SET FOREIGN_KEY_CHECKS=@OLD_FOREIGN_KEY_CHECKS */;
/*!40014 SET UNIQUE_CHECKS=@OLD_UNIQUE_CHECKS */;
/*!40101 SET CHARACTER_SET_CLIENT=@OLD_CHARACTER_SET_CLIENT */;
/*!40101 SET CHARACTER_SET_RESULTS=@OLD_CHARACTER_SET_RESULTS */;
/*!40101 SET COLLATION_CONNECTION=@OLD_COLLATION_CONNECTION */;
/*!40111 SET SQL_NOTES=@OLD_SQL_NOTES */;

-- Dump completed on 2018-10-01 15:06:01
