/*!40101 SET @OLD_CHARACTER_SET_CLIENT=@@CHARACTER_SET_CLIENT */;
/*!40101 SET NAMES utf8 */;
/*!50503 SET NAMES utf8mb4 */;
/*!40014 SET @OLD_FOREIGN_KEY_CHECKS=@@FOREIGN_KEY_CHECKS, FOREIGN_KEY_CHECKS=0 */;
/*!40101 SET @OLD_SQL_MODE=@@SQL_MODE, SQL_MODE='NO_AUTO_VALUE_ON_ZERO' */;

CREATE DATABASE IF NOT EXISTS `onecc` /*!40100 DEFAULT CHARACTER SET utf8 */;
USE `onecc`;

CREATE TABLE IF NOT EXISTS `callcard` (
  `callcard_id` int(4) unsigned zerofill NOT NULL AUTO_INCREMENT,
  `callcard_caller_name` varchar(50) DEFAULT NULL,
  `callcard_caller_phone` varchar(50) DEFAULT NULL,
  `callcard_patienttype_code` varchar(50) DEFAULT NULL,
  `callcard_notes` varchar(500) DEFAULT NULL,
  `callcard_patient_name` varchar(100) DEFAULT NULL,
  `callcard_eventcode_code` varchar(50) DEFAULT NULL,
  `callcard_eventtype_code` varchar(50) DEFAULT NULL,
  `callcard_locationtype_code` varchar(50) DEFAULT NULL,
  `callcard_incident_address` varchar(500) DEFAULT NULL,
  `callcard_incident_coordinate` varchar(50) DEFAULT NULL,
  `callcard_nearest_venue` varchar(50) DEFAULT NULL,
  `callcard_filingtype_code` varchar(50) DEFAULT NULL,
  `callcard_time_create` datetime DEFAULT NULL,
  `callcard_time_submit` datetime DEFAULT NULL,
  PRIMARY KEY (`callcard_id`),
  KEY `FK1_callcard_callertype_code` (`callcard_patienttype_code`)
) ENGINE=InnoDB AUTO_INCREMENT=297 DEFAULT CHARSET=utf8;

/*!40000 ALTER TABLE `callcard` DISABLE KEYS */;
INSERT INTO `callcard` (`callcard_id`, `callcard_caller_name`, `callcard_caller_phone`, `callcard_patienttype_code`, `callcard_notes`, `callcard_patient_name`, `callcard_eventcode_code`, `callcard_eventtype_code`, `callcard_locationtype_code`, `callcard_incident_address`, `callcard_incident_coordinate`, `callcard_nearest_venue`, `callcard_filingtype_code`, `callcard_time_create`, `callcard_time_submit`) VALUES
	(0228, 'INA', '017-6755408', 'spectators', '', 'IKIN', '05A01', 'priority4', 'Venue', 'Kinrara Oval Ground, Malaysian Cricket Association, Bandar Kinrara 5, 47180 Puchong, Selangor', '3.048143,101.642842', '11', 'emergency', '2017-07-27 10:55:29', '2017-07-27 10:55:16'),
	(0229, 'SYAKIR', '0179090017', 'athletes', '', 'SHAH', '01C01', 'priority1', 'Venue', 'Axiata Arena Stadium, Bukit Jalil, 57000 Kuala Lumpur, Wilayah Persekutuan Kuala Lumpur', '3.053668,101.693489', '2', 'emergency', '2017-07-27 10:57:37', '2017-07-27 10:57:04'),
	(0230, 'ALI', '0123', 'athletes', '', 'ABU', '30D02', 'priority1', 'Venue', 'National Shooting Range Subang, Jalan Lapangan Terbang Subang, U 3, 47200 Subang Airport, Selangor', '3.133166,101.566597', '24', 'gmc_kkkl', '2017-07-27 10:58:18', '2017-07-27 10:58:07'),
	(0231, 'ALIF', '0123456789', 'athletes', '', 'POK SUH PATA', '17D04', 'priority1', 'Venue', 'Equestrian Park, Presint 5, 62000, Putrajaya', '2.895960,101.685162', '6', 'emergency', '2017-07-27 11:02:46', '2017-07-27 11:02:49'),
	(0234, 'SYAKIR', '0179090017', 'athletes', '', 'FARAH ANN', '01A00', 'priority1', 'Venue', 'Kuala Lumpur Convention Centre, Jalan Pinang, Bukit Nenas', '3.153880,101.713294', '3', 'referral_emergency', '2017-07-27 11:21:49', '2017-07-27 11:21:36'),
	(0235, 'ALI', '0125896564', 'staff', '', 'ABU', '06E00', 'priority3', 'Venue', 'MiTEC, Jalan Khidmat Usaha, Taman Duta, 50480, Kuala Lumpur', '3.179185,101.667803', '4', 'emergency', '2017-07-27 11:22:42', '2017-07-27 11:22:13'),
	(0236, 'NIZAM', '0123456789', 'athletes', '', 'ALI', '01A01', 'priority1', 'Venue', 'Axiata Arena Stadium, Bukit Jalil, 57000 Kuala Lumpur, Wilayah Persekutuan Kuala Lumpur', '3.053668,101.693489', '2', 'referral_emergency', '2017-07-27 11:22:33', '2017-07-27 11:22:19'),
	(0237, 'SHAH', '0134080949', 'athletes', '', 'CHONG WEI', '01A00', 'priority1', 'Venue', 'Kinrara Oval Ground, Malaysian Cricket Association, Bandar Kinrara 5, 47180 Puchong, Selangor', '3.048143,101.642842', '11', 'discharge', '2017-07-27 11:24:29', '2017-07-27 11:24:59'),
	(0238, 'IKIN', '013-9114184', 'athletes', '', 'NIK', '14D02', 'priority1', 'Venue', 'Kuala Lumpur Convention Centre, Jalan Pinang, Bukit Nenas', '3.153880,101.713294', '3', 'referral_non', '2017-07-27 11:25:52', '2017-07-27 11:25:18'),
	(0241, 'TEST', '123456', 'athletes', '', 'JO', '09O01f', 'priority1', 'Venue', 'Sunway Pyramid, Sunway Pyramid Shopping Mall, No.3, Jalan PJS 11/15, Bandar Sunway, 47500 Subang Jaya, Selangor', '3.072768,101.607096', '25', 'discharge', '2017-07-27 11:26:23', '2017-07-27 11:26:04'),
	(0243, 'SHAH', '134080949', 'athletes', '', 'KIKI', '01A00', 'priority1', 'Venue', 'Stadium Majlis Perbandaran Selayang, PSN 1, Bandar Baru Selayang', '3.254897,101.657306', '7', 'referral_emergency', '2017-07-27 11:27:32', '2017-07-27 11:28:00'),
	(0244, 'MAD', '0123456789', 'athletes', '', 'MADD', '25B03B', 'priority1', 'Venue', 'Merdeka Square, Jalan Raja, City Centre, 50050 Kuala Lumpur', '3.148869,101.693504', '17', 'discharge', '2017-07-27 11:29:55', '2017-07-27 11:30:00'),
	(0245, 'MUHAMMAD', '0111438625', 'spectators', '', 'AKRAM', '02E00', 'priority2', 'Venue', 'Axiata Arena Stadium, Bukit Jalil, 57000 Kuala Lumpur, Wilayah Persekutuan Kuala Lumpur', '3.053668,101.693489', '2', 'gmc_kkkl', '2017-07-27 11:30:35', '2017-07-27 11:30:02'),
	(0246, 'MAD', '0145123822', 'athletes', '', 'ABG LONG', '01A01', 'priority3', 'Hotel', 'Empire City, Damansara Perdana LBR Damansara Puchong (LDP) - Kampung Sungai Penchala', '3.166390,101.614959', '9', 'gmc_isn', '2017-07-27 11:33:41', '2017-07-27 11:33:13'),
	(0247, 'JOHN DOE', '01234567', 'staff', '', 'DOLAH', '01C02', 'priority3', 'Venue', 'Sunway Pyramid, Sunway Pyramid Shopping Mall, No.3, Jalan PJS 11/15, Bandar Sunway, 47500 Subang Jaya, Selangor', '3.072768,101.607096', '25', 'emergency', '2017-07-27 11:33:03', '2017-07-27 11:33:23'),
	(0248, 'ALI', '1072346789', 'staff', '', 'AHMAD', '06D00', 'priority2', 'Venue', 'MiTEC, Jalan Khidmat Usaha, Taman Duta, 50480, Kuala Lumpur', '3.179185,101.667803', '4', 'referral_non', '2017-07-27 11:39:38', '2017-07-27 11:39:23'),
	(0249, 'LCW', '01170000007', 'athletes', '', 'SHANE', '18A01', 'priority4', 'Hotel', 'Sunway Pyramid, Sunway Pyramid Shopping Mall, No.3, Jalan PJS 11/15, Bandar Sunway, 47500 Subang Jaya, Selangor', '3.072768,101.607096', '25', 'discharge', '2017-07-27 11:39:31', '2017-07-27 11:39:44'),
	(0250, 'YUSRI ', '0124867525', 'athletes', '', 'SHAHROM ', '26A03', 'priority4', 'Venue', '\r\n\r\n', '3.130957,101.658845', '14', '', '2017-07-27 11:40:50', '2017-07-27 11:40:06'),
	(0251, 'ADIK WANI', '019999999', 'athletes', '', 'ROSALINDA', '01O02', 'priority4', 'Venue', 'National Velodrome, Persiaran Perbandaran, 71800 Nilai, Negeri Sembilan', '2.842616,101.786530', '26', 'gmc_kkkl', '2017-07-27 11:40:56', '2017-07-27 11:40:18'),
	(0252, 'MAD', '0145123822', 'athletes', '', 'ALIF', '01A01', 'priority4', 'Venue', 'Empire City, Damansara Perdana LBR Damansara Puchong (LDP) - Kampung Sungai Penchala', '3.166390,101.614959', '9', 'emergency', '2017-07-27 11:40:55', '2017-07-27 11:40:26'),
	(0253, 'NIZAM ', '0123456789', 'athletes', '', 'ALI', '01A00', 'priority1', 'Venue', 'Stadium MBPJ, Jalan Stadium 7/15, SS 7, 47301 Petaling Jaya, Selangor', '3.098893,101.593618', '23', 'referral_non', '2017-07-27 11:40:02', '2017-07-27 11:40:36'),
	(0254, 'ROZITAA', '0122005289', 'spectators', '', 'AJIS', '17A00', 'priority3', 'Venue', 'Stadium Bukit Jalil, Bukit Jalil, 57000 Kuala Lumpur, Wilayah Persekutuan Kuala Lumpur', '3.055500,101.693353', '1', 'gmc_kkkl', '2017-07-27 11:40:44', '2017-07-27 11:40:53'),
	(0255, 'SUSAN', '0123045611', 'athletes', '', 'LEE CHUNG CHUN', '18A01', 'priority4', 'Venue', 'Axiata Arena Stadium, Bukit Jalil, 57000 Kuala Lumpur, Wilayah Persekutuan Kuala Lumpur', '3.053668,101.693489', '2', 'discharge', '2017-07-27 11:41:25', '2017-07-27 11:41:04'),
	(0256, 'SHAKIRAH', '034356789', 'staff', '', 'MASHANUM', '02C01', 'priority1', 'Venue', 'Stadium Bukit Jalil, Bukit Jalil, 57000 Kuala Lumpur, Wilayah Persekutuan Kuala Lumpur', '3.055500,101.693353', '1', 'gmc_kkkl', '2017-07-27 11:41:08', '2017-07-27 11:41:07'),
	(0257, 'HANIF', '0135656457', 'athletes', '', 'AZMI', '21B03', 'priority4', 'Venue', 'Axiata Arena Stadium, Bukit Jalil, 57000 Kuala Lumpur, Wilayah Persekutuan Kuala Lumpur', '3.053668,101.693489', '2', 'emergency', '2017-07-27 11:42:00', '2017-07-27 11:41:18'),
	(0259, ' FAQIH', '0134566899', 'athletes', '', 'LUQMAN ', '24A01', 'priority3', 'Venue', 'National Velodrome, Persiaran Perbandaran, 71800 Nilai, Negeri Sembilan', '2.842616,101.786530', '26', 'discharge', '2017-07-27 11:41:58', '2017-07-27 11:41:31'),
	(0260, 'RLBORO', '0123452166', 'athletes', '', 'UDERZAMRI', '17D04', 'priority4', 'Venue', 'Panasonic Stadium Shah Alam, Persiaran Perkilangan, Seksyen 21, 40300 Shah Alam, Selangor', '3.057202,101.547772', '13', 'referral_non', '2017-07-27 11:42:33', '2017-07-27 11:42:01'),
	(0261, 'MISBUN', '0177771171', 'athletes', '', 'LEE CHONG WEI', '02D04', 'priority2', 'Venue', 'Axiata Arena Stadium, Bukit Jalil, 57000 Kuala Lumpur, Wilayah Persekutuan Kuala Lumpur', '3.053668,101.693489', '2', 'referral_emergency', '2017-07-27 11:42:15', '2017-07-27 11:42:30'),
	(0262, 'HILMI', '013-8976543', 'staff', '', 'AMIR', '21A02', 'priority1', 'Venue', 'Shah Alam Stadium, Majlis Bandaraya Shah Alam, Level 1, Kuadron AB, Seksyen 13, 40100 Shah Alam, Selangor', '3.082485,101.545113', '15', 'referral_emergency', '2017-07-27 11:42:03', '2017-07-27 11:42:33'),
	(0263, 'ALIF', '012345678', 'athletes', '', 'MADURA', '18C06', 'priority1', 'Venue', 'Water Sport Complex, Presint 6, 62150, Putrajaya', '2.901767,101.667534', '5', '', '2017-07-27 11:42:36', '2017-07-27 11:42:44'),
	(0264, 'MAT E-PER', '012345678', 'staff', '', 'BIDIN', '02A00', 'priority1', 'Venue', 'Arena Pentaque, Jalan 4/91, Taman Shamelin Perkasa, 56100 Kuala Lumpur', '3.176038,101.749110', '21', 'referral_emergency', '2017-07-27 11:42:11', '2017-07-27 11:42:54'),
	(0265, 'ALIF', '012345678', 'athletes', '', 'MEDUSA', '18C06', 'priority1', 'Venue', 'Equestrian Park, Presint 5, 62000, Putrajaya', '2.895960,101.685162', '6', 'discharge', '2017-07-27 11:44:40', '2017-07-27 11:44:05'),
	(0266, 'IDULL ILMY ', '0125312425', 'spectators', '', 'SHAHROM ', '09B00', 'priority1', 'Venue', 'National Shooting Range Subang, Jalan Lapangan Terbang Subang, U 3, 47200 Subang Airport, Selangor', '3.133166,101.566597', '24', 'discharge', '2017-07-27 11:44:13', '2017-07-27 11:44:51'),
	(0267, 'POK SOH PATA', '0188918198', 'athletes', '', 'JU WAER', '02A01I', 'priority2', 'Venue', 'MABA Stadium, Jalan Hang Jebat, City Centre, 50150 Kuala Lumpur', '3.143162,101.700406', '18', '', '2017-07-27 11:46:52', '2017-07-27 11:46:51'),
	(0268, 'MUHAMMAD', '0145667676', 'spectators', '', 'FAWWAZ', '01A01', 'priority3', 'Venue', 'National Shooting Range Subang, Jalan Lapangan Terbang Subang, U 3, 47200 Subang Airport, Selangor', '3.133166,101.566597', '24', '', '2017-07-27 11:46:30', '2017-07-27 11:46:51'),
	(0269, 'ROOLBORO 2', '01234567', 'athletes', '', 'GHADDAR', '17B02', 'priority4', 'Venue', 'Sunway Pyramid, Sunway Pyramid Shopping Mall, No.3, Jalan PJS 11/15, Bandar Sunway, 47500 Subang Jaya, Selangor', '3.072768,101.607096', '25', 'gmc_isn', '2017-07-27 11:48:49', '2017-07-27 11:48:29'),
	(0270, 'NIZAM', '0123456789', 'athletes', '', 'ALI', '02C00I', 'priority1', 'Venue', 'Stadium MBPJ, Jalan Stadium 7/15, SS 7, 47301 Petaling Jaya, Selangor', '3.098893,101.593618', '23', 'emergency', '2017-07-27 11:49:55', '2017-07-27 11:49:21'),
	(0271, 'MESSI', '018288888', 'athletes', '', 'CRISTIANO RONALDO', '16A02', 'priority3', 'Venue', 'Stadium Majlis Perbandaran Selayang, PSN 1, Bandar Baru Selayang', '3.254897,101.657306', '7', 'discharge', '2017-07-27 11:49:57', '2017-07-27 11:49:57'),
	(0272, 'ZZZZ', '000000000000', 'spectators', '', 'XXXXX', '10C02', 'priority4', 'Venue', 'Axiata Arena Stadium, Bukit Jalil, 57000 Kuala Lumpur, Wilayah Persekutuan Kuala Lumpur', '3.053668,101.693489', '2', 'referral_non', '2017-07-27 11:51:16', '2017-07-27 11:51:04'),
	(0273, 'LUQMAN', '0145036994', 'spectators', '', 'IKHRAM', '01A01', 'priority3', 'Venue', 'Arena Pentaque, Jalan 4/91, Taman Shamelin Perkasa, 56100 Kuala Lumpur', '3.176038,101.749110', '21', '', '2017-07-27 11:52:13', '2017-07-27 11:52:47'),
	(0274, 'NIZAM 3', '0123456789', 'staff', '', 'ALI', '21B03', 'priority1', 'Venue', 'Stadium MBPJ, Jalan Stadium 7/15, SS 7, 47301 Petaling Jaya, Selangor', '3.098893,101.593618', '23', 'emergency', '2017-07-27 11:53:05', '2017-07-27 11:53:09'),
	(0275, 'ALI BIN ABU', '01329999999', 'spectators', '', 'INA BINTI ALI', '01A00', 'priority1', 'Venue', 'Axiata Arena Stadium, Bukit Jalil, 57000 Kuala Lumpur, Wilayah Persekutuan Kuala Lumpur', '3.053668,101.693489', '2', 'referral_non', '2017-07-27 11:58:06', '2017-07-27 11:58:56'),
	(0276, 'ALI', '013900000', 'spectators', 'c/o abd pain with near fainted', 'INA', '01C03', 'priority1', 'Venue', 'Axiata Arena Stadium, Bukit Jalil, 57000 Kuala Lumpur, Wilayah Persekutuan Kuala Lumpur', '3.053668,101.693489', '2', '', '2017-07-27 11:58:42', '2017-07-27 11:58:57'),
	(0277, 'PAK DHO', '01343434343', 'spectators', 'c/o: spider bite', 'ABE MAT PAUH', '02A02', 'priority1', 'Venue', 'Axiata Arena Stadium, Bukit Jalil, 57000 Kuala Lumpur, Wilayah Persekutuan Kuala Lumpur', '3.053668,101.693489', '2', '', '2017-07-27 11:59:30', '2017-07-27 11:59:02'),
	(0278, 'ALI BIN ABU', '013299999', 'spectators', 'c/o abd pain\r\np/s 8/10', 'INA BINTI ALI', '01A00', 'priority1', 'Venue', 'Axiata Arena Stadium, Bukit Jalil, 57000 Kuala Lumpur, Wilayah Persekutuan Kuala Lumpur', '3.053668,101.693489', '2', '', '2017-07-27 11:58:11', '2017-07-27 11:59:02'),
	(0279, 'ALI BIN ABU', '0139880431', 'spectators', 'pt complain of abdominal pain  ', 'INA BT ALI', '01A00', 'priority1', 'Venue', 'Axiata Arena Stadium, Bukit Jalil, 57000 Kuala Lumpur, Wilayah Persekutuan Kuala Lumpur', '3.053668,101.693489', '2', '', '2017-07-27 11:59:09', '2017-07-27 11:59:03'),
	(0280, 'ABU BIN ALI', '0177000007', 'staff', 'pt complain of abdominal pain\r\nalert concious', 'INA', '01A01', 'priority3', 'Venue', 'Axiata Arena Stadium, Bukit Jalil, 57000 Kuala Lumpur, Wilayah Persekutuan Kuala Lumpur', '3.053668,101.693489', '2', '', '2017-07-27 11:59:17', '2017-07-27 11:59:04'),
	(0281, 'ABU', '0123456789', 'spectators', '', 'MINAH', '01A00', 'priority3', 'Venue', 'Axiata Arena Stadium, Bukit Jalil, 57000 Kuala Lumpur, Wilayah Persekutuan Kuala Lumpur', '3.053668,101.693489', '2', 'discharge', '2017-07-27 11:59:37', '2017-07-27 11:59:22'),
	(0282, 'ALI BIN ABU', '0123456789', 'spectators', '', 'INA BINTI ALI', '01A01', 'priority3', 'Venue', 'Axiata Arena Stadium, Bukit Jalil, 57000 Kuala Lumpur, Wilayah Persekutuan Kuala Lumpur', '3.053668,101.693489', '2', 'referral_non', '2017-07-27 11:59:27', '2017-07-27 11:59:33'),
	(0283, 'ALI BIN ABU', '0132999999', 'spectators', 'pt c/o abdominal pain start at 12pm', 'INA BINTI ALI', '01A00', 'priority1', 'Venue', 'Axiata Arena Stadium, Bukit Jalil, 57000 Kuala Lumpur, Wilayah Persekutuan Kuala Lumpur', '3.053668,101.693489', '2', '', '2017-07-27 11:59:35', '2017-07-27 11:59:42'),
	(0284, 'LUTFI ', '0139114184', 'athletes', 'pesakit terlantar kesakitan di tandas wanita\r\npendarahan berlaku di bahagian kepala', 'INA', '02A02', 'priority3', 'Venue', 'Axiata Arena Stadium, Bukit Jalil, 57000 Kuala Lumpur, Wilayah Persekutuan Kuala Lumpur', '3.053668,101.693489', '2', '', '2017-07-27 11:59:49', '2017-07-27 11:59:59'),
	(0285, 'ROOLBORO', '01234567', 'spectators', '', 'ROOLTINHO', '01C03', 'priority1', 'Venue', 'Axiata Arena Stadium, Bukit Jalil, 57000 Kuala Lumpur, Wilayah Persekutuan Kuala Lumpur', '3.053668,101.693489', '2', 'discharge', '2017-07-27 12:00:38', '2017-07-27 12:00:44'),
	(0286, 'MARKONAH', '0123656537', 'spectators', 'patient c/o abd pain x1/7', 'ALIO PUTRA', '01C01', 'priority1', 'Venue', 'Stadium Bola Sepak Kuala Lumpur, Jalan Tenteram, Bandar Tun Razak, 56000 Kuala Lumpur', '3.100570,101.721603', '20', 'emergency', '2017-07-27 12:03:32', '2017-07-27 12:03:26'),
	(0287, 'FAQEH', '0123456789', 'athletes', 'c/o abdominal pain', 'NIK', '01A01', 'priority3', 'Venue', 'Stadium Bola Sepak Kuala Lumpur, Jalan Tenteram, Bandar Tun Razak, 56000 Kuala Lumpur', '3.100570,101.721603', '20', '', '2017-07-27 12:09:49', '2017-07-27 12:09:37'),
	(0288, 'FAQEH', '0123456789', 'athletes', '', 'NIK', '01A00', 'priority2', 'Venue', 'Universiti Malaya Arena Stadium, Lingkungan Budi, 50603 Kuala Lumpur', '3.130957,101.658845', '14', '', '2017-07-27 12:12:37', '2017-07-27 12:12:31'),
	(0289, 'HAFIZ', '0123456789', 'athletes', '', 'HAFIZAH', '01A00', 'priority1', 'Venue', 'Stadium Bola Sepak Kuala Lumpur, Jalan Tenteram, Bandar Tun Razak, 56000 Kuala Lumpur', '3.100570,101.721603', '20', 'gmc_isn', '2017-07-27 15:05:34', '2017-07-27 15:06:14'),
	(0290, 'AFIF', '0123456789', 'spectators', '', 'FORD', '01A00', 'priority1', 'Venue', 'Stadium Bola Sepak Kuala Lumpur, Jalan Tenteram, Bandar Tun Razak, 56000 Kuala Lumpur', '3.100570,101.721603', '20', 'gmc_kkkl', '2017-07-27 15:13:21', '2017-07-27 15:12:50'),
	(0291, 'TOYOTA', '012345678', 'spectators', '', 'SUZUKI', '01A00', 'priority1', 'Venue', 'Stadium Bola Sepak Kuala Lumpur, Jalan Tenteram, Bandar Tun Razak, 56000 Kuala Lumpur', '3.100570,101.721603', '20', 'discharge', '2017-07-27 15:14:18', '2017-07-27 15:13:36'),
	(0292, 'AZROY', '0123456789', 'athletes', '', 'AZRUL', '01A01', 'priority1', 'Venue', 'National Velodrome, Persiaran Perbandaran, 71800 Nilai, Negeri Sembilan', '2.842616,101.786530', '26', '', '2017-08-01 14:30:44', '2017-08-01 14:30:22'),
	(0293, 'HAFIZ', '0123456789', 'athletes', '', 'AZRUL', '01A01', 'priority1', 'Venue', 'Stadium Majlis Perbandaran Selayang, PSN 1, Bandar Baru Selayang', '3.254897,101.657306', '7', '', '2017-08-01 14:33:02', '2017-08-01 14:33:25'),
	(0294, 'AZ', '3164', 'athletes', '', 'DF', '01A01', 'priority1', 'Venue', 'Stadium Majlis Perbandaran Selayang, PSN 1, Bandar Baru Selayang', '3.254897,101.657306', '7', '', '2017-08-01 14:34:50', '2017-08-01 14:34:06'),
	(0295, 'EDI', '0193835251', 'spectators', '', 'ABU', '01A00', 'priority2', 'Venue', 'Stadium Bola Sepak Kuala Lumpur, Jalan Tenteram, Bandar Tun Razak, 56000 Kuala Lumpur, Wilayah Persekutuan Kuala Lumpur, Malaysia', '3.100540,101.721560', '20', 'discharge', '2017-08-02 10:50:52', '2017-08-02 10:50:53'),
	(0296, 'AA', 'AA', 'spectators', '', 'AA', '01A01', 'priority1', 'Venue', 'Empire City, Damansara Perdana LBR Damansara Puchong (LDP) - Kampung Sungai Penchala', '3.166390,101.614959', '9', '', '2017-08-03 15:30:10', '2017-08-03 15:30:26');
/*!40000 ALTER TABLE `callcard` ENABLE KEYS */;

CREATE TABLE IF NOT EXISTS `eventcode` (
  `eventcode_code` varchar(50) DEFAULT NULL,
  `eventcode_desc` varchar(200) DEFAULT NULL,
  `eventcode_order` int(11) DEFAULT NULL
) ENGINE=InnoDB DEFAULT CHARSET=utf8;

/*!40000 ALTER TABLE `eventcode` DISABLE KEYS */;
INSERT INTO `eventcode` (`eventcode_code`, `eventcode_desc`, `eventcode_order`) VALUES
	('01A00', 'Abdominal Pain/Problems - Override A', 1),
	('01A01', 'Abdominal Pain/Problems - Abdominal pain', 2),
	('01C00', 'Abdominal Pain/Problems - Override', 3),
	('01C01', 'Abdominal Pain/Problems - SUSPECTED aortic aneurysm (tearing/ripping pain) = 50', 4),
	('01C02', 'Abdominal Pain/Problems - Known aortic aneurysm', 5),
	('01C03', 'Abdominal Pain/Problems - Fainting or near fainting => 50', 6),
	('01C04', 'Abdominal Pain/Problems - Females with fainting or near fainting 12-50', 7),
	('01C05', 'Abdominal Pain/Problems - Males with pain above navel => 35', 8),
	('01C06', 'Abdominal Pain/Problems - Females with pain above navel => 45', 9),
	('01D00', 'Abdominal Pain/Problems - Override D', 10),
	('01D01', 'Abdominal Pain/Problems - Not alert', 11),
	('01O01', 'Abdominal Pain/Problems - Males <15', 12),
	('01O02', 'Abdominal Pain/Problems - Females <12', 13),
	('02A00', 'Allergies/Envenomations - Override A', 14),
	('02A00I', 'Allergies/Envenomations - Override A Suffix I', 15),
	('02A00M', 'Allergies/Envenomations - Override A Suffix M', 16),
	('02A01', 'Allergies/Envenomations - No difficulty breathing or swallowing (rash, hives, or itching may be present)', 17),
	('02A01I', 'Allergies/Envenomations - No difficulty breathing or swallowing (rash, hives, or itching may be present) Suffix I', 18),
	('02A01M', 'Allergies/Envenomations - No difficulty breathing or swallowing (rash, hives, or itching may be present) Suffix M', 19),
	('02A02', 'Allergies/Envenomations - Spider bite', 20),
	('02A02I', 'Allergies/Envenomations - Spider bite Suffix I', 21),
	('02A02M', 'Allergies/Envenomations - Spider bite Suffix M', 22),
	('02B00', 'Allergies/Envenomations - Override B', 23),
	('02B00I', 'Allergies/Envenomations - Override B Suffix I', 24),
	('02B00M', 'Allergies/Envenomations - Override B Suffix M', 25),
	('02B01', 'Allergies/Envenomations - Unknown status/Other codes not applicable', 26),
	('02B01I', 'Allergies/Envenomations - Unknown status/Other codes not applicable Suffix I', 27),
	('02B01M', 'Allergies/Envenomations - Unknown status/Other codes not applicable Suffix M', 28),
	('02C00', 'Allergies/Envenomations - Override C', 29),
	('02C00I', 'Allergies/Envenomations - Override C Suffix I', 30),
	('02C00M', 'Allergies/Envenomations - Override C Suffix M', 31),
	('02C01', 'Allergies/Envenomations - Difficulty breathing or swallowing', 32),
	('02C01I', 'Allergies/Envenomations - Difficulty breathing or swallowing Suffix I', 33),
	('02C01M', 'Allergies/Envenomations - Difficulty breathing or swallowing Suffix M', 34),
	('02C02', 'Allergies/Envenomations - History of severe allergic reaction', 35),
	('02C02I', 'Allergies/Envenomations - History of severe allergic reaction Suffix I', 36),
	('02C02M', 'Allergies/Envenomations - History of severe allergic reaction Suffix M', 37),
	('02D00', 'Allergies/Envenomations - Override D', 38),
	('02D00I', 'Allergies/Envenomations - Override D Suffix I', 39),
	('02D00M', 'Allergies/Envenomations - Override D Suffix M', 40),
	('02D01', 'Allergies/Envenomations - Not alert', 41),
	('02D01I', 'Allergies/Envenomations - Not alert Suffix I', 42),
	('02D01M', 'Allergies/Envenomations - Not alert Suffix M', 43),
	('02D02', 'Allergies/Envenomations - DIFFICULTY SPEAKING BETWEEN BREATHS', 44),
	('02D02I', 'Allergies/Envenomations - DIFFICULTY SPEAKING BETWEEN BREATHS Suffix I', 45),
	('02D02M', 'Allergies/Envenomations - DIFFICULTY SPEAKING BETWEEN BREATHS Suffix M', 46),
	('02D03', 'Allergies/Envenomations - Swarming ATTACK (bee, wasp, hornet)', 47),
	('02D03I', 'Allergies/Envenomations - Swarming ATTACK (bee, wasp, hornet) Suffix I', 48),
	('02D03M', 'Allergies/Envenomations - Swarming ATTACK (bee, wasp, hornet) Suffix M', 49),
	('02D04', 'Allergies/Envenomations - Snakebite', 50),
	('02D04I', 'Allergies/Envenomations - Snakebite Suffix I', 51),
	('02D04M', 'Allergies/Envenomations - Snakebite Suffix M', 52),
	('02E00', 'Allergies/Envenomations - Override E', 53),
	('02E00I', 'Allergies/Envenomations - Override E Suffix I', 54),
	('02E00M', 'Allergies/Envenomations - Override E Suffix M', 55),
	('02E01', 'Allergies/Envenomations - INEFFECTIVE BREATHING', 56),
	('02E01I', 'Allergies/Envenomations - INEFFECTIVE BREATHING Suffix I', 57),
	('02E01M', 'Allergies/Envenomations - INEFFECTIVE BREATHING Suffix M', 58),
	('03A00', 'Animal Bites/Attacks - Override A', 59),
	('03A01', 'Animal Bites/Attacks - NOT DANGEROUS PROXIMAL body area', 60),
	('03A02', 'Animal Bites/Attacks - NONRECENT (= 6hrs) injuries (without priority symptoms)', 61),
	('03A03', 'Animal Bites/Attacks - SUPERFICIAL bites', 62),
	('03B00', 'Animal Bites/Attacks - Override B', 63),
	('03B01', 'Animal Bites/Attacks - POSSIBLY DANGEROUS body area', 64),
	('03B02', 'Animal Bites/Attacks - SERIOUS hemorrhage', 65),
	('03B03', 'Animal Bites/Attacks - Unknown status/Other codes not applicable', 66),
	('03D00', 'Animal Bites/Attacks - Override D', 67),
	('03D01', 'Animal Bites/Attacks - Unconscious or Arrest', 68),
	('03D02', 'Animal Bites/Attacks - Not alert', 69),
	('03D03', 'Animal Bites/Attacks - Chest or Neck injury (with difficulty breathing)', 70),
	('03D04', 'Animal Bites/Attacks - DANGEROUS body area', 71),
	('03D05', 'Animal Bites/Attacks - Large animal', 72),
	('03D06', 'Animal Bites/Attacks - EXOTIC animal', 73),
	('03D07', 'Animal Bites/Attacks - ATTACK or multiple animals', 74),
	('03O01', 'Animal Bites/Attacks - NOT DANGEROUS DISTAL body area', 75),
	('03O02', 'Animal Bites/Attacks - NON-RECENT (= 6hrs) injuries (without priority symptoms)', 76),
	('04A01', 'Assault / Sexual Assault - NOT DANGEROUS body area', 77),
	('04A01A', 'Assault / Sexual Assault - NOT DANGEROUS body area Suffix A', 78),
	('04A01S', 'Assault / Sexual Assault - NOT DANGEROUS body area Suffix S', 79),
	('04A02', 'Assault / Sexual Assault - NONRECENT (= 6hrs) injuries (without priority symptoms)', 80),
	('04A02A', 'Assault / Sexual Assault - NONRECENT (= 6hrs) injuries (without priority symptoms) Suffix A', 81),
	('04A02S', 'Assault / Sexual Assault - NONRECENT (= 6hrs) injuries (without priority symptoms) Suffix S', 82),
	('04B00', 'Assault / Sexual Assault - Override B', 83),
	('04B00A', 'Assault / Sexual Assault - Override B Suffix A', 84),
	('04B00S', 'Assault / Sexual Assault - Override B Suffix S', 85),
	('04B01', 'Assault / Sexual Assault - POSSIBLY DANGEROUS body area', 86),
	('04B01A', 'Assault / Sexual Assault - POSSIBLY DANGEROUS body area Suffix A', 87),
	('04B01S', 'Assault / Sexual Assault - POSSIBLY DANGEROUS body area Suffix S', 88),
	('04B02', 'Assault / Sexual Assault - SERIOUS hemorrhage', 89),
	('04B02A', 'Assault / Sexual Assault - SERIOUS hemorrhage Suffix A', 90),
	('04B02S', 'Assault / Sexual Assault - SERIOUS hemorrhage Suffix S', 91),
	('04B03', 'Assault / Sexual Assault - Unknown status/Other codes not applicable', 92),
	('04B03A', 'Assault / Sexual Assault - Unknown status/Other codes not applicable Suffix A', 93),
	('04B03S', 'Assault / Sexual Assault - Unknown status/Other codes not applicable Suffix S', 94),
	('04D00', 'Assault / Sexual Assault - Override D', 95),
	('04D00A', 'Assault / Sexual Assault - Override D Suffix A', 96),
	('04D00S', 'Assault / Sexual Assault - Override D Suffix S', 97),
	('04D01', 'Assault / Sexual Assault - Unconscious or Arrest', 98),
	('04D01A', 'Assault / Sexual Assault - Unconscious or Arrest Suffix A', 99),
	('04D01S', 'Assault / Sexual Assault - Unconscious or Arrest Suffix S', 100),
	('04D02', 'Assault / Sexual Assault - Not alert', 101),
	('04D02A', 'Assault / Sexual Assault - Not alert Suffix A', 102),
	('04D02S', 'Assault / Sexual Assault - Not alert Suffix S', 103),
	('04D03', 'Assault / Sexual Assault - Chest or Neck injury (with difficulty breathing)', 104),
	('04D03A', 'Assault / Sexual Assault - Chest or Neck injury (with difficulty breathing) Suffix A', 105),
	('04D03S', 'Assault / Sexual Assault - Chest or Neck injury (with difficulty breathing) Suffix S', 106),
	('04D04', 'Assault / Sexual Assault - Multiple victims', 107),
	('04D04A', 'Assault / Sexual Assault - Multiple victims Suffix A', 108),
	('04D04S', 'Assault / Sexual Assault - Multiple victims Suffix S', 109),
	('05A01', 'Back Pain - NON-TRAUMATIC back pain', 110),
	('05A02', 'Back Pain - NON-RECENT (= 6hrs) traumatic back pain (without priority symptoms)', 111),
	('05B0', 'Jatuh - Kesukaran Bernafas/Tidak Bernafas', 112),
	('05C00', 'Back Pain - Override C', 113),
	('05C01', 'Back Pain - SUSPECTED aortic aneurysm (tearing/ripping pain) = 50', 114),
	('05C02', 'Back Pain - Known aortic aneurysm', 115),
	('05C03', 'Back Pain - Fainting or near fainting => 50', 116),
	('05D00', 'Back Pain - Override D', 117),
	('05D01', 'Back Pain - Not alert', 118),
	('06C01', 'Breathing Problems - Abnormal breathing', 119),
	('06C01A', 'Breathing Problems - Abnormal breathing Suffix A', 120),
	('06D00', 'Breathing Problems - Override D', 121),
	('06D00A', 'Breathing Problems - Override D Suffix A', 122),
	('06D01', 'Breathing Problems - Not alert', 123),
	('06D01A', 'Breathing Problems - Not alert Suffix A', 124),
	('06D02', 'Breathing Problems - DIFFICULTY SPEAKING BETWEEN BREATHS', 125),
	('06D02A', 'Breathing Problems - DIFFICULTY SPEAKING BETWEEN BREATHS Suffix A', 126),
	('06D03', 'Breathing Problems - CHANGING COLOR', 127),
	('06D03A', 'Breathing Problems - CHANGING COLOR Suffix A', 128),
	('06D04', 'Breathing Problems - Clammy', 129),
	('06D04A', 'Breathing Problems - Clammy Suffix A', 130),
	('06E00', 'Breathing Problems - Override E', 131),
	('06E00A', 'Breathing Problems - Override Suffix A', 132),
	('06E01', 'Breathing Problems - INEFFECTIVE BREATHING', 133),
	('06E01A', 'Breathing Problems - INEFFECTIVE BREATHING Suffix A', 134),
	('07A01', 'Burns / ExplosionBurns - < 18% body area', 135),
	('07A01E', 'Burns / ExplosionBurns - < 18% body area Suffix E', 136),
	('07A01F', 'Burns / ExplosionBurns - < 18% body area Suffix F', 137),
	('07A01W', 'Burns / ExplosionBurns - <18% body area Suffix W', 138),
	('07A02', 'Burns / ExplosionBurns - Fire alarm (unknown situation)', 139),
	('07A02E', 'Burns / ExplosionBurns - Fire alarm (unknown situation) Suffix E', 140),
	('07A02F', 'Burns / ExplosionBurns - Fire alarm (unknown situation) Suffix F', 141),
	('07A02W', 'Burns / ExplosionBurns - Fire Alarm (unknown situation) Suffix W', 142),
	('07A03', 'Burns / ExplosionBurns - Sunburn or MINOR burns (<= hand size)', 143),
	('07A03E', 'Burns / ExplosionBurns - Sunburn or MINOR burns (<= hand size) Suffix E', 144),
	('07A03F', 'Burns / ExplosionBurns - Sunburn or MINOR burns (<= hand size) Suffix F', 145),
	('07A03W', 'Burns / ExplosionBurns - Sunburn or MINOR burns (< = hand size) Suffix W', 146),
	('07B00', 'Burns / ExplosionBurns - Override B', 147),
	('07B00E', 'Burns / ExplosionBurns - Override B Suffix E', 148),
	('07B00F', 'Burns / ExplosionBurns - Override B Suffix F', 149),
	('07B00W', 'Burns / ExplosionBurns - Override B Suffix W', 150),
	('07B01', 'Burns / ExplosionBurns - Blast injuries (without priority symptoms)', 151),
	('07B01E', 'Burns / ExplosionBurns - Blast injuries (without priority symptoms) Suffix E', 152),
	('07B01F', 'Burns / ExplosionBurns - Blast injuries (without priority symptoms) Suffix F', 153),
	('07B01W', 'Burns / ExplosionBurns - Blast injuries (without priority simptoms) Suffix W', 154),
	('07B02', 'Burns / ExplosionBurns - Unknown status/Other codes not applicable', 155),
	('07B02E', 'Burns / ExplosionBurns - Unknown status/Other codes not applicable Suffix E', 156),
	('07B02F', 'Burns / ExplosionBurns - Unknown status/Other codes not applicable Suffix F', 157),
	('07B02W', 'Burns / ExplosionBurns - Unknown Status/Other codes not applicable Suffix W', 158),
	('07C00', 'Burns / ExplosionBurns - Override C', 159),
	('07C00E', 'Burns / ExplosionBurns - Override C Suffix E', 160),
	('07C00F', 'Burns / ExplosionBurns - Override C Suffix F', 161),
	('07C00W', 'Burns / ExplosionBurns - Override C Suffix W', 162),
	('07C01', 'Burns / ExplosionBurns - Building fire with persons reported inside', 163),
	('07C01E', 'Burns / ExplosionBurns - Building fire with persons reported inside Suffix E', 164),
	('07C01F', 'Burns / ExplosionBurns - Building fire with persons reported inside Suffix F', 165),
	('07C01W', 'Burns / ExplosionBurns - Building fire with persons reported inside Suffix W', 166),
	('07C02', 'Burns / ExplosionBurns - Difficulty breathing', 167),
	('07C02E', 'Burns / ExplosionBurns - Difficulty breathing Suffix E', 168),
	('07C02F', 'Burns / ExplosionBurns - Difficulty breathing Suffix F', 169),
	('07C02W', 'Burns / ExplosionBurns - Difficulty Breathing Suffix W', 170),
	('07C03', 'Burns / ExplosionBurns - Burns => 18% body area', 171),
	('07C03E', 'Burns / ExplosionBurns - Burns => 18% body area Suffix E', 172),
	('07C03F', 'Burns / ExplosionBurns - Burns => 18% body area Suffix F', 173),
	('07C03W', 'Burns / ExplosionBurns - Burns => body area Suffix W', 174),
	('07C04', 'Burns / ExplosionBurns - SIGNIFICANT FACIAL burns', 175),
	('07C04E', 'Burns / ExplosionBurns - SIGNIFICANT FACIAL burns Suffix E', 176),
	('07C04F', 'Burns / ExplosionBurns - SIGNIFICANT FACIAL burns Suffix F', 177),
	('07C04W', 'Burns / ExplosionBurns - SIGNIFICANT FACIAL burns Suffix W', 178),
	('07D00', 'Burns / ExplosionBurns - Override D', 179),
	('07D00E', 'Burns / ExplosionBurns - Override D Suffix E', 180),
	('07D00F', 'Burns / ExplosionBurns - Override D Suffix F', 181),
	('07D00W', 'Burns / ExplosionBurns - Override D Suffix W', 182),
	('07D01', 'Burns / ExplosionBurns - Multiple Victims', 183),
	('07D01E', 'Burns / ExplosionBurns - Multiple Victims Suffix E', 184),
	('07D01F', 'Burns / ExplosionBurns - Multiple Victims Suffix F', 185),
	('07D01W', 'Burns / ExplosionBurns - Multiple victims Suffix W', 186),
	('07D02', 'Burns / ExplosionBurns - Unconscious or Arrest', 187),
	('07D02E', 'Burns / ExplosionBurns - Unconscious or Arrest Suffix E', 188),
	('07D02F', 'Burns / ExplosionBurns - Unconscious or Arrest Suffix F', 189),
	('07D02W', 'Burns / ExplosionBurns - Unconcious or Arrest Suffix W', 190),
	('07D03', 'Burns / ExplosionBurns - Not alert', 191),
	('07D03E', 'Burns / ExplosionBurns - Not alert Suffix E', 192),
	('07D03F', 'Burns / ExplosionBurns - Not alert Suffix F', 193),
	('07D03W', 'Burns / ExplosionBurns - Not Alert Suffix W', 194),
	('07D04', 'Burns / ExplosionBurns - DIFFICULTY SPEAKING BETWEEN BREATHS', 195),
	('07D04E', 'Burns / ExplosionBurns - DIFFICULTY SPEAKING BETWEEN BREATHS Suffix E', 196),
	('07D04F', 'Burns / ExplosionBurns - DIFFICULTY SPEAKING BETWEEN BREATHS Suffix F', 197),
	('07D04W', 'Burns / ExplosionBurns -DIFFICULTY SPEAKING BETWEEN BREATHS Suffix W', 198),
	('07E00', 'Burns / ExplosionBurns - Override E', 199),
	('07E00E', 'Burns / ExplosionBurns - Override E Suffix E', 200),
	('07E00F', 'Burns / ExplosionBurns - Override E Suffix F', 201),
	('07E00W', 'Burns / ExplosionBurns - Override E Suffix W', 202),
	('07E01', 'Burns / ExplosionBurns - Person on Fire', 203),
	('07E01E', 'Burns / ExplosionBurns - Person on Fire Suffix E', 204),
	('07E01F', 'Burns / ExplosionBurns - Person on Fire Suffix F', 205),
	('07E01W', 'Burns / ExplosionBurns - Person on Fire Suffix W', 206),
	('08B00', 'Carbon Monoxide/Inhaltation/Hazmat - Override B', 207),
	('08B00B', 'Carbon Monoxide/Inhaltation/Hazmat - Override B Suffix B', 208),
	('08B00C', 'Carbon Monoxide/Inhaltation/Hazmat - Override B Suffix C', 209),
	('08B00G', 'Carbon Monoxide/Inhaltation/Hazmat - Override B Suffix G', 210),
	('08B00M', 'Carbon Monoxide/Inhaltation/Hazmat - Override B Suffix M', 211),
	('08B00N', 'Carbon Monoxide/Inhaltation/Hazmat - Override B Suffix N', 212),
	('08B00R', 'Carbon Monoxide/Inhaltation/Hazmat - Override B Suffix R', 213),
	('08B00S', 'Carbon Monoxide/Inhaltation/Hazmat - Override B Suffix S', 214),
	('08B00U', 'Carbon Monoxide/Inhaltation/Hazmat - Override B Suffix U', 215),
	('08B01', 'Carbon Monoxide/Inhaltation/Hazmat - Alert without difficulty breathing', 216),
	('08B01B', 'Carbon Monoxide/Inhaltation/Hazmat - Alert without difficulty breathing Suffix B', 217),
	('08B01C', 'Carbon Monoxide/Inhaltation/Hazmat - Alert without difficulty breathing Suffix C', 218),
	('08B01G', 'Carbon Monoxide/Inhaltation/Hazmat - Alert without difficulty breathing Suffix G', 219),
	('08B01M', 'Carbon Monoxide/Inhaltation/Hazmat - Alert without difficulty breathing Suffix M', 220),
	('08B01N', 'Carbon Monoxide/Inhaltation/Hazmat - Alert without difficulty breathing Suffix N', 221),
	('08B01R', 'Carbon Monoxide/Inhaltation/Hazmat - Alert without difficulty breathing Suffix R', 222),
	('08B01S', 'Carbon Monoxide/Inhaltation/Hazmat - Alert without difficulty breathing Suffix S', 223),
	('08B01U', 'Carbon Monoxide/Inhaltation/Hazmat - Alert without difficulty breathing Suffix U', 224),
	('08C00', 'Carbon Monoxide/Inhaltation/Hazmat - Override C', 225),
	('08C00B', 'Carbon Monoxide/Inhaltation/Hazmat - Override C Suffix B', 226),
	('08C00C', 'Carbon Monoxide/Inhaltation/Hazmat - Override C Suffix C', 227),
	('08C00G', 'Carbon Monoxide/Inhaltation/Hazmat - Override C Suffix G', 228),
	('08C00M', 'Carbon Monoxide/Inhaltation/Hazmat - Override C Suffix M', 229),
	('08C00N', 'Carbon Monoxide/Inhaltation/Hazmat - Override C Suffix N', 230),
	('08C00R', 'Carbon Monoxide/Inhaltation/Hazmat - Override C Suffix R', 231),
	('08C00S', 'Carbon Monoxide/Inhaltation/Hazmat - Override C Suffix S', 232),
	('08C00U', 'Carbon Monoxide/Inhaltation/Hazmat - Override C Suffix U', 233),
	('08C01', 'Carbon Monoxide/Inhaltation/Hazmat - Alert with difficulty breathing', 234),
	('08C01B', 'Carbon Monoxide/Inhaltation/Hazmat - Alert with difficulty breathing Suffix B', 235),
	('08C01C', 'Carbon Monoxide/Inhaltation/Hazmat - Alert with difficulty breathing Suffix C', 236),
	('08C01G', 'Carbon Monoxide/Inhaltation/Hazmat - Alert with difficulty breathing Suffix G', 237),
	('08C01M', 'Carbon Monoxide/Inhaltation/Hazmat - Alert with difficulty breathing Suffix M', 238),
	('08C01N', 'Carbon Monoxide/Inhaltation/Hazmat - Alert with difficulty breathing Suffix N', 239),
	('08C01R', 'Carbon Monoxide/Inhaltation/Hazmat - Alert with difficulty breathing Suffix R', 240),
	('08C01S', 'Carbon Monoxide/Inhaltation/Hazmat - Alert with difficulty breathing Suffix S', 241),
	('08C01U', 'Carbon Monoxide/Inhaltation/Hazmat - Alert with difficulty breathing Suffix U', 242),
	('08D00', 'Carbon Monoxide/Inhaltation/Hazmat - Override D', 243),
	('08D00B', 'Carbon Monoxide/Inhaltation/Hazmat - Override D Suffix B', 244),
	('08D00C', 'Carbon Monoxide/Inhaltation/Hazmat - Override D Suffix C', 245),
	('08D00G', 'Carbon Monoxide/Inhaltation/Hazmat - Override D Suffix G', 246),
	('08D00M', 'Carbon Monoxide/Inhaltation/Hazmat - Override D Suffix M', 247),
	('08D00N', 'Carbon Monoxide/Inhaltation/Hazmat - Override D Suffix N', 248),
	('08D00R', 'Carbon Monoxide/Inhaltation/Hazmat - Override D Suffix R', 249),
	('08D00S', 'Carbon Monoxide/Inhaltation/Hazmat - Override D Suffix S', 250),
	('08D00U', 'Carbon Monoxide/Inhaltation/Hazmat - Override D Suffix U', 251),
	('08D01', 'Carbon Monoxide/Inhaltation/Hazmat - Unconscious or Arrest', 252),
	('08D01B', 'Carbon Monoxide/Inhaltation/Hazmat - Unconscious or Arrest Suffix B', 253),
	('08D01C', 'Carbon Monoxide/Inhaltation/Hazmat - Unconscious or Arrest Suffix C', 254),
	('08D01G', 'Carbon Monoxide/Inhaltation/Hazmat - Unconscious or Arrest Suffix G', 255),
	('08D01M', 'Carbon Monoxide/Inhaltation/Hazmat - Unconscious or Arrest Suffix M', 256),
	('08D01N', 'Carbon Monoxide/Inhaltation/Hazmat - Unconscious or Arrest Suffix N', 257),
	('08D01R', 'Carbon Monoxide/Inhaltation/Hazmat - Unconscious or Arrest Suffix R', 258),
	('08D01S', 'Carbon Monoxide/Inhaltation/Hazmat - Unconscious or Arrest Suffix S', 259),
	('08D01U', 'Carbon Monoxide/Inhaltation/Hazmat - Unconscious or Arrest Suffix U', 260),
	('08D02', 'Carbon Monoxide/Inhaltation/Hazmat - Not alert', 261),
	('08D02B', 'Carbon Monoxide/Inhaltation/Hazmat - Not alert Suffix B', 262),
	('08D02C', 'Carbon Monoxide/Inhaltation/Hazmat - Not alert Suffix C', 263),
	('08D02G', 'Carbon Monoxide/Inhaltation/Hazmat - Not alert Suffix G', 264),
	('08D02M', 'Carbon Monoxide/Inhaltation/Hazmat - Not alert Suffix M', 265),
	('08D02N', 'Carbon Monoxide/Inhaltation/Hazmat - Not alert Suffix N', 266),
	('08D02R', 'Carbon Monoxide/Inhaltation/Hazmat - Not alert Suffix R', 267),
	('08D02S', 'Carbon Monoxide/Inhaltation/Hazmat - Not alert Suffix S', 268),
	('08D02U', 'Carbon Monoxide/Inhaltation/Hazmat - Not alert Suffix U', 269),
	('08D03', 'Carbon Monoxide/Inhaltation/Hazmat - DIFFICULTY SPEAKING BETWEEN BREATHS', 270),
	('08D03B', 'Carbon Monoxide/Inhaltation/Hazmat - DIFFICULTY SPEAKING BETWEEN BREATHS Suffix B', 271),
	('08D03C', 'Carbon Monoxide/Inhaltation/Hazmat - DIFFICULTY SPEAKING BETWEEN BREATHS Suffix C', 272),
	('08D03G', 'Carbon Monoxide/Inhaltation/Hazmat - DIFFICULTY SPEAKING BETWEEN BREATHS Suffix G', 273),
	('08D03M', 'Carbon Monoxide/Inhaltation/Hazmat - DIFFICULTY SPEAKING BETWEEN BREATHS Suffix M', 274),
	('08D03N', 'Carbon Monoxide/Inhaltation/Hazmat - DIFFICULTY SPEAKING BETWEEN BREATHS Suffix N', 275),
	('08D03R', 'Carbon Monoxide/Inhaltation/Hazmat - DIFFICULTY SPEAKING BETWEEN BREATHS Suffix R', 276),
	('08D03S', 'Carbon Monoxide/Inhaltation/Hazmat - DIFFICULTY SPEAKING BETWEEN BREATHS Suffix S', 277),
	('08D03U', 'Carbon Monoxide/Inhaltation/Hazmat - DIFFICULTY SPEAKING BETWEEN BREATHS Suffix U', 278),
	('08D04', 'Carbon Monoxide/Inhaltation/Hazmat - Multiple victims', 279),
	('08D04B', 'Carbon Monoxide/Inhaltation/Hazmat - Multiple victims Suffix B', 280),
	('08D04C', 'Carbon Monoxide/Inhaltation/Hazmat - Multiple victims Suffix C', 281),
	('08D04G', 'Carbon Monoxide/Inhaltation/Hazmat - Multiple victims Suffix G', 282),
	('08D04M', 'Carbon Monoxide/Inhaltation/Hazmat - Multiple victims Suffix M', 283),
	('08D04N', 'Carbon Monoxide/Inhaltation/Hazmat - Multiple victims Suffix N', 284),
	('08D04R', 'Carbon Monoxide/Inhaltation/Hazmat - Multiple victims Suffix R', 285),
	('08D04S', 'Carbon Monoxide/Inhaltation/Hazmat - Multiple victims Suffix S', 286),
	('08D04U', 'Carbon Monoxide/Inhaltation/Hazmat - Multiple victims Suffix U', 287),
	('08D05', 'Carbon Monoxide/Inhaltation/Hazmat - Unknown status/Other codes not applicable', 288),
	('08D05B', 'Carbon Monoxide/Inhaltation/Hazmat - Unknown status/Other codes not applicable Suffix B', 289),
	('08D05C', 'Carbon Monoxide/Inhaltation/Hazmat - Unknown status/Other codes not applicable Suffix C', 290),
	('08D05G', 'Carbon Monoxide/Inhaltation/Hazmat - Unknown status/Other codes not applicable Suffix G', 291),
	('08D05M', 'Carbon Monoxide/Inhaltation/Hazmat - Unknown status/Other codes not applicable Suffix M', 292),
	('08D05N', 'Carbon Monoxide/Inhaltation/Hazmat - Unknown status/Other codes not applicable Suffix N', 293),
	('08D05R', 'Carbon Monoxide/Inhaltation/Hazmat - Unknown status/Other codes not applicable Suffix R', 294),
	('08D05S', 'Carbon Monoxide/Inhaltation/Hazmat - Unknown status/Other codes not applicable Suffix S', 295),
	('08D05U', 'Carbon Monoxide/Inhaltation/Hazmat - Unknown status/Other codes not applicable Suffix U', 296),
	('08O01', 'Carbon Monoxide/Inhaltation/Hazmat - Carbon monoxide detector alarm (without priority symptoms)', 297),
	('08O01B', 'Carbon Monoxide/Inhaltation/Hazmat - Carbon monoxide detector alarm (without priority symptoms) Suffix B', 298),
	('08O01C', 'Carbon Monoxide/Inhaltation/Hazmat - Carbon monoxide detector alarm (without priority symptoms) Suffix C', 299),
	('08O01G', 'Carbon Monoxide/Inhaltation/Hazmat - Carbon monoxide detector alarm (without priority symptoms) Suffix G', 300),
	('08O01M', 'Carbon Monoxide/Inhaltation/Hazmat - Carbon monoxide detector alarm (without priority symptoms) Suffix M', 301),
	('08O01N', 'Carbon Monoxide/Inhaltation/Hazmat - Carbon monoxide detector alarm (without priority symptoms) Suffix N', 302),
	('08O01R', 'Carbon Monoxide/Inhaltation/Hazmat - Carbon monoxide detector alarm (without priority symptoms) Suffix R', 303),
	('08O01S', 'Carbon Monoxide/Inhaltation/Hazmat - Carbon monoxide detector alarm (without priority symptoms) Suffix S', 304),
	('08O01U', 'Carbon Monoxide/Inhaltation/Hazmat - Carbon monoxide detector alarm (without priority symptoms) Suffix U', 305),
	('09B00', 'Cardiac or Respiratory Arrest / Death - Override B', 306),
	('09B01', 'Cardiac or Respiratory Arrest / Death - OBVIOUS DEATH unquestionable (a through i)', 307),
	('09B01a', 'Cardiac or Respiratory Arrest / Death - OBVIOUS DEATH unquestionable (a through i) Suffix a', 308),
	('09B01b', 'Cardiac or Respiratory Arrest / Death - OBVIOUS DEATH unquestionable (a through i) Suffix b', 309),
	('09B01c', 'Cardiac or Respiratory Arrest / Death - OBVIOUS DEATH unquestionable (a through i) Suffix c', 310),
	('09B01d', 'Cardiac or Respiratory Arrest / Death - OBVIOUS DEATH unquestionable (a through i) Suffix d', 311),
	('09B01e', 'Cardiac or Respiratory Arrest / Death - OBVIOUS DEATH unquestionable (a through i) Suffix e', 312),
	('09B01f', 'Cardiac or Respiratory Arrest / Death - OBVIOUS DEATH unquestionable (a through i) Suffix f', 313),
	('09B01g', 'Cardiac or Respiratory Arrest / Death - OBVIOUS DEATH unquestionable (a through i) Suffix g', 314),
	('09B01h', 'Cardiac or Respiratory Arrest / Death - OBVIOUS DEATH unquestionable (a through i) Suffix h', 315),
	('09B01i', 'Cardiac or Respiratory Arrest / Death - OBVIOUS DEATH unquestionable (a through i) Suffix i', 316),
	('09B01x', 'Cardiac or Respiratory Arrest / Death - OBVIOUS DEATH unquestionable (a through i) Suffix x', 317),
	('09B01y', 'Cardiac or Respiratory Arrest / Death - OBVIOUS DEATH unquestionable (a through i) Suffix y', 318),
	('09B01z', 'Cardiac or Respiratory Arrest / Death - OBVIOUS DEATH unquestionable (a through i) Suffix z', 319),
	('09D00', 'Cardiac or Respiratory Arrest / Death - Override D', 320),
	('09D01', 'Cardiac or Respiratory Arrest / Death - INEFFECTIVE BREATHING', 321),
	('09D02', 'Cardiac or Respiratory Arrest / Death - OBVIOUS or EXPECTED DEATH questionable', 322),
	('09D02a', 'Cardiac or Respiratory Arrest / Death - OBVIOUS or EXPECTED DEATH questionable Suffix a', 323),
	('09D02b', 'Cardiac or Respiratory Arrest / Death - OBVIOUS or EXPECTED DEATH questionable Suffix b', 324),
	('09D02c', 'Cardiac or Respiratory Arrest / Death - OBVIOUS or EXPECTED DEATH questionable Suffix c', 325),
	('09D02d', 'Cardiac or Respiratory Arrest / Death - OBVIOUS or EXPECTED DEATH questionable Suffix d', 326),
	('09D02e', 'Cardiac or Respiratory Arrest / Death - OBVIOUS or EXPECTED DEATH questionable Suffix e', 327),
	('09D02f', 'Cardiac or Respiratory Arrest / Death - OBVIOUS or EXPECTED DEATH questionable Suffix f', 328),
	('09D02g', 'Cardiac or Respiratory Arrest / Death - OBVIOUS or EXPECTED DEATH questionable Suffix g', 329),
	('09D02h', 'Cardiac or Respiratory Arrest / Death - OBVIOUS or EXPECTED DEATH questionable Suffix h', 330),
	('09D02i', 'Cardiac or Respiratory Arrest / Death - OBVIOUS or EXPECTED DEATH questionable Suffix i', 331),
	('09D02x', 'Cardiac or Respiratory Arrest / Death - OBVIOUS or EXPECTED DEATH questionable Suffix x', 332),
	('09D02y', 'Cardiac or Respiratory Arrest / Death - OBVIOUS or EXPECTED DEATH questionable Suffix y', 333),
	('09D02z', 'Cardiac or Respiratory Arrest / Death - OBVIOUS or EXPECTED DEATH questionable Suffix z', 334),
	('09E00', 'Cardiac or Respiratory Arrest / Death - Override E', 335),
	('09E01', 'Cardiac or Respiratory Arrest / Death - Not breathing at all', 336),
	('09E02', 'Cardiac or Respiratory Arrest / Death - Breathing uncertain (agonal)', 337),
	('09E03', 'Cardiac or Respiratory Arrest / Death - Hanging', 338),
	('09E04', 'Cardiac or Respiratory Arrest / Death - Strangulation', 339),
	('09E05', 'Cardiac or Respiratory Arrest / Death - Suffocation', 340),
	('09E06', 'Cardiac or Respiratory Arrest / Death - Underwater', 341),
	('09O01', 'Cardiac or Respiratory Arrest / Death - EXPECTED DEATH unquestionable (x through z)', 342),
	('09O01a', 'Cardiac or Respiratory Arrest / Death - EXPECTED DEATH unquestionable (x through z) Suffix a', 343),
	('09O01b', 'Cardiac or Respiratory Arrest / Death - EXPECTED DEATH unquestionable (x through z) Suffix b', 344),
	('09O01c', 'Cardiac or Respiratory Arrest / Death - EXPECTED DEATH unquestionable (x through z) Suffix c', 345),
	('09O01d', 'Cardiac or Respiratory Arrest / Death - EXPECTED DEATH unquestionable (x through z) Suffix d', 346),
	('09O01e', 'Cardiac or Respiratory Arrest / Death - EXPECTED DEATH unquestionable (x through z) Suffix e', 347),
	('09O01f', 'Cardiac or Respiratory Arrest / Death - EXPECTED DEATH unquestionable (x through z) Suffix f', 348),
	('09O01g', 'Cardiac or Respiratory Arrest / Death - EXPECTED DEATH unquestionable (x through z) Suffix g', 349),
	('09O01h', 'Cardiac or Respiratory Arrest / Death - EXPECTED DEATH unquestionable (x through z) Suffix h', 350),
	('09O01i', 'Cardiac or Respiratory Arrest / Death - EXPECTED DEATH unquestionable (x through z) Suffix i', 351),
	('09O01x', 'Cardiac or Respiratory Arrest / Death - EXPECTED DEATH unquestionable (x through z) Suffix x', 352),
	('09O01y', 'Cardiac or Respiratory Arrest / Death - EXPECTED DEATH unquestionable (x through z) Suffix y', 353),
	('09O01z', 'Cardiac or Respiratory Arrest / Death - EXPECTED DEATH unquestionable (x through z) Suffix z', 354),
	('10A01', 'Chest Pain - Breathing normally < 35', 355),
	('10C00', 'Chest Pain - Override C', 356),
	('10C01', 'Chest Pain - Abnormal breathing', 357),
	('10C02', 'Chest Pain - Heart attack or angina history', 358),
	('10C03', 'Chest Pain - Cocaine', 359),
	('10C04', 'Chest Pain - Breathing normally => 35', 360),
	('10D00', 'Chest Pain - Override D', 361),
	('10D01', 'Chest Pain - Not alert', 362),
	('10D02', 'Chest Pain - DIFFICULTY SPEAKING BETWEEN BREATHS', 363),
	('10D03', 'Chest Pain - CHANGING COLOR', 364),
	('10D04', 'Chest Pain - Clammy', 365),
	('11A01', 'Choking - Not choking now (can talk or cry, is alert and breathing normally)', 366),
	('11D00', 'Choking - Override D', 367),
	('11D01', 'Choking - Abnormal breathing (PARTIAL obstruction)', 368),
	('11D02', 'Choking - Not alert', 369),
	('11E00', 'Choking - Override E', 370),
	('11E01', 'Choking - COMPLETE obstruction/INEFFECTIVE BREATHING', 371),
	('12A01', 'Convulsions / Seizures - Not seizing now and effective breathing verified (known seizure disorder)', 372),
	('12A01E', 'Convulsions / Seizures - Not seizing now and effective breathing verified (known seizure disorder) Suffix E', 373),
	('12A02', 'Convulsions / Seizures - Not seizing now and effective breathing verified (seizure disorder unknown)', 374),
	('12A02E', 'Convulsions / Seizures - Not seizing now and effective breathing verified (seizure disorder unknown) Suffix E', 375),
	('12A03', 'Convulsions / Seizures - Not seizing now and effective breathing verified (<= 6, confirmed no seizure disorder)', 376),
	('12A03E', 'Convulsions / Seizures - Not seizing now and effective breathing verified (<= 6, confirmed no seizure disorder) Suffix E', 377),
	('12A04', 'Convulsions / Seizures - FOCAL seizure (alert)', 378),
	('12A04E', 'Convulsions / Seizures - FOCAL seizure (alert) Suffix E', 379),
	('12A05', 'Convulsions / Seizures - Impending seizure (aura)', 380),
	('12A05E', 'Convulsions / Seizures - Impending seizure (aura) Suffix E', 381),
	('12B00', 'Convulsions / Seizures - Override A', 382),
	('12B00E', 'Convulsions / Seizures - Override A Suffix E', 383),
	('12B01', 'Convulsions / Seizures - Effective breathing not verified < 35', 384),
	('12B01E', 'Convulsions / Seizures - Effective breathing not verified < 35 Suffix E', 385),
	('12C00', 'Convulsions / Seizures - Override C', 386),
	('12C00E', 'Convulsions / Seizures - Override C Suffix E', 387),
	('12C01', 'Convulsions / Seizures - FOCAL seizure (not alert)', 388),
	('12C01E', 'Convulsions / Seizures - FOCAL seizure (not alert) Suffix E', 389),
	('12C02', 'Convulsions / Seizures - Pregnancy', 390),
	('12C02E', 'Convulsions / Seizures - Pregnancy Suffix E', 391),
	('12C03', 'Convulsions / Seizures - Diabetic', 392),
	('12C03E', 'Convulsions / Seizures - Diabetic Suffix E', 393),
	('12C04', 'Convulsions / Seizures - Not seizing now and effective breathing verified (> 6, confirmed no seizure disorder)', 394),
	('12C04E', 'Convulsions / Seizures - Not seizing now and effective breathing verified (> 6, confirmed no seizure disorder) Suffix E', 395),
	('12C05', 'Convulsions / Seizures - History of STROKE or brain tumor', 396),
	('12C05E', 'Convulsions / Seizures - History of STROKE or brain tumor Suffix E', 397),
	('12C06', 'Convulsions / Seizures - OVERDOSE/POISONING (ingestion)', 398),
	('12C06E', 'Convulsions / Seizures - OVERDOSE/POISONING (ingestion) Suffix E', 399),
	('12C07', 'Convulsions / Seizures - ATYPICAL Seizure', 400),
	('12C07E', 'Convulsions / Seizures - ATYPICAL Seizure Suffix E', 401),
	('12D00', 'Convulsions / Seizures - Override D', 402),
	('12D00E', 'Convulsions / Seizures - Override D Suffix E', 403),
	('12D01', 'Convulsions / Seizures - Not breathing (after Key Questioning)', 404),
	('12D01E', 'Convulsions / Seizures - Not breathing (after Key Questioning) Suffix E', 405),
	('12D02', 'Convulsions / Seizures - CONTINUOUS or MULTIPLE seizures', 406),
	('12D02E', 'Convulsions / Seizures - CONTINUOUS or MULTIPLE seizures Suffix E', 407),
	('12D03', 'Convulsions / Seizures - AGONAL/INEFFECTIVE BREATHING', 408),
	('12D03E', 'Convulsions / Seizures - AGONAL/INEFFECTIVE BREATHING Suffix E', 409),
	('12D04', 'Convulsions / Seizures - Effective breathing not verified = 35', 410),
	('12D04E', 'Convulsions / Seizures - Effective breathing not verified = 35 Suffix E', 411),
	('13A01', 'Diabetic Problems - Alert and behaving normally', 412),
	('13A01C', 'Diabetic Problems - Alert and behaving normally Suffix C', 413),
	('13C00', 'Diabetic Problems - Override A', 414),
	('13C00C', 'Diabetic Problems - Override A Suffix C', 415),
	('13C01', 'Diabetic Problems - Not alert', 416),
	('13C01C', 'Diabetic Problems - Not alert Suffix C', 417),
	('13C02', 'Diabetic Problems - Abnormal behavior', 418),
	('13C02C', 'Diabetic Problems - Abnormal behavior Suffix C', 419),
	('13C03', 'Diabetic Problems - Abnormal breathing', 420),
	('13C03C', 'Diabetic Problems - Abnormal breathing Suffix C', 421),
	('13D00', 'Diabetic Problems - Override D', 422),
	('13D00C', 'Diabetic Problems - Override D Suffix C', 423),
	('13D01', 'Diabetic Problems - Unconscious', 424),
	('13D01C', 'Diabetic Problems - Unconscious Suffix C', 425),
	('14A01', 'Drowning / Diving / Scuba Accident - Alert and breathing normally (no injuries and out of water)', 426),
	('14B00', 'Drowning / Diving / Scuba Accident - Override B', 427),
	('14B01', 'Drowning / Diving / Scuba Accident - Alert and breathing normally (injuries or in water)', 428),
	('14B02', 'Drowning / Diving / Scuba Accident - Unknown status/Other codes not applicable', 429),
	('14C00', 'Drowning / Diving / Scuba Accident - Override C', 430),
	('14C01', 'Drowning / Diving / Scuba Accident - Alert with abnormal breathing', 431),
	('14D00', 'Drowning / Diving / Scuba Accident - Override D', 432),
	('14D01', 'Drowning / Diving / Scuba Accident - Unconscious or Arrest', 433),
	('14D02', 'Drowning / Diving / Scuba Accident - Not alert', 434),
	('14D03', 'Drowning / Diving / Scuba Accident - DIVING or suspected neck injury', 435),
	('14D04', 'Drowning / Diving / Scuba Accident - SCUBA accident', 436),
	('15C01', 'Electrocution / Lightning - Alert and breathing normally', 437),
	('15C01E', 'Electrocution / Lightning - Alert and breathing normally Suffix E', 438),
	('15C01L', 'Electrocution / Lightning - Alert and breathing normally Suffix L', 439),
	('15D00', 'Electrocution / Lightning - Override D Suffix', 440),
	('15D00E', 'Electrocution / Lightning - Override D Suffix E', 441),
	('15D00L', 'Electrocution / Lightning - Override D Suffix L', 442),
	('15D01', 'Electrocution / Lightning - Unconscious', 443),
	('15D01E', 'Electrocution / Lightning - Unconscious Suffix E', 444),
	('15D01L', 'Electrocution / Lightning - Unconscious Suffix L', 445),
	('15D02', 'Electrocution / Lightning - Not disconnected from power', 446),
	('15D02E', 'Electrocution / Lightning - Not disconnected from power Suffix E', 447),
	('15D02L', 'Electrocution / Lightning - Not disconnected from power Suffix L', 448),
	('15D03', 'Electrocution / Lightning - Power not off or hazard present', 449),
	('15D03E', 'Electrocution / Lightning - Power not off or hazard present Suffix E', 450),
	('15D03L', 'Electrocution / Lightning - Power not off or hazard present Suffix L', 451),
	('15D04', 'Electrocution / Lightning - EXTREME FALL (= 30ft/10m)', 452),
	('15D04E', 'Electrocution / Lightning - EXTREME FALL (= 30ft/10m) Suffix E', 453),
	('15D04L', 'Electrocution / Lightning - EXTREME FALL (= 30ft/10m) Suffix L', 454),
	('15D05', 'Electrocution / Lightning - LONG FALL (=> 6ft/2m)', 455),
	('15D05E', 'Electrocution / Lightning - LONG FALL (=> 6ft/2m) Suffix E', 456),
	('15D05L', 'Electrocution / Lightning - LONG FALL (=> 6ft/2m) Suffix L', 457),
	('15D06', 'Electrocution / Lightning - Not alert', 458),
	('15D06E', 'Electrocution / Lightning - Not alert Suffix E', 459),
	('15D06L', 'Electrocution / Lightning - Not alert Suffix L', 460),
	('15D07', 'Electrocution / Lightning - Abnormal breathing', 461),
	('15D07E', 'Electrocution / Lightning - Abnormal breathing Suffix E', 462),
	('15D07L', 'Electrocution / Lightning - Abnormal breathing Suffix L', 463),
	('15D08', 'Electrocution / Lightning - Unknown status (3rd party caller)', 464),
	('15D08E', 'Electrocution / Lightning - Unknown status (3rd party caller) Suffix E', 465),
	('15D08L', 'Electrocution / Lightning - Unknown status (3rd party caller) Suffix L', 466),
	('15E00', 'Electrocution / Lightning - Override E', 467),
	('15E00E', 'Electrocution / Lightning - Override E Suffix E', 468),
	('15E00L', 'Electrocution / Lightning - Override E Suffix L', 469),
	('15E01', 'Electrocution / Lightning - NOT BREATHING/INEFFECTIVE BREATHING', 470),
	('15E01E', 'Electrocution / Lightning - NOT BREATHING/INEFFECTIVE BREATHING Suffix E', 471),
	('15E01L', 'Electrocution / Lightning - NOT BREATHING/INEFFECTIVE BREATHING Suffix L', 472),
	('16A01', 'Eye Problems / Injuries - MODERATE eye injuries', 473),
	('16A02', 'Eye Problems / Injuries - MINOR eye injuries', 474),
	('16A03', 'Eye Problems / Injuries - MEDICAL eye problems', 475),
	('16B00', 'Eye Problems / Injuries - Override B', 476),
	('16B01', 'Eye Problems / Injuries - SEVERE eye injuries', 477),
	('16C0', 'Masalah Pernafasan/ Sesak nafas (SOB - Shortness of breath) - Pendarahan dan/atau Gangguan Sirkulasi', 478),
	('16D00', 'Eye Problems / Injuries - Override D', 479),
	('16D01', 'Eye Problems / Injuries - Not alert', 480),
	('17A00', 'Falls - Override A', 481),
	('17A00G', 'Falls - Override A Suffix G', 482),
	('17A00J', 'Falls - Override A Suffix A', 483),
	('17A01', 'Falls - NOT DANGEROUS body area', 484),
	('17A01G', 'Falls - NOT DANGEROUS body area Suffix G', 485),
	('17A01J', 'Falls - NOT DANGEROUS body area Suffix A', 486),
	('17A02', 'Falls - NON-RECENT (=> 6hrs) injuries (without priority symptoms)', 487),
	('17A02G', 'Falls - NON-RECENT (=> 6hrs) injuries (without priority symptoms) Suffix G', 488),
	('17A02J', 'Falls - NON-RECENT (=> 6hrs) injuries (without priority symptoms) Suffix A', 489),
	('17A03', 'Falls - PUBLIC ASSIST (no injuries and no priority symptoms)', 490),
	('17A03G', 'Falls - PUBLIC ASSIST (no injuries and no priority symptoms) Suffix G', 491),
	('17A03J', 'Falls - PUBLIC ASSIST (no injuries and no priority symptoms) Suffix A', 492),
	('17B00', 'Falls - Override B', 493),
	('17B00G', 'Falls - Override B Suffix G', 494),
	('17B00J', 'Falls - Override B Suffix A', 495),
	('17B01', 'Falls - POSSIBLY DANGEROUS body area', 496),
	('17B01G', 'Falls - POSSIBLY DANGEROUS body area Suffix G', 497),
	('17B01J', 'Falls - POSSIBLY DANGEROUS body area Suffix A', 498),
	('17B02', 'Falls - SERIOUS hemorrhage', 499),
	('17B02G', 'Falls - SERIOUS hemorrhage Suffix G', 500),
	('17B02J', 'Falls - SERIOUS hemorrhage Suffix A', 501),
	('17B03', 'Falls - Unknown status/Other codes not applicable', 502),
	('17B03G', 'Falls - Unknown status/Other codes not applicable Suffix G', 503),
	('17B03J', 'Falls - Unknown status/Other codes not applicable Suffix A', 504),
	('17D00', 'Falls - Override D', 505),
	('17D00G', 'Falls - Override D Suffix G', 506),
	('17D00J', 'Falls - Override D Suffix A', 507),
	('17D01', 'Falls - EXTREME FALL (= 30ft/10m)', 508),
	('17D01G', 'Falls - EXTREME FALL (= 30ft/10m) Suffix G', 509),
	('17D01J', 'Falls - EXTREME FALL (= 30ft/10m) Suffix A', 510),
	('17D02', 'Falls - Unconscious or Arrest', 511),
	('17D02G', 'Falls - Unconscious or Arrest Suffix G', 512),
	('17D02J', 'Falls - Unconscious or Arrest Suffix A', 513),
	('17D03', 'Falls - Not alert', 514),
	('17D03G', 'Falls - Not alert Suffix G', 515),
	('17D03J', 'Falls - Not alert Suffix A', 516),
	('17D04', 'Falls - Chest or Neck injury (with difficulty breathing)', 517),
	('17D04G', 'Falls - Chest or Neck injury (with difficulty breathing) Suffix G', 518),
	('17D04J', 'Falls - Chest or Neck injury (with difficulty breathing) Suffix A', 519),
	('17D05', 'Falls - LONG FALL', 520),
	('17D05G', 'Falls - LONG FALL Suffix G', 521),
	('17D05J', 'Falls - LONG FALL Suffix A', 522),
	('18A0', 'Overdos/ Self-poisoning - Gangguan Saluran Pernafasan dan/ atau Tahap Kesedaran', 523),
	('18A01', 'Headache - Breathing normally', 524),
	('18B0', 'Overdos/ Self-poisoning - Kesukaran Bernafas/Tidak Bernafas', 525),
	('18B00', 'Headache - Override B', 526),
	('18B01', 'Headache - Unknown status/Other codes not applicable', 527),
	('18C00', 'Headache - Override C', 528),
	('18C01', 'Headache - Not alert', 529),
	('18C02', 'Headache - Abnormal breathing', 530),
	('18C03', 'Headache - Speech problems', 531),
	('18C04', 'Headache - Sudden onset of severe pain', 532),
	('18C05', 'Headache - Numbness', 533),
	('18C06', 'Headache - Paralysis', 534),
	('18C07', 'Headache - Change in behavior (<= 3hrs)', 535),
	('19A01', 'Heart Problems / A.I.C.D. - Heart rate => 50 bpm and < 130 bpm (without priority symptoms)', 536),
	('19A02', 'Heart Problems / A.I.C.D. - Chest pain < 35 (without priority symptoms)', 537),
	('19B0', 'Panas/ Sejuk Melampau - Kesukaran Bernafas/Tidak Bernafas', 538),
	('19B00', 'Heart Problems / A.I.C.D. - Override B', 539),
	('19C00', 'Heart Problems / A.I.C.D. - Override C', 540),
	('19C01', 'Heart Problems / A.I.C.D. - Firing of A.I.C.D.', 541),
	('19C02', 'Heart Problems / A.I.C.D. - Abnormal breathing', 542),
	('19C03', 'Heart Problems / A.I.C.D. - Chest pain => 35', 543),
	('19C04', 'Heart Problems / A.I.C.D. - Cardiac history', 544),
	('19C05', 'Heart Problems / A.I.C.D. - Cocaine', 545),
	('19C06', 'Heart Problems / A.I.C.D. - Heart rate < 50 bpm or => 130 bpm (without priority symptoms)', 546),
	('19C07', 'Heart Problems / A.I.C.D. - Unknown status/Other codes not applicable', 547),
	('19D00', 'Heart Problems / A.I.C.D. - Override D', 548),
	('19D01', 'Heart Problems / A.I.C.D. - Not alert', 549),
	('19D02', 'Heart Problems / A.I.C.D. - DIFFICULTY SPEAKING BETWEEN BREATHS', 550),
	('19D03', 'Heart Problems / A.I.C.D. - CHANGING COLOR', 551),
	('19D04', 'Heart Problems / A.I.C.D. - Clammy', 552),
	('19D05', 'Heart Problems / A.I.C.D. - Just resuscitated and/or defibrillated (external)', 553),
	('20A01', 'Heat / Cold Exposure - Alert and behaving normally', 554),
	('20A01C', 'Heat / Cold Exposure - Alert and behaving normally Suffix C', 555),
	('20A01H', 'Heat / Cold Exposure - Alert and behaving normally Suffix H', 556),
	('20B00', 'Heat / Cold Exposure - Override B', 557),
	('20B00C', 'Heat / Cold Exposure - Override B Suffix C', 558),
	('20B00H', 'Heat / Cold Exposure - Override B Suffix H', 559),
	('20B01', 'Heat / Cold Exposure - Change in skin color', 560),
	('20B01C', 'Heat / Cold Exposure - Change in skin color Suffix C', 561),
	('20B01H', 'Heat / Cold Exposure - Change in skin color Suffix H', 562),
	('20B02', 'Heat / Cold Exposure - Unknown status/Other codes not applicable', 563),
	('20B02C', 'Heat / Cold Exposure - Unknown status/Other codes not applicable Suffix C', 564),
	('20B02H', 'Heat / Cold Exposure - Unknown status/Other codes not applicable Suffix H', 565),
	('20C00', 'Heat / Cold Exposure - Override C', 566),
	('20C00C', 'Heat / Cold Exposure - Override C Suffix C', 567),
	('20C00H', 'Heat / Cold Exposure - Override C Suffix H', 568),
	('20C01', 'Heat / Cold Exposure - Heart attack or angina history', 569),
	('20C01C', 'Heat / Cold Exposure - Heart attack or angina history Suffix C', 570),
	('20C01H', 'Heat / Cold Exposure - Heart attack or angina history Suffix H', 571),
	('20D00', 'Heat / Cold Exposure - Override D', 572),
	('20D00C', 'Heat / Cold Exposure - Override D Suffix C', 573),
	('20D00H', 'Heat / Cold Exposure - Override D Suffix H', 574),
	('20D01', 'Heat / Cold Exposure - Not alert', 575),
	('20D01C', 'Heat / Cold Exposure - Not alert Suffix C', 576),
	('20D01H', 'Heat / Cold Exposure - Not alert Suffix H', 577),
	('20D02', 'Heat / Cold Exposure - Multiple victims (with priority symptoms)', 578),
	('20D02C', 'Heat / Cold Exposure - Multiple victims (with priority symptoms) Suffix C', 579),
	('20D02H', 'Heat / Cold Exposure - Multiple victims (with priority symptoms) Suffix H', 580),
	('21A01', 'Hemorrhage / Lacerations - NOT DANGEROUS hemorrhage', 581),
	('21A02', 'Hemorrhage / Lacerations - MINOR hemorrhage', 582),
	('21B00', 'Hemorrhage / Lacerations - Override B', 583),
	('21B01', 'Hemorrhage / Lacerations - POSSIBLY DANGEROUS hemorrhage', 584),
	('21B02', 'Hemorrhage / Lacerations - SERIOUS hemorrhage', 585),
	('21B03', 'Hemorrhage / Lacerations - Bleeding disorder', 586),
	('21B04', 'Hemorrhage / Lacerations - Blood thinners', 587),
	('21C00', 'Hemorrhage / Lacerations - Override C', 588),
	('21C01', 'Hemorrhage / Lacerations - Hemorrhage through TUBES', 589),
	('21C02', 'Hemorrhage / Lacerations - Hemorrhage of dialysis fistula', 590),
	('21D00', 'Hemorrhage / Lacerations - Override D', 591),
	('21D01', 'Hemorrhage / Lacerations - Unconscious or Arrest', 592),
	('21D02', 'Hemorrhage / Lacerations - Not alert', 593),
	('21D03', 'Hemorrhage / Lacerations - DANGEROUS hemorrhage', 594),
	('21D04', 'Hemorrhage / Lacerations - Abnormal breathing', 595),
	('22A01', 'Inaccessible Incident / Other Entrapments (Non-Vehicle) - No longer trapped (no injuries)', 596),
	('22A01A', 'Inaccessible Incident / Other Entrapments (Non-Vehicle) - No longer trapped (no injuries) Suffix A', 597),
	('22A01B', 'Inaccessible Incident / Other Entrapments (Non-Vehicle) - No longer trapped (no injuries) Suffix B', 598),
	('22A01M', 'Inaccessible Incident / Other Entrapments (Non-Vehicle) - No longer trapped (no injuries) Suffix M', 599),
	('22A01X', 'Inaccessible Incident / Other Entrapments (Non-Vehicle) - No longer trapped (no injuries) Suffix X', 600),
	('22A01Y', 'Inaccessible Incident / Other Entrapments (Non-Vehicle) - No longer trapped (no injuries) Suffix Y', 601),
	('22B00', 'Inaccessible Incident / Other Entrapments (Non-Vehicle) - Override B', 602),
	('22B00A', 'Inaccessible Incident / Other Entrapments (Non-Vehicle) - Override B Suffix A', 603),
	('22B00B', 'Inaccessible Incident / Other Entrapments (Non-Vehicle) - Override B Suffix B', 604),
	('22B00M', 'Inaccessible Incident / Other Entrapments (Non-Vehicle) - Override B Suffix M', 605),
	('22B00X', 'Inaccessible Incident / Other Entrapments (Non-Vehicle) - Override B Suffix X', 606),
	('22B00Y', 'Inaccessible Incident / Other Entrapments (Non-Vehicle) - Override B Suffix Y', 607),
	('22B01', 'Inaccessible Incident / Other Entrapments (Non-Vehicle) - No longer trapped (unknown injuries)', 608),
	('22B01A', 'Inaccessible Incident / Other Entrapments (Non-Vehicle) - No longer trapped (unknown injuries) Suffix A', 609),
	('22B01B', 'Inaccessible Incident / Other Entrapments (Non-Vehicle) - No longer trapped (unknown injuries) Suffix B', 610),
	('22B01M', 'Inaccessible Incident / Other Entrapments (Non-Vehicle) - No longer trapped (unknown injuries) Suffix M', 611),
	('22B01X', 'Inaccessible Incident / Other Entrapments (Non-Vehicle) - No longer trapped (unknown injuries) Suffix X', 612),
	('22B01Y', 'Inaccessible Incident / Other Entrapments (Non-Vehicle) - No longer trapped (unknown injuries) Suffix Y', 613),
	('22B02', 'Inaccessible Incident / Other Entrapments (Non-Vehicle) - PERIPHERAL ENTRAPMENT only', 614),
	('22B02A', 'Inaccessible Incident / Other Entrapments (Non-Vehicle) - PERIPHERAL ENTRAPMENT only Suffix A', 615),
	('22B02B', 'Inaccessible Incident / Other Entrapments (Non-Vehicle) - PERIPHERAL ENTRAPMENT only Suffix B', 616),
	('22B02M', 'Inaccessible Incident / Other Entrapments (Non-Vehicle) - PERIPHERAL ENTRAPMENT only Suffix M', 617),
	('22B02X', 'Inaccessible Incident / Other Entrapments (Non-Vehicle) - PERIPHERAL ENTRAPMENT only Suffix X', 618),
	('22B02Y', 'Inaccessible Incident / Other Entrapments (Non-Vehicle) - PERIPHERAL ENTRAPMENT only Suffix Y', 619),
	('22B03', 'Inaccessible Incident / Other Entrapments (Non-Vehicle) - Unknown status (investigation)/Other codes not applicable', 620),
	('22B03A', 'Inaccessible Incident/Other Entrapments(NonVehicle)-Unknown status(investigation)/Other codes not applicable Sufx A', 621),
	('22B03B', 'Inaccessible Incident/Other Entrapments(NonVehicle)-Unknown status(investigation)/Other codes not applicable Sufx B', 622),
	('22B03M', 'Inaccessible Incident/Other Entrapments(NonVehicle)-Unknown status(investigation)/Other codes not applicable Sufx M', 623),
	('22B03X', 'Inaccessible Incident/Other Entrapments(NonVehicle)-Unknown status(investigation)/Other codes not applicable Sufx X', 624),
	('22B03Y', 'Inaccessible Incident/Other Entrapments(NonVehicle)-Unknown status(investigation)/Other codes not applicable Sufx Y', 625),
	('22D00', 'Inaccessible Incident / Other Entrapments (Non-Vehicle) - Override D', 626),
	('22D00A', 'Inaccessible Incident / Other Entrapments (Non-Vehicle) - Override D Suffix A', 627),
	('22D00B', 'Inaccessible Incident / Other Entrapments (Non-Vehicle) - Override D Suffix B', 628),
	('22D00M', 'Inaccessible Incident / Other Entrapments (Non-Vehicle) - Override D Suffix M', 629),
	('22D00X', 'Inaccessible Incident / Other Entrapments (Non-Vehicle) - Override D Suffix X', 630),
	('22D00Y', 'Inaccessible Incident / Other Entrapments (Non-Vehicle) - Override D Suffix Y', 631),
	('22D01', 'Inaccessible Incident / Other Entrapments (Non-Vehicle) - Mechanical/Manchinery ENTRAPMENT', 632),
	('22D01A', 'Inaccessible Incident / Other Entrapments (Non-Vehicle) - Mechanical/Manchinery ENTRAPMENT Suffix A', 633),
	('22D01B', 'Inaccessible Incident / Other Entrapments (Non-Vehicle) - Mechanical/Manchinery ENTRAPMENT Suffix B', 634),
	('22D01M', 'Inaccessible Incident / Other Entrapments (Non-Vehicle) - Mechanical/Manchinery ENTRAPMENT Suffix M', 635),
	('22D01X', 'Inaccessible Incident / Other Entrapments (Non-Vehicle) - Mechanical/Manchinery ENTRAPMENT Suffix X', 636),
	('22D01Y', 'Inaccessible Incident / Other Entrapments (Non-Vehicle) - Mechanical/Manchinery ENTRAPMENT Suffix Y', 637),
	('22D02', 'Inaccessible Incident / Other Entrapments (Non-Vehicle) - Trench collapse', 638),
	('22D02A', 'Inaccessible Incident / Other Entrapments (Non-Vehicle) - Trench collapse Suffix A', 639),
	('22D02B', 'Inaccessible Incident / Other Entrapments (Non-Vehicle) - Trench collapse Suffix B', 640),
	('22D02M', 'Inaccessible Incident / Other Entrapments (Non-Vehicle) - Trench collapse Suffix M', 641),
	('22D02X', 'Inaccessible Incident / Other Entrapments (Non-Vehicle) - Trench collapse Suffix X', 642),
	('22D02Y', 'Inaccessible Incident / Other Entrapments (Non-Vehicle) - Trench collapse Suffix Y', 643),
	('22D03', 'Inaccessible Incident / Other Entrapments (Non-Vehicle) - Structure collapse', 644),
	('22D03A', 'Inaccessible Incident / Other Entrapments (Non-Vehicle) - Structure collapse Suffix A', 645),
	('22D03B', 'Inaccessible Incident / Other Entrapments (Non-Vehicle) - Structure collapse Suffix B', 646),
	('22D03M', 'Inaccessible Incident / Other Entrapments (Non-Vehicle) - Structure collapse Suffix M', 647),
	('22D03X', 'Inaccessible Incident / Other Entrapments (Non-Vehicle) - Structure collapse Suffix X', 648),
	('22D03Y', 'Inaccessible Incident / Other Entrapments (Non-Vehicle) - Structure collapse Suffix Y', 649),
	('22D04', 'Inaccessible Incident / Other Entrapments (Non-Vehicle) - Confined space ENTRAPMENT', 650),
	('22D04A', 'Inaccessible Incident / Other Entrapments (Non-Vehicle) - Confined space ENTRAPMENT Suffix A', 651),
	('22D04B', 'Inaccessible Incident / Other Entrapments (Non-Vehicle) - Confined space ENTRAPMENT Suffix B', 652),
	('22D04M', 'Inaccessible Incident / Other Entrapments (Non-Vehicle) - Confined space ENTRAPMENT Suffix M', 653),
	('22D04X', 'Inaccessible Incident / Other Entrapments (Non-Vehicle) - Confined space ENTRAPMENT Suffix X', 654),
	('22D04Y', 'Inaccessible Incident / Other Entrapments (Non-Vehicle) - Confined space ENTRAPMENT Suffix Y', 655),
	('22D05', 'Inaccessible Incident / Other Entrapments (Non-Vehicle) - Inaccessible terrain situation', 656),
	('22D05A', 'Inaccessible Incident / Other Entrapments (Non-Vehicle) - Inaccessible terrain situation Suffix A', 657),
	('22D05B', 'Inaccessible Incident / Other Entrapments (Non-Vehicle) - Inaccessible terrain situation Suffix B', 658),
	('22D05M', 'Inaccessible Incident / Other Entrapments (Non-Vehicle) - Inaccessible terrain situation Suffix M', 659),
	('22D05X', 'Inaccessible Incident / Other Entrapments (Non-Vehicle) - Inaccessible terrain situation Suffix X', 660),
	('22D05Y', 'Inaccessible Incident / Other Entrapments (Non-Vehicle) - Inaccessible terrain situation Suffix Y', 661),
	('22D06', 'Inaccessible Incident / Other Entrapments (Non-Vehicle) - Mudslide/Avalanche', 662),
	('22D06A', 'Inaccessible Incident / Other Entrapments (Non-Vehicle) - Mudslide/Avalanche Suffix A', 663),
	('22D06B', 'Inaccessible Incident / Other Entrapments (Non-Vehicle) - Mudslide/Avalanche Suffix B', 664),
	('22D06M', 'Inaccessible Incident / Other Entrapments (Non-Vehicle) - Mudslide/Avalanche Suffix M', 665),
	('22D06X', 'Inaccessible Incident / Other Entrapments (Non-Vehicle) - Mudslide/Avalanche Suffix X', 666),
	('22D06Y', 'Inaccessible Incident / Other Entrapments (Non-Vehicle) - Mudslide/Avalanche Suffix Y', 667),
	('23B00', 'Overdose / Poisoning (Ingestion) - Override B', 668),
	('23B00A', 'Overdose / Poisoning (Ingestion) - Override B Suffix A', 669),
	('23B00I', 'Overdose / Poisoning (Ingestion) - Override B Suffix I', 670),
	('23B00V', 'Overdose / Poisoning (Ingestion) - Override B Suffix V', 671),
	('23B01', 'Overdose / Poisoning (Ingestion) - OVERDOSE (without priority symptoms)', 672),
	('23B01A', 'Overdose / Poisoning (Ingestion) - OVERDOSE (without priority symptoms) Suffix A', 673),
	('23B01I', 'Overdose / Poisoning (Ingestion) - OVERDOSE (without priority symptoms) Suffix I', 674),
	('23B01V', 'Overdose / Poisoning (Ingestion) - OVERDOSE (without priority symptoms) Suffix V', 675),
	('23C00', 'Overdose / Poisoning (Ingestion) - Override C', 676),
	('23C00A', 'Overdose / Poisoning (Ingestion) - Override C Suffix A', 677),
	('23C00I', 'Overdose / Poisoning (Ingestion) - Override C Suffix I', 678),
	('23C00V', 'Overdose / Poisoning (Ingestion) - Override C Suffix V', 679),
	('23C01', 'Overdose / Poisoning (Ingestion) - Not alert', 680),
	('23C01A', 'Overdose / Poisoning (Ingestion) - Not alert Suffix A', 681),
	('23C01I', 'Overdose / Poisoning (Ingestion) - Not alert Suffix I', 682),
	('23C01V', 'Overdose / Poisoning (Ingestion) - Not alert Suffix V', 683),
	('23C02', 'Overdose / Poisoning (Ingestion) - Abnormal breathing', 684),
	('23C02A', 'Overdose / Poisoning (Ingestion) - Abnormal breathing Suffix A', 685),
	('23C02I', 'Overdose / Poisoning (Ingestion) - Abnormal breathing Suffix I', 686),
	('23C02V', 'Overdose / Poisoning (Ingestion) - Abnormal breathing Suffix V', 687),
	('23C03', 'Overdose / Poisoning (Ingestion) - Antidepressants (tricyclic)', 688),
	('23C03A', 'Overdose / Poisoning (Ingestion) - Antidepressants (tricyclic) Suffix A', 689),
	('23C03I', 'Overdose / Poisoning (Ingestion) - Antidepressants (tricyclic) Suffix I', 690),
	('23C03V', 'Overdose / Poisoning (Ingestion) - Antidepressants (tricyclic) Suffix V', 691),
	('23C04', 'Overdose / Poisoning (Ingestion) - Cocaine, methamphetamine (or derivatives)', 692),
	('23C04A', 'Overdose / Poisoning (Ingestion) - Cocaine, methamphetamine (or derivatives) Suffix A', 693),
	('23C04I', 'Overdose / Poisoning (Ingestion) - Cocaine, methamphetamine (or derivatives) Suffix I', 694),
	('23C04V', 'Overdose / Poisoning (Ingestion) - Cocaine, methamphetamine (or derivatives) Suffix V', 695),
	('23C05', 'Overdose / Poisoning (Ingestion) - Narcotics (heroin)', 696),
	('23C05A', 'Overdose / Poisoning (Ingestion) - Narcotics (heroin) Suffix A', 697),
	('23C05I', 'Overdose / Poisoning (Ingestion) - Narcotics (heroin) Suffix I', 698),
	('23C05V', 'Overdose / Poisoning (Ingestion) - Narcotics (heroin) Suffix V', 699),
	('23C06', 'Overdose / Poisoning (Ingestion) - Acid or alkali (lye)', 700),
	('23C06A', 'Overdose / Poisoning (Ingestion) - Acid or alkali (lye) Suffix A', 701),
	('23C06I', 'Overdose / Poisoning (Ingestion) - Acid or alkali (lye) Suffix I', 702),
	('23C06V', 'Overdose / Poisoning (Ingestion) - Acid or alkali (lye) Suffix V', 703),
	('23C07', 'Overdose / Poisoning (Ingestion) - Unknown status/Other codes not applicable', 704),
	('23C07A', 'Overdose / Poisoning (Ingestion) - Unknown status/Other codes not applicable Suffix A', 705),
	('23C07I', 'Overdose / Poisoning (Ingestion) - Unknown status/Other codes not applicable Suffix I', 706),
	('23C07V', 'Overdose / Poisoning (Ingestion) - Unknown status/Other codes not applicable Suffix V', 707),
	('23C08', 'Overdose / Poisoning (Ingestion) - Poison Control request for response', 708),
	('23C08A', 'Overdose / Poisoning (Ingestion) - Poison Control request for response Suffix A', 709),
	('23C08I', 'Overdose / Poisoning (Ingestion) - Poison Control request for response Suffix I', 710),
	('23C08V', 'Overdose / Poisoning (Ingestion) - Poison Control request for response Suffix V', 711),
	('23D00', 'Overdose / Poisoning (Ingestion) - Override D', 712),
	('23D00A', 'Overdose / Poisoning (Ingestion) - Override D Suffix A', 713),
	('23D00I', 'Overdose / Poisoning (Ingestion) - Override D Suffix I', 714),
	('23D00V', 'Overdose / Poisoning (Ingestion) - Override D Suffix V', 715),
	('23D01', 'Overdose / Poisoning (Ingestion) - Unconscious', 716),
	('23D01A', 'Overdose / Poisoning (Ingestion) - Unconscious Suffix A', 717),
	('23D01I', 'Overdose / Poisoning (Ingestion) - Unconscious Suffix I', 718),
	('23D01V', 'Overdose / Poisoning (Ingestion) - Unconscious Suffix V', 719),
	('23D02', 'Overdose / Poisoning (Ingestion) - CHANGING COLOR', 720),
	('23D02A', 'Overdose / Poisoning (Ingestion) - CHANGING COLOR Suffix A', 721),
	('23D02I', 'Overdose / Poisoning (Ingestion) - CHANGING COLOR Suffix I', 722),
	('23D02V', 'Overdose / Poisoning (Ingestion) - CHANGING COLOR Suffix V', 723),
	('23O01', 'Overdose / Poisoning (Ingestion) - POISONING (without priority symptoms)', 724),
	('23O01A', 'Overdose / Poisoning (Ingestion) - POISONING (without priority symptoms) Suffix A', 725),
	('23O01I', 'Overdose / Poisoning (Ingestion) - POISONING (without priority symptoms) Suffix I', 726),
	('23O01V', 'Overdose / Poisoning (Ingestion) - POISONING (without priority symptoms) Suffix V', 727),
	('24A00', 'Pregnancy / Childbirth / Miscarriage - Override A', 728),
	('24A01', 'Pregnancy / Childbirth / Miscarriage - 1st TRIMESTER hemorrhage or MISCARRIAGE', 729),
	('24B00', 'Pregnancy / Childbirth / Miscarriage - Override B', 730),
	('24B01', 'Pregnancy / Childbirth / Miscarriage - Labor (delivery not imminent, => 5 months/20 weeks)', 731),
	('24B02', 'Pregnancy / Childbirth / Miscarriage - Unknown status/Other codes not applicable', 732),
	('24C00', 'Pregnancy / Childbirth / Miscarriage - Override C', 733),
	('24C01', 'Pregnancy / Childbirth / Miscarriage - 2nd TRIMESTER hemorrhage or MISCARRIAGE', 734),
	('24C02', 'Pregnancy / Childbirth / Miscarriage - 1st TRIMESTER SERIOUS hemorrhage', 735),
	('24C03', 'Pregnancy / Childbirth / Miscarriage - Baby born (no complications)', 736),
	('24D00', 'Pregnancy / Childbirth / Miscarriage - Override D', 737),
	('24D01', 'Pregnancy / Childbirth / Miscarriage - BREECH or CORD', 738),
	('24D02', 'Pregnancy / Childbirth / Miscarriage - Head visible/out', 739),
	('24D03', 'Pregnancy / Childbirth / Miscarriage - IMMINENT delivery (=> 5 months/20 weeks)', 740),
	('24D04', 'Pregnancy / Childbirth / Miscarriage - 3rd TRIMESTER hemorrhage', 741),
	('24D05', 'Pregnancy / Childbirth / Miscarriage - HIGH RISK complications', 742),
	('24D06', 'Pregnancy / Childbirth / Miscarriage - Baby born (complications with baby)', 743),
	('24D07', 'Pregnancy / Childbirth / Miscarriage - Baby born (complications with mother)', 744),
	('24O01', 'Pregnancy / Childbirth / Miscarriage - Waters broken (no contractions or presenting parts)', 745),
	('25A01', 'Psychiatric / Abnormal Behavior / Suicide Attempt - Non-suicidal and alert', 746),
	('25A01B', 'Psychiatric / Abnormal Behavior / Suicide Attempt - Non-suicidal and alert Suffix B', 747),
	('25A01V', 'Psychiatric / Abnormal Behavior / Suicide Attempt - Non-suicidal and alert Suffix V', 748),
	('25A01W', 'Psychiatric / Abnormal Behavior / Suicide Attempt - Non-suicidal and alert Suffix W', 749),
	('25A02', 'Psychiatric / Abnormal Behavior / Suicide Attempt - Suicidal (not threatening) and alert', 750),
	('25A02B', 'Psychiatric / Abnormal Behavior / Suicide Attempt - Suicidal (not threatening) and alert Suffix B', 751),
	('25A02V', 'Psychiatric / Abnormal Behavior / Suicide Attempt - Suicidal (not threatening) and alert Suffix V', 752),
	('25A02W', 'Psychiatric / Abnormal Behavior / Suicide Attempt - Suicidal (not threatening) and alert Suffix W', 753),
	('25B00', 'Psychiatric / Abnormal Behavior / Suicide Attempt - Override B', 754),
	('25B00B', 'Psychiatric / Abnormal Behavior / Suicide Attempt - Override B Suffix B', 755),
	('25B00V', 'Psychiatric / Abnormal Behavior / Suicide Attempt - Override B Suffix V', 756),
	('25B00W', 'Psychiatric / Abnormal Behavior / Suicide Attempt - Override B Suffix W', 757),
	('25B01', 'Psychiatric / Abnormal Behavior / Suicide Attempt - SERIOUS hemorrhage', 758),
	('25B01B', 'Psychiatric / Abnormal Behavior / Suicide Attempt - SERIOUS hemorrhage Suffix B', 759),
	('25B01V', 'Psychiatric / Abnormal Behavior / Suicide Attempt - SERIOUS hemorrhage Suffix V', 760),
	('25B01W', 'Psychiatric / Abnormal Behavior / Suicide Attempt - SERIOUS hemorrhage Suffix W', 761),
	('25B02', 'Psychiatric / Abnormal Behavior / Suicide Attempt - Non-SERIOUS or MINOR hemorrhage', 762),
	('25B02B', 'Psychiatric / Abnormal Behavior / Suicide Attempt - Non-SERIOUS or MINOR hemorrhage Suffix B', 763),
	('25B02V', 'Psychiatric / Abnormal Behavior / Suicide Attempt - Non-SERIOUS or MINOR hemorrhage Suffix V', 764),
	('25B02W', 'Psychiatric / Abnormal Behavior / Suicide Attempt - Non-SERIOUS or MINOR hemorrhage Suffix W', 765),
	('25B03', 'Psychiatric / Abnormal Behavior / Suicide Attempt - THREATENING SUICIDE', 766),
	('25B03B', 'Psychiatric / Abnormal Behavior / Suicide Attempt - THREATENING SUICIDE Suffix B', 767),
	('25B03V', 'Psychiatric / Abnormal Behavior / Suicide Attempt - THREATENING SUICIDE Suffix V', 768),
	('25B03W', 'Psychiatric / Abnormal Behavior / Suicide Attempt - THREATENING SUICIDE Suffix W', 769),
	('25B04', 'Psychiatric / Abnormal Behavior / Suicide Attempt - Jumper (threatening)', 770),
	('25B04B', 'Psychiatric / Abnormal Behavior / Suicide Attempt - Jumper (threatening) Suffix B', 771),
	('25B04V', 'Psychiatric / Abnormal Behavior / Suicide Attempt - Jumper (threatening) Suffix V', 772),
	('25B04W', 'Psychiatric / Abnormal Behavior / Suicide Attempt - Jumper (threatening) Suffix W', 773),
	('25B05', 'Psychiatric / Abnormal Behavior / Suicide Attempt - Near hanging, strangulation, or suffocation (alert)', 774),
	('25B05B', 'Psychiatric / Abnormal Behavior / Suicide Attempt - Near hanging, strangulation, or suffocation (alert) Suffix B', 775),
	('25B05V', 'Psychiatric / Abnormal Behavior / Suicide Attempt - Near hanging, strangulation, or suffocation (alert) Suffix V', 776),
	('25B05W', 'Psychiatric / Abnormal Behavior / Suicide Attempt - Near hanging, strangulation, or suffocation (alert) Suffix W', 777),
	('25B06', 'Psychiatric / Abnormal Behavior / Suicide Attempt - Unknown status/Other codes not applicable', 778),
	('25B06B', 'Psychiatric / Abnormal Behavior / Suicide Attempt - Unknown status/Other codes not applicable Suffix B', 779),
	('25B06V', 'Psychiatric / Abnormal Behavior / Suicide Attempt - Unknown status/Other codes not applicable Suffix V', 780),
	('25B06W', 'Psychiatric / Abnormal Behavior / Suicide Attempt - Unknown status/Other codes not applicable Suffix W', 781),
	('25C0', 'Sakit Perut - Pendarahan dan/atau Gangguan Sirkulasi', 782),
	('25D00', 'Psychiatric / Abnormal Behavior / Suicide Attempt - Override D', 783),
	('25D00B', 'Psychiatric / Abnormal Behavior / Suicide Attempt - Override D Suffix B', 784),
	('25D00V', 'Psychiatric / Abnormal Behavior / Suicide Attempt - Override D Suffix V', 785),
	('25D00W', 'Psychiatric / Abnormal Behavior / Suicide Attempt - Override D Suffix W', 786),
	('25D01', 'Psychiatric / Abnormal Behavior / Suicide Attempt - Not alert', 787),
	('25D01B', 'Psychiatric / Abnormal Behavior / Suicide Attempt - Not alert Suffix B', 788),
	('25D01V', 'Psychiatric / Abnormal Behavior / Suicide Attempt - Not alert Suffix V', 789),
	('25D01W', 'Psychiatric / Abnormal Behavior / Suicide Attempt - Not alert Suffix W', 790),
	('25D02', 'Psychiatric / Abnormal Behavior / Suicide Attempt - DANGEROUS hemorrhage', 791),
	('25D02B', 'Psychiatric / Abnormal Behavior / Suicide Attempt - DANGEROUS hemorrhage Suffix B', 792),
	('25D02V', 'Psychiatric / Abnormal Behavior / Suicide Attempt - DANGEROUS hemorrhage Suffix V', 793),
	('25D02W', 'Psychiatric / Abnormal Behavior / Suicide Attempt - DANGEROUS hemorrhage Suffix W', 794),
	('26A00', 'Sick Person - Override A', 795),
	('26A01', 'Sick Person - No priority symptoms (complaint conditions 2-11 not identified)', 796),
	('26A02', 'Sick Person - Blood pressure abnormality (asymptomatic)', 797),
	('26A03', 'Sick Person - Dizziness/vertigo', 798),
	('26A04', 'Sick Person - Fever/chills', 799),
	('26A05', 'Sick Person - General weakness', 800),
	('26A06', 'Sick Person - Nausea', 801),
	('26A07', 'Sick Person - New onset of immobility', 802),
	('26A08', 'Sick Person - Other pain', 803),
	('26A09', 'Sick Person - Transportation only', 804),
	('26A10', 'Sick Person - Unwell/ill', 805),
	('26A11', 'Sick Person - Vomiting', 806),
	('26B00', 'Sick Person - Override B', 807),
	('26B01', 'Sick Person - Unknown status/Other codes not applicable', 808),
	('26C00', 'Sick Person - Override C', 809),
	('26C01', 'Sick Person - ALTERED LEVEL OF CONSCIOUSNESS', 810),
	('26C02', 'Sick Person - Abnormal breathing', 811),
	('26C03', 'Sick Person - Sickle cell crisis/Thalassemia', 812),
	('26D00', 'Sick Person - Override D', 813),
	('26D01', 'Sick Person - Not alert', 814),
	('26O01', 'Sick Person - This code is not in use', 815),
	('26O02', 'Sick Person - Boils', 816),
	('26O03', 'Sick Person - Bumps (non-traumatic)', 817),
	('26O04', 'Sick Person - Can\'t sleep', 818),
	('26O05', 'Sick Person - Can\'t urinate (without abdominal pain)', 819),
	('26O06', 'Sick Person - Catheter (in/out without hemorrhaging)', 820),
	('26O07', 'Sick Person - Constipation', 821),
	('26O08', 'Sick Person - Cramps/spasms (in extremities and non-traumatic)', 822),
	('26O09', 'Sick Person - Cut-off ring request', 823),
	('26O10', 'Sick Person - Deafness', 824),
	('26O11', 'Sick Person - Defecation/diarrhea', 825),
	('26O12', 'Sick Person - Earache', 826),
	('26O13', 'Sick Person - Enema', 827),
	('26O14', 'Sick Person - Gout', 828),
	('26O15', 'Sick Person - Hemorrhoids/piles', 829),
	('26O16', 'Sick Person - Hepatitis', 830),
	('26O17', 'Sick Person - Hiccups', 831),
	('26O18', 'Sick Person - Itching', 832),
	('26O19', 'Sick Person - Nervous', 833),
	('26O20', 'Sick Person - Object stuck (nose, ear, vagina, rectum, penis)', 834),
	('26O21', 'Sick Person - Object swallowed (without choking or difficulty breathing, can talk)', 835),
	('26O22', 'Sick Person - Painful urination', 836),
	('26O23', 'Sick Person - Penis problems/pain', 837),
	('26O24', 'Sick Person - Rash/skin disorder (without difficulty breathing or swallowing)', 838),
	('26O25', 'Sick Person - Sexually transmitted disease (STD)', 839),
	('26O26', 'Sick Person - Sore throat (without difficulty breathing or swallowing)', 840),
	('26O27', 'Sick Person - Toothache (without jaw pain)', 841),
	('26O28', 'Sick Person - Wound infected (focal or surface)', 842),
	('27A0', 'Serangan Jantung (Kolaps - Collapse) - Gangguan Saluran Pernafasan dan/ atau Tahap Kesedaran', 843),
	('27A01', 'Stab / Gunshot / Penetrating Trauma - NON-RECENT (= 6hrs) PERIPHERAL wounds (without priority symptoms)', 844),
	('27A01G', 'Stab / Gunshot / Penetrating Trauma - NON-RECENT (= 6hrs) PERIPHERAL wounds (without priority symptoms) Suffix G', 845),
	('27A01P', 'Stab / Gunshot / Penetrating Trauma - NON-RECENT (= 6hrs) PERIPHERAL wounds (without priority symptoms) Suffix P', 846),
	('27A01S', 'Stab / Gunshot / Penetrating Trauma - NON-RECENT (= 6hrs) PERIPHERAL wounds (without priority symptoms) Suffix S', 847),
	('27A01X', 'Stab / Gunshot / Penetrating Trauma - NON-RECENT (= 6hrs) PERIPHERAL wounds (without priority symptoms) Suffix X', 848),
	('27A01Y', 'Stab / Gunshot / Penetrating Trauma - NON-RECENT (= 6hrs) PERIPHERAL wounds (without priority symptoms) Suffix Y', 849),
	('27B00', 'Stab / Gunshot / Penetrating Trauma - Override B', 850),
	('27B00G', 'Stab / Gunshot / Penetrating Trauma - Override B Suffix G', 851),
	('27B00P', 'Stab / Gunshot / Penetrating Trauma - Override B Suffix P', 852),
	('27B00S', 'Stab / Gunshot / Penetrating Trauma - Override B Suffix S', 853),
	('27B00X', 'Stab / Gunshot / Penetrating Trauma - Override B Suffix X', 854),
	('27B00Y', 'Stab / Gunshot / Penetrating Trauma - Override B Suffix Y', 855),
	('27B01', 'Stab / Gunshot / Penetrating Trauma - NON-RECENT (=> 6 hrs) single CENTRAL wound', 856),
	('27B01G', 'Stab / Gunshot / Penetrating Trauma - NON-RECENT (=> 6 hrs) single CENTRAL wound Suffix G', 857),
	('27B01P', 'Stab / Gunshot / Penetrating Trauma - NON-RECENT (=> 6 hrs) single CENTRAL wound Suffix P', 858),
	('27B01S', 'Stab / Gunshot / Penetrating Trauma - NON-RECENT (=> 6 hrs) single CENTRAL wound Suffix S', 859),
	('27B01X', 'Stab / Gunshot / Penetrating Trauma - NON-RECENT (=> 6 hrs) single CENTRAL wound Suffix X', 860),
	('27B01Y', 'Stab / Gunshot / Penetrating Trauma - NON-RECENT (=> 6 hrs) single CENTRAL wound Suffix Y', 861),
	('27B02', 'Stab / Gunshot / Penetrating Trauma - Known single PERIPHERAL wound', 862),
	('27B02G', 'Stab / Gunshot / Penetrating Trauma - Known single PERIPHERAL wound Suffix G', 863),
	('27B02P', 'Stab / Gunshot / Penetrating Trauma - Known single PERIPHERAL wound Suffix P', 864),
	('27B02S', 'Stab / Gunshot / Penetrating Trauma - Known single PERIPHERAL wound Suffix S', 865),
	('27B02X', 'Stab / Gunshot / Penetrating Trauma - Known single PERIPHERAL wound Suffix X', 866),
	('27B02Y', 'Stab / Gunshot / Penetrating Trauma - Known single PERIPHERAL wound Suffix Y', 867),
	('27B03', 'Stab / Gunshot / Penetrating Trauma - SERIOUS hemorrhage', 868),
	('27B03G', 'Stab / Gunshot / Penetrating Trauma - SERIOUS hemorrhage Suffix G', 869),
	('27B03P', 'Stab / Gunshot / Penetrating Trauma - SERIOUS hemorrhage Suffix P', 870),
	('27B03S', 'Stab / Gunshot / Penetrating Trauma - SERIOUS hemorrhage Suffix S', 871),
	('27B03X', 'Stab / Gunshot / Penetrating Trauma - SERIOUS hemorrhage Suffix X', 872),
	('27B03Y', 'Stab / Gunshot / Penetrating Trauma - SERIOUS hemorrhage Suffix Y', 873),
	('27B04', 'Stab / Gunshot / Penetrating Trauma - Unknown status/Other codes not applicable', 874),
	('27B04G', 'Stab / Gunshot / Penetrating Trauma - Unknown status/Other codes not applicable Suffix G', 875),
	('27B04P', 'Stab / Gunshot / Penetrating Trauma - Unknown status/Other codes not applicable Suffix P', 876),
	('27B04S', 'Stab / Gunshot / Penetrating Trauma - Unknown status/Other codes not applicable Suffix S', 877),
	('27B04X', 'Stab / Gunshot / Penetrating Trauma - Unknown status/Other codes not applicable Suffix X', 878),
	('27B04Y', 'Stab / Gunshot / Penetrating Trauma - Unknown status/Other codes not applicable Suffix Y', 879),
	('27B05', 'Stab / Gunshot / Penetrating Trauma - OBVIOUS DEATH (explosive GSW to head)', 880),
	('27B05G', 'Stab / Gunshot / Penetrating Trauma - OBVIOUS DEATH (explosive GSW to head) Suffix G', 881),
	('27B05P', 'Stab / Gunshot / Penetrating Trauma - OBVIOUS DEATH (explosive GSW to head) Suffix P', 882),
	('27B05S', 'Stab / Gunshot / Penetrating Trauma - OBVIOUS DEATH (explosive GSW to head) Suffix S', 883),
	('27B05X', 'Stab / Gunshot / Penetrating Trauma - OBVIOUS DEATH (explosive GSW to head) Suffix X', 884),
	('27B05Y', 'Stab / Gunshot / Penetrating Trauma - OBVIOUS DEATH (explosive GSW to head) Suffix Y', 885),
	('27D00', 'Stab / Gunshot / Penetrating Trauma - Override D', 886),
	('27D00G', 'Stab / Gunshot / Penetrating Trauma - Override D Suffix G', 887),
	('27D00P', 'Stab / Gunshot / Penetrating Trauma - Override D Suffix P', 888),
	('27D00S', 'Stab / Gunshot / Penetrating Trauma - Override D Suffix S', 889),
	('27D00X', 'Stab / Gunshot / Penetrating Trauma - Override D Suffix X', 890),
	('27D00Y', 'Stab / Gunshot / Penetrating Trauma - Override D Suffix Y', 891),
	('27D01', 'Stab / Gunshot / Penetrating Trauma - Unconscious or Arrest', 892),
	('27D01G', 'Stab / Gunshot / Penetrating Trauma - Unconscious or Arrest Suffix G', 893),
	('27D01P', 'Stab / Gunshot / Penetrating Trauma - Unconscious or Arrest Suffix P', 894),
	('27D01S', 'Stab / Gunshot / Penetrating Trauma - Unconscious or Arrest Suffix S', 895),
	('27D01X', 'Stab / Gunshot / Penetrating Trauma - Unconscious or Arrest Suffix X', 896),
	('27D01Y', 'Stab / Gunshot / Penetrating Trauma - Unconscious or Arrest Suffix Y', 897),
	('27D02', 'Stab / Gunshot / Penetrating Trauma - Not alert', 898),
	('27D02G', 'Stab / Gunshot / Penetrating Trauma - Not alert Suffix G', 899),
	('27D02P', 'Stab / Gunshot / Penetrating Trauma - Not alert Suffix P', 900),
	('27D02S', 'Stab / Gunshot / Penetrating Trauma - Not alert Suffix S', 901),
	('27D02X', 'Stab / Gunshot / Penetrating Trauma - Not alert Suffix X', 902),
	('27D02Y', 'Stab / Gunshot / Penetrating Trauma - Not alert Suffix Y', 903),
	('27D03', 'Stab / Gunshot / Penetrating Trauma - CENTRAL wounds', 904),
	('27D03G', 'Stab / Gunshot / Penetrating Trauma - CENTRAL wounds Suffix G', 905),
	('27D03P', 'Stab / Gunshot / Penetrating Trauma - CENTRAL wounds Suffix P', 906),
	('27D03S', 'Stab / Gunshot / Penetrating Trauma - CENTRAL wounds Suffix S', 907),
	('27D03X', 'Stab / Gunshot / Penetrating Trauma - CENTRAL wounds Suffix X', 908),
	('27D03Y', 'Stab / Gunshot / Penetrating Trauma - CENTRAL wounds Suffix Y', 909),
	('27D04', 'Stab / Gunshot / Penetrating Trauma - Multiple wounds', 910),
	('27D04G', 'Stab / Gunshot / Penetrating Trauma - Multiple wounds Suffix G', 911),
	('27D04P', 'Stab / Gunshot / Penetrating Trauma - Multiple wounds Suffix P', 912),
	('27D04S', 'Stab / Gunshot / Penetrating Trauma - Multiple wounds Suffix S', 913),
	('27D04X', 'Stab / Gunshot / Penetrating Trauma - Multiple wounds Suffix X', 914),
	('27D04Y', 'Stab / Gunshot / Penetrating Trauma - Multiple wounds Suffix Y', 915),
	('27D05', 'Stab / Gunshot / Penetrating Trauma - Multiple victims', 916),
	('27D05G', 'Stab / Gunshot / Penetrating Trauma - Multiple victims Suffix G', 917),
	('27D05P', 'Stab / Gunshot / Penetrating Trauma - Multiple victims Suffix P', 918),
	('27D05S', 'Stab / Gunshot / Penetrating Trauma - Multiple victims Suffix S', 919),
	('27D05X', 'Stab / Gunshot / Penetrating Trauma - Multiple victims Suffix X', 920),
	('27D05Y', 'Stab / Gunshot / Penetrating Trauma - Multiple victims Suffix Y', 921),
	('28A01', 'Stroke (CVA) - Breathing normally < 35', 922),
	('28A01C', 'Stroke (CVA) - Breathing normally < 35 Suffix C', 923),
	('28A01D', 'Stroke (CVA) - Breathing normally < 35 Suffix D', 924),
	('28A01E', 'Stroke (CVA) - Breathing normally < 35 Suffix E', 925),
	('28A01F', 'Stroke (CVA) - Breathing normally < 35 Suffix F', 926),
	('28A01G', 'Stroke (CVA) - Breathing normally < 35 Suffix G', 927),
	('28A01H', 'Stroke (CVA) - Breathing normally < 35 Suffix H', 928),
	('28A01I', 'Stroke (CVA) - Breathing normally < 35 Suffix I', 929),
	('28A01J', 'Stroke (CVA) - Breathing normally < 35 Suffix J', 930),
	('28A01K', 'Stroke (CVA) - Breathing normally < 35 Suffix K', 931),
	('28A01L', 'Stroke (CVA) - Breathing normally < 35 Suffix L', 932),
	('28A01M', 'Stroke (CVA) - Breathing normally < 35 Suffix M', 933),
	('28A01U', 'Stroke (CVA) - Breathing normally < 35 Suffix U', 934),
	('28A01X', 'Stroke (CVA) - Breathing normally < 35 Suffix X', 935),
	('28A01Y', 'Stroke (CVA) - Breathing normally < 35 Suffix Y', 936),
	('28A01Z', 'Stroke (CVA) - Breathing normally < 35 Suffix Z', 937),
	('28B00', 'Stroke (CVA) - Override B', 938),
	('28B00C', 'Stroke (CVA) - Override B Suffix C', 939),
	('28B00D', 'Stroke (CVA) - Override B Suffix D', 940),
	('28B00E', 'Stroke (CVA) - Override B Suffix E', 941),
	('28B00F', 'Stroke (CVA) - Override B Suffix F', 942),
	('28B00G', 'Stroke (CVA) - Override B Suffix G', 943),
	('28B00H', 'Stroke (CVA) - Override B Suffix H', 944),
	('28B00I', 'Stroke (CVA) - Override B Suffix I', 945),
	('28B00J', 'Stroke (CVA) - Override B Suffix J', 946),
	('28B00K', 'Stroke (CVA) - Override B Suffix K', 947),
	('28B00L', 'Stroke (CVA) - Override B Suffix L', 948),
	('28B00M', 'Stroke (CVA) - Override B Suffix M', 949),
	('28B00U', 'Stroke (CVA) - Override B Suffix U', 950),
	('28B00X', 'Stroke (CVA) - Override B Suffix X', 951),
	('28B00Y', 'Stroke (CVA) - Override B Suffix Y', 952),
	('28B00Z', 'Stroke (CVA) - Override B Suffix Z', 953),
	('28C00', 'Stroke (CVA) - Override C', 954),
	('28C00C', 'Stroke (CVA) - Override C Suffix C', 955),
	('28C00D', 'Stroke (CVA) - Override C Suffix D', 956),
	('28C00E', 'Stroke (CVA) - Override C Suffix E', 957),
	('28C00F', 'Stroke (CVA) - Override C Suffix F', 958),
	('28C00G', 'Stroke (CVA) - Override C Suffix G', 959),
	('28C00H', 'Stroke (CVA) - Override C Suffix H', 960),
	('28C00I', 'Stroke (CVA) - Override C Suffix I', 961),
	('28C00J', 'Stroke (CVA) - Override C Suffix J', 962),
	('28C00K', 'Stroke (CVA) - Override C Suffix K', 963),
	('28C00L', 'Stroke (CVA) - Override C Suffix L', 964),
	('28C00M', 'Stroke (CVA) - Override C Suffix M', 965),
	('28C00U', 'Stroke (CVA) - Override C Suffix U', 966),
	('28C00X', 'Stroke (CVA) - Override C Suffix X', 967),
	('28C00Y', 'Stroke (CVA) - Override C Suffix Y', 968),
	('28C00Z', 'Stroke (CVA) - Override C Suffix Z', 969),
	('28C01', 'Stroke (CVA) - Not alert', 970),
	('28C01C', 'Stroke (CVA) - Not Alert Suffix C', 971),
	('28C01D', 'Stroke (CVA) - Not Alert Suffix D', 972),
	('28C01E', 'Stroke (CVA) - Not Alert Suffix E', 973),
	('28C01F', 'Stroke (CVA) - Not Alert Suffix F', 974),
	('28C01G', 'Stroke (CVA) - Not alert Suffix G', 975),
	('28C01H', 'Stroke (CVA) - Not Alert Suffix H', 976),
	('28C01I', 'Stroke (CVA) - Not Alert Suffix I', 977),
	('28C01J', 'Stroke (CVA) - Not Alert Suffix J', 978),
	('28C01K', 'Stroke (CVA) - Not Alert Suffix K', 979),
	('28C01L', 'Stroke (CVA) - Not alert Suffix L', 980),
	('28C01M', 'Stroke (CVA) - Not Alert Suffix M', 981),
	('28C01U', 'Stroke (CVA) - Not alert Suffix U', 982),
	('28C01X', 'Stroke (CVA) - Not Alert Suffix X', 983),
	('28C01Y', 'Stroke (CVA) - Not Alert Suffix Y', 984),
	('28C01Z', 'Stroke (CVA) - Not Alert Suffix Z', 985),
	('28C02', 'Stroke (CVA) - Abnormal breathing', 986),
	('28C02C', 'Stroke (CVA) - Abnormal breathing Suffix C', 987),
	('28C02D', 'Stroke (CVA) - Abnormal breathing Suffix D', 988),
	('28C02E', 'Stroke (CVA) - Abnormal breathing Suffix E', 989),
	('28C02F', 'Stroke (CVA) - Abnormal breathing Suffix F', 990),
	('28C02G', 'Stroke (CVA) - Abnormal breathing Suffix G', 991),
	('28C02H', 'Stroke (CVA) - Abnormal breathing Suffix H', 992),
	('28C02I', 'Stroke (CVA) - Abnormal breathing Suffix I', 993),
	('28C02J', 'Stroke (CVA) - Abnormal breathing Suffix J', 994),
	('28C02K', 'Stroke (CVA) - Abnormal breathing Suffix K', 995),
	('28C02L', 'Stroke (CVA) - Abnormal breathing Suffix L', 996),
	('28C02M', 'Stroke (CVA) - Abnormal breathing Suffix M', 997),
	('28C02U', 'Stroke (CVA) - Abnormal breathing Suffix U', 998),
	('28C02X', 'Stroke (CVA) - Abnormal breathing Suffix X', 999),
	('28C02Y', 'Stroke (CVA) - Abnormal breathing Suffix Y', 1000),
	('28C02Z', 'Stroke (CVA) - Abnormal breathing Suffix Z', 1001),
	('28C03', 'Stroke (CVA) - Sudden Speech problems', 1002),
	('28C03C', 'Stroke (CVA) - Sudden speech problems Suffix C', 1003),
	('28C03D', 'Stroke (CVA) - Sudden speech problems Suffix D', 1004),
	('28C03E', 'Stroke (CVA) - Sudden speech problems Suffix E', 1005),
	('28C03F', 'Stroke (CVA) - Sudden speech problems Suffix F', 1006),
	('28C03G', 'Stroke (CVA) - Sudden Speech problems Suffix G', 1007),
	('28C03H', 'Stroke (CVA) - Sudden speech problems Suffix H', 1008),
	('28C03I', 'Stroke (CVA) - Sudden speech problems Suffix I', 1009),
	('28C03J', 'Stroke (CVA) - Sudden speech problems Suffix J', 1010),
	('28C03K', 'Stroke (CVA) - Sudden speech problems Suffix K', 1011),
	('28C03L', 'Stroke (CVA) - Sudden Speech problems Suffix L', 1012),
	('28C03M', 'Stroke (CVA) - Sudden speech problems Suffix M', 1013),
	('28C03U', 'Stroke (CVA) - Sudden Speech problems Suffix U', 1014),
	('28C03X', 'Stroke (CVA) - Sudden speech problems Suffix X', 1015),
	('28C03Y', 'Stroke (CVA) - Sudden speech problems Suffix Y', 1016),
	('28C03Z', 'Stroke (CVA) - Sudden speech problems Suffix Z', 1017),
	('28C04', 'Stroke (CVA) - Sudden weakness or numbness (one side)', 1018),
	('28C04C', 'Stroke (CVA) - Sudden weakness or numbness (one side) Suffix C', 1019),
	('28C04D', 'Stroke (CVA) - Sudden weakness or numbness (one side) Suffix D', 1020),
	('28C04E', 'Stroke (CVA) - Sudden weakness or numbness (one side) Suffix E', 1021),
	('28C04F', 'Stroke (CVA) - Sudden weakness or numbness (one side) Suffix F', 1022),
	('28C04G', 'Stroke (CVA) - Sudden weakness or numbness (one side) Suffix G', 1023),
	('28C04H', 'Stroke (CVA) - Sudden weakness or numbness (one side) Suffix H', 1024),
	('28C04I', 'Stroke (CVA) - Sudden weakness or numbness (one side) Suffix I', 1025),
	('28C04J', 'Stroke (CVA) - Sudden weakness or numbness (one side) Suffix J', 1026),
	('28C04K', 'Stroke (CVA) - Sudden weakness or numbness (one side) Suffix K', 1027),
	('28C04L', 'Stroke (CVA) - Sudden weakness or numbness (one side) Suffix L', 1028),
	('28C04M', 'Stroke (CVA) - Sudden weakness or numbness (one side) Suffix M', 1029),
	('28C04U', 'Stroke (CVA) - Sudden weakness or numbness (one side) Suffix U', 1030),
	('28C04X', 'Stroke (CVA) - Sudden weakness or numbness (one side) Suffix X', 1031),
	('28C04Y', 'Stroke (CVA) - Sudden weakness or numbness (one side) Suffix Y', 1032),
	('28C04Z', 'Stroke (CVA) - Sudden weakness or numbness (one side) Suffix Z', 1033),
	('28C05', 'Stroke (CVA) - Sudden paralysis or facial droop (one side)', 1034),
	('28C05C', 'Stroke (CVA) - Sudden paralysis or facial droop (one side) Suffix C', 1035),
	('28C05D', 'Stroke (CVA) - Sudden paralysis or facial droop (one side) Suffix D', 1036),
	('28C05E', 'Stroke (CVA) - Sudden paralysis or facial droop (one side) Suffix E', 1037),
	('28C05F', 'Stroke (CVA) - Sudden paralysis or facial droop (one side) Suffix F', 1038),
	('28C05G', 'Stroke (CVA) - Sudden paralysis or facial droop (one side) Suffix G', 1039),
	('28C05H', 'Stroke (CVA) - Sudden paralysis or facial droop (one side) Suffix H', 1040),
	('28C05I', 'Stroke (CVA) - Sudden paralysis or facial droop (one side) Suffix I', 1041),
	('28C05J', 'Stroke (CVA) - Sudden paralysis or facial droop (one side) Suffix J', 1042),
	('28C05K', 'Stroke (CVA) - Sudden paralysis or facial droop (one side) Suffix K', 1043),
	('28C05L', 'Stroke (CVA) - Sudden paralysis or facial droop (one side) Suffix L', 1044),
	('28C05M', 'Stroke (CVA) - Sudden paralysis or facial droop (one side) Suffix M', 1045),
	('28C05U', 'Stroke (CVA) - Sudden paralysis or facial droop (one side) Suffix U', 1046),
	('28C05X', 'Stroke (CVA) - Sudden paralysis or facial droop (one side) Suffix X', 1047),
	('28C05Y', 'Stroke (CVA) - Sudden paralysis or facial droop (one side) Suffix Y', 1048),
	('28C05Z', 'Stroke (CVA) - Sudden paralysis or facial droop (one side) Suffix Z', 1049),
	('28C06', 'Stroke (CVA) - Sudden loss of balance or coordination', 1050),
	('28C06C', 'Stroke (CVA) - Sudden loss of balance or coordination Suffix C', 1051),
	('28C06D', 'Stroke (CVA) - Sudden loss of balance or coordination Suffix D', 1052),
	('28C06E', 'Stroke (CVA) - Sudden loss of balance or coordination Suffix E', 1053),
	('28C06F', 'Stroke (CVA) - Sudden loss of balance or coordination Suffix F', 1054),
	('28C06G', 'Stroke (CVA) - Sudden loss of balance or coordination Suffix G', 1055),
	('28C06H', 'Stroke (CVA) - Sudden loss of balance or coordination Suffix H', 1056),
	('28C06I', 'Stroke (CVA) - Sudden loss of balance or coordination Suffix I', 1057),
	('28C06J', 'Stroke (CVA) - Sudden loss of balance or coordination Suffix J', 1058),
	('28C06K', 'Stroke (CVA) - Sudden loss of balance or coordination Suffix K', 1059),
	('28C06L', 'Stroke (CVA) - Sudden loss of balance or coordination Suffix L', 1060),
	('28C06M', 'Stroke (CVA) - Sudden loss of balance or coordination Suffix M', 1061),
	('28C06U', 'Stroke (CVA) - Sudden loss of balance or coordination Suffix U', 1062),
	('28C06X', 'Stroke (CVA) - Sudden loss of balance or coordination Suffix X', 1063),
	('28C06Y', 'Stroke (CVA) - Sudden loss of balance or coordination Suffix Y', 1064),
	('28C06Z', 'Stroke (CVA) - Sudden loss of balance or coordination Suffix Z', 1065),
	('28C07', 'Stroke (CVA) - Sudden Vision Problems', 1066),
	('28C07C', 'Stroke (CVA) - Sudden vision problems Suffix C', 1067),
	('28C07D', 'Stroke (CVA) - Sudden vision problems Suffix D', 1068),
	('28C07E', 'Stroke (CVA) - Sudden vision problems Suffix E', 1069),
	('28C07F', 'Stroke (CVA) - Sudden vision problems Suffix F', 1070),
	('28C07G', 'Stroke (CVA) - Sudden Vision Problems Suffix G', 1071),
	('28C07H', 'Stroke (CVA) - Sudden vision problems Suffix H', 1072),
	('28C07I', 'Stroke (CVA) - Sudden vision problems Suffix I', 1073),
	('28C07J', 'Stroke (CVA) - Sudden vision problems Suffix J', 1074),
	('28C07K', 'Stroke (CVA) - Sudden vision problems Suffix K', 1075),
	('28C07L', 'Stroke (CVA) - Sudden Vision Problems Suffix L', 1076),
	('28C07M', 'Stroke (CVA) - Sudden vision problems Suffix M', 1077),
	('28C07U', 'Stroke (CVA) - Sudden Vision Problems Suffix U', 1078),
	('28C07X', 'Stroke (CVA) - Sudden vision problems Suffix X', 1079),
	('28C07Y', 'Stroke (CVA) - Sudden vision problems Suffix Y', 1080),
	('28C07Z', 'Stroke (CVA) - Sudden vision problems Suffix Z', 1081),
	('28C08', 'Stroke (CVA) - Sudden onset of servere headache', 1082),
	('28C08C', 'Stroke (CVA) - Sudden onset of servere headache Suffix C', 1083),
	('28C08D', 'Stroke (CVA) - Sudden onset of servere headache Suffix D', 1084),
	('28C08E', 'Stroke (CVA) - Sudden onset of servere headache Suffix E', 1085),
	('28C08F', 'Stroke (CVA) - Sudden onset of servere headache Suffix F', 1086),
	('28C08G', 'Stroke (CVA) - Sudden onset of servere headache Suffix G', 1087),
	('28C08H', 'Stroke (CVA) - Sudden onset of servere headache Suffix H', 1088),
	('28C08I', 'Stroke (CVA) - Sudden onset of servere headache Suffix I', 1089),
	('28C08J', 'Stroke (CVA) - Sudden onset of servere headache Suffix J', 1090),
	('28C08K', 'Stroke (CVA) - Sudden onset of servere headache Suffix K', 1091),
	('28C08L', 'Stroke (CVA) - Sudden onset of servere headache Suffix L', 1092),
	('28C08M', 'Stroke (CVA) - Sudden onset of servere headache Suffix M', 1093),
	('28C08U', 'Stroke (CVA) - Sudden onset of servere headache Suffix U', 1094),
	('28C08X', 'Stroke (CVA) - Sudden onset of servere headache Suffix X', 1095),
	('28C08Y', 'Stroke (CVA) - Sudden onset of servere headache Suffix Y', 1096),
	('28C08Z', 'Stroke (CVA) - Sudden onset of servere headache Suffix Z', 1097),
	('28C09', 'Stroke (CVA) - STROKE History', 1098),
	('28C09C', 'Stroke (CVA) - Stroke History Suffix C', 1099),
	('28C09D', 'Stroke (CVA) - Stroke History Suffix D', 1100),
	('28C09E', 'Stroke (CVA) - Stroke History Suffix E', 1101),
	('28C09F', 'Stroke (CVA) - Stroke History Suffix F', 1102),
	('28C09G', 'Stroke (CVA) - STROKE History Suffix G', 1103),
	('28C09H', 'Stroke (CVA) - Stroke History Suffix H', 1104),
	('28C09I', 'Stroke (CVA) - Stroke History Suffix I', 1105),
	('28C09J', 'Stroke (CVA) - Stroke History Suffix J', 1106),
	('28C09K', 'Stroke (CVA) - Stroke History Suffix K', 1107),
	('28C09L', 'Stroke (CVA) - STROKE History Suffix L', 1108),
	('28C09M', 'Stroke (CVA) - Stroke History Suffix M', 1109),
	('28C09U', 'Stroke (CVA) - STROKE History Suffix U', 1110),
	('28C09X', 'Stroke (CVA) - Stroke History Suffix X', 1111),
	('28C09Y', 'Stroke (CVA) - Stroke History Suffix Y', 1112),
	('28C09Z', 'Stroke (CVA) - Stroke History Suffix Z', 1113),
	('28C10', 'Stroke (CVA) - TIA (mini-stroke) history', 1114),
	('28C10C', 'Stroke (CVA) - TIA (mini-stroke) history Suffix C', 1115),
	('28C10D', 'Stroke (CVA) - TIA (mini-stroke) history Suffix D', 1116),
	('28C10E', 'Stroke (CVA) - TIA (mini-stroke) history Suffix E', 1117),
	('28C10F', 'Stroke (CVA) - TIA (mini-stroke) history Suffix F', 1118),
	('28C10G', 'Stroke (CVA) - TIA (mini-stroke) history Suffix G', 1119),
	('28C10H', 'Stroke (CVA) - TIA (mini-stroke) history Suffix H', 1120),
	('28C10I', 'Stroke (CVA) - TIA (mini-stroke) history Suffix I', 1121),
	('28C10J', 'Stroke (CVA) - TIA (mini-stroke) history Suffix J', 1122),
	('28C10K', 'Stroke (CVA) - TIA (mini-stroke) history Suffix K', 1123),
	('28C10L', 'Stroke (CVA) - TIA (mini-stroke) history Suffix L', 1124),
	('28C10M', 'Stroke (CVA) - TIA (mini-stroke) history Suffix M', 1125),
	('28C10U', 'Stroke (CVA) - TIA (mini-stroke) history Suffix U', 1126),
	('28C10X', 'Stroke (CVA) - TIA (mini-stroke) history Suffix X', 1127),
	('28C10Y', 'Stroke (CVA) - TIA (mini-stroke) history Suffix Y', 1128),
	('28C10Z', 'Stroke (CVA) - TIA (mini-stroke) history Suffix Z', 1129),
	('28C11', 'Stroke (CVA) - Breathing normally => 35', 1130),
	('28C11C', 'Stroke (CVA) - Breathing normally => 35 Suffix C', 1131),
	('28C11D', 'Stroke (CVA) - Breathing normally => 35 Suffix D', 1132),
	('28C11E', 'Stroke (CVA) - Breathing normally => 35 Suffix E', 1133),
	('28C11F', 'Stroke (CVA) - Breathing normally => 35 Suffix F', 1134),
	('28C11G', 'Stroke (CVA) - Breathing normally => 35 Suffix G', 1135),
	('28C11H', 'Stroke (CVA) - Breathing normally => 35 Suffix H', 1136),
	('28C11I', 'Stroke (CVA) - Breathing normally => 35 Suffix I', 1137),
	('28C11J', 'Stroke (CVA) - Breathing normally => 35 Suffix J', 1138),
	('28C11K', 'Stroke (CVA) - Breathing normally => 35 Suffix K', 1139),
	('28C11L', 'Stroke (CVA) - Breathing normally => 35 Suffix L', 1140),
	('28C11M', 'Stroke (CVA) - Breathing normally => 35 Suffix M', 1141),
	('28C11U', 'Stroke (CVA) - Breathing normally => 35 Suffix U', 1142),
	('28C11X', 'Stroke (CVA) - Breathing normally => 35 Suffix X', 1143),
	('28C11Y', 'Stroke (CVA) - Breathing normally => 35 Suffix Y', 1144),
	('28C11Z', 'Stroke (CVA) - Breathing normally => 35 Suffix Z', 1145),
	('28C12', 'Stroke (CVA) - Unknown status/Other codes not applicable', 1146),
	('28C12C', 'Stroke (CVA) - Unknown status/Other codes not applicable Suffix C', 1147),
	('28C12D', 'Stroke (CVA) - Unknown status/Other codes not applicable Suffix D', 1148),
	('28C12E', 'Stroke (CVA) - Unknown status/Other codes not applicable Suffix E', 1149),
	('28C12F', 'Stroke (CVA) - Unknown status/Other codes not applicable Suffix F', 1150),
	('28C12G', 'Stroke (CVA) - Unknown status/Other codes not applicable Suffix G', 1151),
	('28C12H', 'Stroke (CVA) - Unknown status/Other codes not applicable Suffix H', 1152),
	('28C12I', 'Stroke (CVA) - Unknown status/Other codes not applicable Suffix I', 1153),
	('28C12J', 'Stroke (CVA) - Unknown status/Other codes not applicable Suffix J', 1154),
	('28C12K', 'Stroke (CVA) - Unknown status/Other codes not applicable Suffix K', 1155),
	('28C12L', 'Stroke (CVA) - Unknown status/Other codes not applicable Suffix L', 1156),
	('28C12M', 'Stroke (CVA) - Unknown status/Other codes not applicable Suffix M', 1157),
	('28C12U', 'Stroke (CVA) - Unknown status/Other codes not applicable Suffix U', 1158),
	('28C12X', 'Stroke (CVA) - Unknown status/Other codes not applicable Suffix X', 1159),
	('28C12Y', 'Stroke (CVA) - Unknown status/Other codes not applicable Suffix Y', 1160),
	('28C12Z', 'Stroke (CVA) - Unknown status/Other codes not applicable Suffix Z', 1161),
	('29A00', 'Traffic / Transportation Accidents - Override A', 1162),
	('29A00A', 'Traffic / Transportation Accidents - Override A Suffix A ', 1163),
	('29A00M', 'Traffic / Transportation Accidents - Override A Suffix M', 1164),
	('29A00U', 'Traffic / Transportation Accidents - Override A Suffix U', 1165),
	('29A00V', 'Traffic / Transportation Accidents - Override A Suffix V', 1166),
	('29A00X', 'Traffic / Transportation Accidents - Override A Suffix X', 1167),
	('29A00Y', 'Traffic / Transportation Accidents - Override A Suffix Y', 1168),
	('29A01', 'Traffic / Transportation Accidents - 1st party caller with injury to NOT DANGEROUS body area', 1169),
	('29A01A', 'Traffic / Transportation Accidents - 1st party caller with injury to NOT DANGEROUS body area Suffix A', 1170),
	('29A01M', 'Traffic / Transportation Accidents - 1st party caller with injury to NOT DANGEROUS body area Suffix M', 1171),
	('29A01U', 'Traffic / Transportation Accidents - 1st party caller with injury to NOT DANGEROUS body area Suffix U', 1172),
	('29A01V', 'Traffic / Transportation Accidents - 1st party caller with injury to NOT DANGEROUS body area Suffix V', 1173),
	('29A01X', 'Traffic / Transportation Accidents - 1st party caller with injury to NOT DANGEROUS body area Suffix X', 1174),
	('29A01Y', 'Traffic / Transportation Accidents - 1st party caller with injury to NOT DANGEROUS body area Suffix Y', 1175),
	('29B00', 'Traffic / Transportation Accidents - Override B', 1176),
	('29B00A', 'Traffic / Transportation Accidents - Override B Suffix A', 1177),
	('29B00M', 'Traffic / Transportation Accidents - Override B Suffix M', 1178),
	('29B00U', 'Traffic / Transportation Accidents - Override B Suffix U', 1179),
	('29B00V', 'Traffic / Transportation Accidents - Override B Suffix V', 1180),
	('29B00X', 'Traffic / Transportation Accidents - Override B Suffix X', 1181),
	('29B00Y', 'Traffic / Transportation Accidents - Override B Suffix Y', 1182),
	('29B01', 'Traffic / Transportation Accidents - Injuries', 1183),
	('29B01A', 'Traffic / Transportation Accidents - Injuries Suffix A', 1184),
	('29B01M', 'Traffic / Transportation Accidents - Injuries Suffix M', 1185),
	('29B01U', 'Traffic / Transportation Accidents - Injuries Suffix U', 1186),
	('29B01V', 'Traffic / Transportation Accidents - Injuries Suffix V', 1187),
	('29B01X', 'Traffic / Transportation Accidents - Injuries Suffix X', 1188),
	('29B01Y', 'Traffic / Transportation Accidents - Injuries Suffix Y', 1189),
	('29B02', 'Traffic / Transportation Accidents - SERIOUS hemorrhage', 1190),
	('29B02A', 'Traffic / Transportation Accidents - SERIOUS hemorrhage Suffix a', 1191),
	('29B02M', 'Traffic / Transportation Accidents - SERIOUS hemorrhage Suffix M', 1192),
	('29B02U', 'Traffic / Transportation Accidents - SERIOUS hemorrhage Suffix U', 1193),
	('29B02V', 'Traffic / Transportation Accidents - SERIOUS hemorrhage Suffix V', 1194),
	('29B02X', 'Traffic / Transportation Accidents - SERIOUS hemorrhage Suffix X', 1195),
	('29B02Y', 'Traffic / Transportation Accidents - SERIOUS hemorrhage Suffix Y', 1196),
	('29B03', 'Traffic / Transportation Accidents - Other hazards', 1197),
	('29B03A', 'Traffic / Transportation Accidents - Other hazards Suffix A', 1198),
	('29B03M', 'Traffic / Transportation Accidents - Other hazards Suffix M', 1199),
	('29B03U', 'Traffic / Transportation Accidents - Other hazards Suffix U', 1200),
	('29B03V', 'Traffic / Transportation Accidents - Other hazards Suffix V', 1201),
	('29B03X', 'Traffic / Transportation Accidents - Other hazards Suffix X', 1202),
	('29B03Y', 'Traffic / Transportation Accidents - Other hazards Suffix Y', 1203),
	('29B04', 'Traffic / Transportation Accidents - Unknown status/Other codes not applicable', 1204),
	('29B04A', 'Traffic / Transportation Accidents - Unknown status/Other codes not applicable Suffix A', 1205),
	('29B04M', 'Traffic / Transportation Accidents - Unknown status/Other codes not applicable Suffix M', 1206),
	('29B04U', 'Traffic / Transportation Accidents - Unknown status/Other codes not applicable Suffix U', 1207),
	('29B04V', 'Traffic / Transportation Accidents - Unknown status/Other codes not applicable Suffix V', 1208),
	('29B04X', 'Traffic / Transportation Accidents - Unknown status/Other codes not applicable Suffix X', 1209),
	('29B04Y', 'Traffic / Transportation Accidents - Unknown status/Other codes not applicable Suffix Y', 1210),
	('29D00', 'Traffic / Transportation Accidents - Override D', 1211),
	('29D00A', 'Traffic / Transportation Accidents - Override D Suffix A', 1212),
	('29D00M', 'Traffic / Transportation Accidents - Override D Suffix M', 1213),
	('29D00U', 'Traffic / Transportation Accidents - Override D Suffix U', 1214),
	('29D00V', 'Traffic / Transportation Accidents - Override D Suffix V', 1215),
	('29D00X', 'Traffic / Transportation Accidents - Override D Suffix X', 1216),
	('29D00Y', 'Traffic / Transportation Accidents - Override D Suffix Y', 1217),
	('29D01', 'Traffic / Transportation Accidents - MAJOR INCIDENT (a through f)', 1218),
	('29D01a', 'Traffic / Transportation Accidents - MAJOR INCIDENT (a through f) Suffix a', 1219),
	('29D01A', 'Traffic / Transportation Accidents - MAJOR INCIDENT (a through f) Suffix A', 1220),
	('29D01b', 'Traffic / Transportation Accidents - MAJOR INCIDENT (a through f) Suffix b', 1221),
	('29D01c', 'Traffic / Transportation Accidents - MAJOR INCIDENT (a through f) Suffix c', 1222),
	('29D01d', 'Traffic / Transportation Accidents - MAJOR INCIDENT (a through f) Suffix d', 1223),
	('29D01e', 'Traffic / Transportation Accidents - MAJOR INCIDENT (a through f) Suffix e', 1224),
	('29D01f', 'Traffic / Transportation Accidents - MAJOR INCIDENT (a through f) Suffix f', 1225),
	('29D01k', 'Traffic / Transportation Accidents - MAJOR INCIDENT (a through f) Suffix k', 1226),
	('29D01l', 'Traffic / Transportation Accidents - MAJOR INCIDENT (a through f) Suffix l', 1227),
	('29D01m', 'Traffic / Transportation Accidents - MAJOR INCIDENT (a through f) Suffix m', 1228),
	('29D01M', 'Traffic / Transportation Accidents - MAJOR INCIDENT (a through f) Suffix M', 1229),
	('29D01n', 'Traffic / Transportation Accidents - MAJOR INCIDENT (a through f) Suffix n', 1230),
	('29D01o', 'Traffic / Transportation Accidents - MAJOR INCIDENT (a through f) Suffix o', 1231),
	('29D01p', 'Traffic / Transportation Accidents - MAJOR INCIDENT (a through f) Suffix p', 1232),
	('29D01q', 'Traffic / Transportation Accidents - MAJOR INCIDENT (a through f) Suffix q', 1233),
	('29D01r', 'Traffic / Transportation Accidents - MAJOR INCIDENT (a through f) Suffix r', 1234),
	('29D01s', 'Traffic / Transportation Accidents - MAJOR INCIDENT (a through f) Suffix s', 1235),
	('29D01U', 'Traffic / Transportation Accidents - MAJOR INCIDENT (a through f) Suffix U', 1236),
	('29D01V', 'Traffic / Transportation Accidents - MAJOR INCIDENT (a through f) Suffix V', 1237),
	('29D01X', 'Traffic / Transportation Accidents - MAJOR INCIDENT (a through f) Suffix X', 1238),
	('29D01Y', 'Traffic / Transportation Accidents - MAJOR INCIDENT (a through f) Suffix Y', 1239),
	('29D02', 'Traffic / Transportation Accidents - HIGH MECHANISM (k through s)', 1240),
	('29D02a', 'Traffic / Transportation Accidents - HIGH MECHANISM (k through s) Suffix a', 1241),
	('29D02A', 'Traffic / Transportation Accidents - HIGH MECHANISM (k through s) Suffix A', 1242),
	('29D02b', 'Traffic / Transportation Accidents - HIGH MECHANISM (k through s) Suffix b', 1243),
	('29D02c', 'Traffic / Transportation Accidents - HIGH MECHANISM (k through s) Suffix c', 1244),
	('29D02d', 'Traffic / Transportation Accidents - HIGH MECHANISM (k through s) Suffix d', 1245),
	('29D02e', 'Traffic / Transportation Accidents - HIGH MECHANISM (k through s) Suffix e', 1246),
	('29D02f', 'Traffic / Transportation Accidents - HIGH MECHANISM (k through s) Suffix f', 1247),
	('29D02k', 'Traffic / Transportation Accidents - HIGH MECHANISM (k through s) Suffix k', 1248),
	('29D02l', 'Traffic / Transportation Accidents - HIGH MECHANISM (k through s) Suffix l', 1249),
	('29D02m', 'Traffic / Transportation Accidents - HIGH MECHANISM (k through s) Suffix m', 1250),
	('29D02M', 'Traffic / Transportation Accidents - HIGH MECHANISM (k through s) Suffix M', 1251),
	('29D02n', 'Traffic / Transportation Accidents - HIGH MECHANISM (k through s) Suffix n', 1252),
	('29D02o', 'Traffic / Transportation Accidents - HIGH MECHANISM (k through s) Suffix o', 1253),
	('29D02p', 'Traffic / Transportation Accidents - HIGH MECHANISM (k through s) Suffix p', 1254),
	('29D02q', 'Traffic / Transportation Accidents - HIGH MECHANISM (k through s) Suffix q', 1255),
	('29D02r', 'Traffic / Transportation Accidents - HIGH MECHANISM (k through s) Suffix r', 1256),
	('29D02s', 'Traffic / Transportation Accidents - HIGH MECHANISM (k through s) Suffix s', 1257),
	('29D02U', 'Traffic / Transportation Accidents - HIGH MECHANISM (k through s) Suffix U', 1258),
	('29D02V', 'Traffic / Transportation Accidents - HIGH MECHANISM (k through s) Suffix V', 1259),
	('29D02X', 'Traffic / Transportation Accidents - HIGH MECHANISM (k through s) Suffix X', 1260),
	('29D02Y', 'Traffic / Transportation Accidents - HIGH MECHANISM (k through s) Suffix Y', 1261),
	('29D03', 'Traffic / Transportation Accidents - HAZMAT', 1262),
	('29D03A', 'Traffic / Transportation Accidents - HAZMAT Suffix A', 1263),
	('29D03M', 'Traffic / Transportation Accidents - HAZMAT Suffix M', 1264),
	('29D03U', 'Traffic / Transportation Accidents - HAZMAT Suffix U', 1265),
	('29D03V', 'Traffic / Transportation Accidents - HAZMAT Suffix V', 1266),
	('29D03X', 'Traffic / Transportation Accidents - HAZMAT Suffix X', 1267),
	('29D03Y', 'Traffic / Transportation Accidents - HAZMAT Suffix Y', 1268),
	('29D04', 'Traffic / Transportation Accidents - Pinned (trapped) victim', 1269),
	('29D04A', 'Traffic / Transportation Accidents - Pinned (trapped) victim Suffix A', 1270),
	('29D04M', 'Traffic / Transportation Accidents - Pinned (trapped) victim Suffix M', 1271),
	('29D04U', 'Traffic / Transportation Accidents - Pinned (trapped) victim Suffix U', 1272),
	('29D04V', 'Traffic / Transportation Accidents - Pinned (trapped) victim Suffix V', 1273),
	('29D04X', 'Traffic / Transportation Accidents - Pinned (trapped) victim Suffix X', 1274),
	('29D04Y', 'Traffic / Transportation Accidents - Pinned (trapped) victim Suffix Y', 1275),
	('29D05', 'Traffic / Transportation Accidents - Not alert', 1276),
	('29D05A', 'Traffic / Transportation Accidents - Not alert Suffix A', 1277),
	('29D05M', 'Traffic / Transportation Accidents - Not alert Suffix M', 1278),
	('29D05U', 'Traffic / Transportation Accidents - Not alert Suffix U', 1279),
	('29D05V', 'Traffic / Transportation Accidents - Not alert Suffix V', 1280),
	('29D05X', 'Traffic / Transportation Accidents - Not alert Suffix X', 1281),
	('29D05Y', 'Traffic / Transportation Accidents - Not alert Suffix Y', 1282),
	('29O01', 'Traffic / Transportation Accidents - No injuries (confirmed)', 1283),
	('29O01A', 'Traffic / Transportation Accidents - No injuries (confirmed) Suffix A', 1284),
	('29O01M', 'Traffic / Transportation Accidents - No injuries (confirmed) Suffix M', 1285),
	('29O01U', 'Traffic / Transportation Accidents - No injuries (confirmed) Suffix U', 1286),
	('29O01V', 'Traffic / Transportation Accidents - No injuries (confirmed) Suffix V', 1287),
	('29O01X', 'Traffic / Transportation Accidents - No injuries (confirmed) Suffix X', 1288),
	('29O01Y', 'Traffic / Transportation Accidents - No injuries (confirmed) Suffix Y', 1289),
	('30A01', 'Traumatic Injuries - NOT DANGEROUS body area', 1290),
	('30A02', 'Traumatic Injuries - NON-RECENT (= 6hrs) injuries (without priority symptoms)', 1291),
	('30B00', 'Traumatic Injuries - Override B', 1292),
	('30B01', 'Traumatic Injuries - POSSIBLY DANGEROUS body area', 1293),
	('30B02', 'Traumatic Injuries - SERIOUS hemorrhage', 1294),
	('30D00', 'Traumatic Injuries - Override D', 1295),
	('30D01', 'Traumatic Injuries - Unconscious or Arrest', 1296),
	('30D02', 'Traumatic Injuries - Not alert', 1297),
	('30D03', 'Traumatic Injuries - Chest or Neck injury (with difficulty breathing)', 1298),
	('31A01', 'Unconscious / Fainting - Fainting episode(s) and alert = 35 (without cardiac history)', 1299),
	('31A02', 'Unconscious / Fainting - Fainting episode(s) and alert < 35 (with cardiac history)', 1300),
	('31A03', 'Unconscious / Fainting - Fainting episode(s) and alert < 35 (without cardiac history)', 1301),
	('31C00', 'Unconscious / Fainting - Override C', 1302),
	('31C01', 'Unconscious / Fainting - Alert with abnormal breathing', 1303),
	('31C02', 'Unconscious / Fainting - Fainting episode(s) and alert = 35 (with cardiac history)', 1304),
	('31C03', 'Unconscious / Fainting - Females 12-50 with abdominal pain', 1305),
	('31D00', 'Unconscious / Fainting - Override D', 1306),
	('31D01', 'Unconscious / Fainting - Unconscious - AGONAL/INEFFECTIVE BREATHING', 1307),
	('31D02', 'Unconscious / Fainting - Unconscious - Effective breathing', 1308),
	('31D03', 'Unconscious / Fainting - Not alert', 1309),
	('31D04', 'Unconscious / Fainting - CHANGING COLOR', 1310),
	('31E00', 'Unconscious / Fainting - Override E', 1311),
	('31E01', 'Unconscious / Fainting - INEFFECTIVE BREATHING', 1312),
	('32B01', 'Unknown Problem - Standing, sitting, moving, or talking', 1313),
	('32B02', 'Unknown Problem - Medical Alarm (Alert) notifications (no patient information)', 1314),
	('32B03', 'Unknown Problem - Unknown status/Other codes not applicable', 1315),
	('32B04', 'Unknown Problem - Caller\'s language not understood (no interpreter available)', 1316),
	('32D00', 'Unknown Problem - Override', 1317),
	('32D01', 'Unknown Problem - LIFE STATUS QUESTIONABLE', 1318),
	('33A01', 'Transfer / Interfacility / Palliative Care - ACUITY I (no priority symptoms)', 1319),
	('33A01P', 'Transfer / Interfacility / Palliative Care - ACUITY I (no priority symptoms) Suffix P', 1320),
	('33A01T', 'Transfer / Interfacility / Palliative Care - ACUITY I (no priority symptoms) Suffix T', 1321),
	('33A02', 'Transfer / Interfacility / Palliative Care - ACUITY II (no priority symptoms)', 1322),
	('33A02P', 'Transfer / Interfacility / Palliative Care - ACUITY II (no priority symptoms) Suffix P', 1323),
	('33A02T', 'Transfer / Interfacility / Palliative Care - ACUITY II (no priority symptoms) Suffix T', 1324),
	('33A03', 'Transfer / Interfacility / Palliative Care - ACUITY III (no priority symptoms)', 1325),
	('33A03P', 'Transfer / Interfacility / Palliative Care - ACUITY III (no priority symptoms) Suffix P', 1326),
	('33A03T', 'Transfer / Interfacility / Palliative Care - ACUITY III (no priority symptoms) Suffix T', 1327),
	('33C0', 'Tikaman/ Tembakan/ Tersusuk - Pendarahan dan/atau Gangguan Sirkulasi', 1328),
	('33C00', 'Transfer / Interfacility / Palliative Care - Override C', 1329),
	('33C00P', 'Transfer / Interfacility / Palliative Care - Override C Suffix P', 1330),
	('33C00T', 'Transfer / Interfacility / Palliative Care - Override C Suffix T', 1331),
	('33C01', 'Transfer / Interfacility / Palliative Care - Not alert (acute change)', 1332),
	('33C01P', 'Transfer / Interfacility / Palliative Care - Not alert (acute change) Suffix P', 1333),
	('33C01T', 'Transfer / Interfacility / Palliative Care - Not alert (acute change) Suffix T', 1334),
	('33C02', 'Transfer / Interfacility / Palliative Care - Abnormal breathing (acute onset)', 1335),
	('33C02P', 'Transfer / Interfacility / Palliative Care - Abnormal breathing (acute onset) Suffix P', 1336),
	('33C02T', 'Transfer / Interfacility / Palliative Care - Abnormal breathing (acute onset) Suffix T', 1337),
	('33C03', 'Transfer / Interfacility / Palliative Care - Significant hemorrhage or shock', 1338),
	('33C03P', 'Transfer / Interfacility / Palliative Care - Significant hemorrhage or shock Suffix P', 1339),
	('33C03T', 'Transfer / Interfacility / Palliative Care - Significant hemorrhage or shock Suffix T', 1340),
	('33C04', 'Transfer / Interfacility / Palliative Care - Possible acute heart problems or MI (heart attack)', 1341),
	('33C04P', 'Transfer / Interfacility / Palliative Care - Possible acute heart problems or MI (heart attack) Suffix P', 1342),
	('33C04T', 'Transfer / Interfacility / Palliative Care - Possible acute heart problems or MI (heart attack) Suffix T', 1343),
	('33C05', 'Transfer / Interfacility / Palliative Care - Acute severe pain', 1344),
	('33C05P', 'Transfer / Interfacility / Palliative Care - Acute severe pain Suffix P', 1345),
	('33C05T', 'Transfer / Interfacility / Palliative Care - Acute severe pain Suffix T', 1346),
	('33C06', 'Transfer / Interfacility / Palliative Care - Emergency response requested', 1347),
	('33C06P', 'Transfer / Interfacility / Palliative Care - Emergency response requested Suffix P', 1348),
	('33C06T', 'Transfer / Interfacility / Palliative Care - Emergency response requested Suffix T', 1349),
	('33D00', 'Transfer / Interfacility / Palliative Care - Override D', 1350),
	('33D00P', 'Transfer / Interfacility / Palliative Care - Override D Suffix P', 1351),
	('33D00T', 'Transfer / Interfacility / Palliative Care - Override D Suffix T', 1352),
	('33D01', 'Transfer / Interfacility / Palliative Care - Suspected cardiac or respiratory arrest', 1353),
	('33D01P', 'Transfer / Interfacility / Palliative Care - Suspected cardiac or respiratory arrest Suffix P', 1354),
	('33D01T', 'Transfer / Interfacility / Palliative Care - Suspected cardiac or respiratory arrest Suffix T', 1355),
	('33D02', 'Transfer / Interfacility / Palliative Care - Just resuscitated and/or defibrillated (external)', 1356),
	('33D02P', 'Transfer / Interfacility / Palliative Care - Just resuscitated and/or defibrillated (external) Suffix P', 1357),
	('33D02T', 'Transfer / Interfacility / Palliative Care - Just resuscitated and/or defibrillated (external) Suffix T', 1358),
	('36A00', 'Pandemic Flu - Override A', 1359),
	('36A00A', 'Pandemic Flu - Override A Suffix A', 1360),
	('36A00B', 'Pandemic Flu - Override A Suffix B', 1361),
	('36A00C', 'Pandemic Flu - Override A Suffix C', 1362),
	('36A01', 'Pandemic Flu - Chest pain >= 35 with flu symptoms', 1363),
	('36A01A', 'Pandemic Flu - Chest pain >= 35 with flu symptoms Suffix A', 1364),
	('36A01B', 'Pandemic Flu - Chest pain >= 35 with flu symptoms Suffix B', 1365),
	('36A01C', 'Pandemic Flu - Chest pain >= 35 with flu symptoms Suffix C', 1366),
	('36B00', 'Pandemic Flu - Override B', 1367),
	('36B00A', 'Pandemic Flu - Override B Suffix A', 1368),
	('36B00B', 'Pandemic Flu - Override B Suffix B', 1369),
	('36B00C', 'Pandemic Flu - Override B Suffix C', 1370),
	('36B01', 'Pandemic Flu - DIFFICULTY SPEAKING BETWEEN BREATHS with flu symptoms', 1371),
	('36B01A', 'Pandemic Flu - DIFFICULTY SPEAKING BETWEEN BREATHS with flu symptoms Suffix A', 1372),
	('36B01B', 'Pandemic Flu - DIFFICULTY SPEAKING BETWEEN BREATHS with flu symptoms Suffix B', 1373),
	('36B01C', 'Pandemic Flu - DIFFICULTY SPEAKING BETWEEN BREATHS with flu symptoms Suffix C', 1374),
	('36B02', 'Pandemic Flu - CHANGING COLOR with flu symptoms', 1375),
	('36B02A', 'Pandemic Flu - CHANGING COLOR with flu symptoms Suffix A', 1376),
	('36B02B', 'Pandemic Flu - CHANGING COLOR with flu symptoms Suffix B', 1377),
	('36B02C', 'Pandemic Flu - CHANGING COLOR with flu symptoms Suffix C', 1378),
	('36D00', 'Pandemic Flu - Override D', 1379),
	('36D00A', 'Pandemic Flu - Override D Suffix A', 1380),
	('36D00B', 'Pandemic Flu - Override D Suffix B', 1381),
	('36D00C', 'Pandemic Flu - Override D Suffix C', 1382),
	('36D01', 'Pandemic Flu - INEFFECTIVE BREATHING with flu symptoms', 1383),
	('36D01A', 'Pandemic Flu - INEFFECTIVE BREATHING with flu symptoms Suffix A', 1384),
	('36D01B', 'Pandemic Flu - INEFFECTIVE BREATHING with flu symptoms Suffix B', 1385),
	('36D01C', 'Pandemic Flu - INEFFECTIVE BREATHING with flu symptoms Suffix C', 1386),
	('36O01', 'Pandemic Flu - Flu symptoms only (cough, fever, chills, sore throat, diarrhea, muscle aches, or headache)', 1387),
	('36O01A', 'Pandemic Flu - Flu symptoms only (cough, fever, chills, sore throat, diarrhea, muscle aches, or headache) Suffix A', 1388),
	('36O01B', 'Pandemic Flu - Flu symptoms only (cough, fever, chills, sore throat, diarrhea, muscle aches, or headache) Suffix B', 1389),
	('36O01C', 'Pandemic Flu - Flu symptoms only (cough, fever, chills, sore throat, diarrhea, muscle aches, or headache) Suffix C', 1390),
	('36O02', 'Pandemic Flu - Chest pain < 35 with flu symptoms', 1391),
	('36O02A', 'Pandemic Flu - Chest pain < 35 with flu symptoms Suffix A', 1392),
	('36O02B', 'Pandemic Flu - Chest pain < 35 with flu symptoms Suffix B', 1393),
	('36O02C', 'Pandemic Flu - Chest pain < 35 with flu symptoms Suffix C', 1394),
	('37A01', 'Interfacility Evaluation / Transfer - EVALUATION A', 1395),
	('37A01A', 'Interfacility Evaluation / Transfer - EVALUATION A Suffix A', 1396),
	('37A01B', 'Interfacility Evaluation / Transfer - EVALUATION A Suffix B', 1397),
	('37A01S', 'Interfacility Evaluation / Transfer - EVALUATION A Suffix S', 1398),
	('37A02', 'Interfacility Evaluation / Transfer - TRANSFER level I A', 1399),
	('37A02A', 'Interfacility Evaluation / Transfer - TRANSFER level I A Suffix A', 1400),
	('37A02B', 'Interfacility Evaluation / Transfer - TRANSFER level I A Suffix B', 1401),
	('37A02S', 'Interfacility Evaluation / Transfer - TRANSFER level I A Suffix S', 1402),
	('37A03', 'Interfacility Evaluation / Transfer - TRANSFER level II A', 1403),
	('37A03A', 'Interfacility Evaluation / Transfer - TRANSFER level II A Suffix A', 1404),
	('37A03B', 'Interfacility Evaluation / Transfer - TRANSFER level II A Suffix B', 1405),
	('37A03S', 'Interfacility Evaluation / Transfer - TRANSFER level II A Suffix S', 1406),
	('37A04', 'Interfacility Evaluation / Transfer - TRANSFER level III A', 1407),
	('37A04A', 'Interfacility Evaluation / Transfer - TRANSFER level III A Suffix A', 1408),
	('37A04B', 'Interfacility Evaluation / Transfer - TRANSFER level III A Suffix B', 1409),
	('37A04S', 'Interfacility Evaluation / Transfer - TRANSFER level III A Suffix S', 1410),
	('37B01', 'Interfacility Evaluation / Transfer - EVALUATION B', 1411),
	('37B01A', 'Interfacility Evaluation / Transfer - EVALUATION B Suffix A', 1412),
	('37B01B', 'Interfacility Evaluation / Transfer - EVALUATION B Suffix B', 1413),
	('37B01S', 'Interfacility Evaluation / Transfer - EVALUATION B Suffix S', 1414),
	('37B02', 'Interfacility Evaluation / Transfer - TRANSFER B', 1415),
	('37B02A', 'Interfacility Evaluation / Transfer - TRANSFER B Suffix A', 1416),
	('37B02B', 'Interfacility Evaluation / Transfer - TRANSFER B Suffix B', 1417),
	('37B02S', 'Interfacility Evaluation / Transfer - TRANSFER B Suffix S', 1418),
	('37C01', 'Interfacility Evaluation / Transfer - Acute onset of priority symptom(s)', 1419),
	('37C01A', 'Interfacility Evaluation / Transfer - Acute onset of priority symptom(s) Suffix A', 1420),
	('37C01B', 'Interfacility Evaluation / Transfer - Acute onset of priority symptom(s) Suffix B', 1421),
	('37C01S', 'Interfacility Evaluation / Transfer - Acute onset of priority symptom(s) Suffix S', 1422),
	('37C02', 'Interfacility Evaluation / Transfer - Suspected acute heart problems or MI (heart attack)', 1423),
	('37C02A', 'Interfacility Evaluation / Transfer - Suspected acute heart problems or MI (heart attack) Suffix A', 1424),
	('37C02B', 'Interfacility Evaluation / Transfer - Suspected acute heart problems or MI (heart attack) Suffix B', 1425),
	('37C02S', 'Interfacility Evaluation / Transfer - Suspected acute heart problems or MI (heart attack) Suffix S', 1426),
	('37C03', 'Interfacility Evaluation / Transfer - Suspected STROKE (i "X" hours)', 1427),
	('37C03A', 'Interfacility Evaluation / Transfer - Suspected STROKE (i "X" hours) Suffix A', 1428),
	('37C03B', 'Interfacility Evaluation / Transfer - Suspected STROKE (i "X" hours) Suffix B', 1429),
	('37C03S', 'Interfacility Evaluation / Transfer - Suspected STROKE (i "X" hours) Suffix S', 1430),
	('37C04', 'Interfacility Evaluation / Transfer - Medication management required', 1431),
	('37C04A', 'Interfacility Evaluation / Transfer - Medication management required Suffix A', 1432),
	('37C04B', 'Interfacility Evaluation / Transfer - Medication management required Suffix B', 1433),
	('37C04S', 'Interfacility Evaluation / Transfer - Medication management required Suffix S', 1434),
	('37C05', 'Interfacility Evaluation / Transfer - Emergency response requested', 1435),
	('37C05A', 'Interfacility Evaluation / Transfer - Emergency response requested Suffix A', 1436),
	('37C05B', 'Interfacility Evaluation / Transfer - Emergency response requested Suffix B', 1437),
	('37C05S', 'Interfacility Evaluation / Transfer - Emergency response requested Suffix S', 1438),
	('37C06', 'Interfacility Evaluation / Transfer - EVALUATION C', 1439),
	('37C06A', 'Interfacility Evaluation / Transfer - EVALUATION C Suffix A', 1440),
	('37C06B', 'Interfacility Evaluation / Transfer - EVALUATION C Suffix B', 1441),
	('37C06S', 'Interfacility Evaluation / Transfer - EVALUATION C Suffix S', 1442),
	('37C07', 'Interfacility Evaluation / Transfer - TRANSFER level I C', 1443),
	('37C07A', 'Interfacility Evaluation / Transfer - TRANSFER level I C Suffix A', 1444),
	('37C07B', 'Interfacility Evaluation / Transfer - TRANSFER level I C Suffix B', 1445),
	('37C07S', 'Interfacility Evaluation / Transfer - TRANSFER level I C Suffix S', 1446),
	('37C08', 'Interfacility Evaluation / Transfer - TRANSFER level II C', 1447),
	('37C08A', 'Interfacility Evaluation / Transfer - TRANSFER level II C Suffix A', 1448),
	('37C08B', 'Interfacility Evaluation / Transfer - TRANSFER level II C Suffix B', 1449),
	('37C08S', 'Interfacility Evaluation / Transfer - TRANSFER level II C Suffix S', 1450),
	('37C09', 'Interfacility Evaluation / Transfer - TRANSFER level III C', 1451),
	('37C09A', 'Interfacility Evaluation / Transfer - TRANSFER level III C Suffix A', 1452),
	('37C09B', 'Interfacility Evaluation / Transfer - TRANSFER level III C Suffix B', 1453),
	('37C09S', 'Interfacility Evaluation / Transfer - TRANSFER level III C Suffix S', 1454),
	('37D01', 'Interfacility Evaluation / Transfer - NOT BREATHING/INEFFECTIVE BREATHING', 1455),
	('37D01A', 'Interfacility Evaluation / Transfer - NOT BREATHING/INEFFECTIVE BREATHING Suffix A', 1456),
	('37D01B', 'Interfacility Evaluation / Transfer - NOT BREATHING/INEFFECTIVE BREATHING Suffix B', 1457),
	('37D01S', 'Interfacility Evaluation / Transfer - NOT BREATHING/INEFFECTIVE BREATHING Suffix S', 1458),
	('37D02', 'Interfacility Evaluation / Transfer - EVALUATION D', 1459),
	('37D02A', 'Interfacility Evaluation / Transfer - EVALUATION D Suffix A', 1460),
	('37D02B', 'Interfacility Evaluation / Transfer - EVALUATION D Suffix B', 1461),
	('37D02S', 'Interfacility Evaluation / Transfer - EVALUATION D Suffix S', 1462),
	('37D03', 'Interfacility Evaluation / Transfer - TRANSFER D', 1463),
	('37D03A', 'Interfacility Evaluation / Transfer - TRANSFER D Suffix A', 1464),
	('37D03B', 'Interfacility Evaluation / Transfer - TRANSFER D Suffix B', 1465),
	('37D03S', 'Interfacility Evaluation / Transfer - TRANSFER D Suffix S', 1466),
	('MRCMSH', 'KECEMASAN DI LAUT + HOSPITAL', 1467),
	('RCACCV', 'KEMALANGAN+MANGSA', 1468),
	('RCAMBL', 'AMBULAN', 1469),
	('UJI', 'UJIAN', 1470);
/*!40000 ALTER TABLE `eventcode` ENABLE KEYS */;

CREATE TABLE IF NOT EXISTS `eventtype` (
  `eventtype_code` varchar(50) NOT NULL,
  `eventtype_desc` varchar(50) NOT NULL,
  `eventtype_order` int(10) NOT NULL,
  PRIMARY KEY (`eventtype_code`)
) ENGINE=InnoDB DEFAULT CHARSET=utf8;

/*!40000 ALTER TABLE `eventtype` DISABLE KEYS */;
INSERT INTO `eventtype` (`eventtype_code`, `eventtype_desc`, `eventtype_order`) VALUES
	('priority1', 'Priority 1', 1),
	('priority2', 'Priority 2', 2),
	('priority3', 'Priority 3', 3),
	('priority4', 'Priority 4', 4);
/*!40000 ALTER TABLE `eventtype` ENABLE KEYS */;

CREATE TABLE IF NOT EXISTS `filingtype` (
  `filingtype_code` varchar(50) NOT NULL,
  `filingtype_desc` varchar(50) NOT NULL,
  `filingtype_order` int(10) NOT NULL,
  PRIMARY KEY (`filingtype_code`)
) ENGINE=InnoDB DEFAULT CHARSET=utf8 ROW_FORMAT=COMPACT;

/*!40000 ALTER TABLE `filingtype` DISABLE KEYS */;
INSERT INTO `filingtype` (`filingtype_code`, `filingtype_desc`, `filingtype_order`) VALUES
	('discharge', 'Treat and Discharge', 4),
	('emergency', 'Transported to Hospital (Emergency)', 1),
	('gmc_isn', 'Transported to GMC ISN', 3),
	('gmc_kkkl', 'Transported to GMC KKKL ', 2),
	('referral_emergency', 'Treat With Referral (Emergency)', 5),
	('referral_non', 'Treat With Referral (Non-emergency)', 6);
/*!40000 ALTER TABLE `filingtype` ENABLE KEYS */;

CREATE TABLE IF NOT EXISTS `locationtype` (
  `locationtype_code` varchar(50) NOT NULL,
  `locationtype_desc` varchar(50) NOT NULL,
  `locationtype_order` int(10) NOT NULL,
  PRIMARY KEY (`locationtype_code`)
) ENGINE=InnoDB DEFAULT CHARSET=utf8 ROW_FORMAT=COMPACT;

/*!40000 ALTER TABLE `locationtype` DISABLE KEYS */;
INSERT INTO `locationtype` (`locationtype_code`, `locationtype_desc`, `locationtype_order`) VALUES
	('Hotel', 'Hotel', 2),
	('Venue', 'Venue', 1);
/*!40000 ALTER TABLE `locationtype` ENABLE KEYS */;

CREATE TABLE IF NOT EXISTS `mobile` (
  `mobile_resource_nric_or_reg` varchar(50) NOT NULL DEFAULT 'xxx',
  `mobile_phone` varchar(50) DEFAULT NULL,
  `mobile_token` varchar(250) DEFAULT NULL,
  PRIMARY KEY (`mobile_resource_nric_or_reg`)
) ENGINE=InnoDB DEFAULT CHARSET=utf8;

/*!40000 ALTER TABLE `mobile` DISABLE KEYS */;
INSERT INTO `mobile` (`mobile_resource_nric_or_reg`, `mobile_phone`, `mobile_token`) VALUES
	('700319055386', '012 2005289', 'e01iaHXEzJc:APA91bFSpxVhiIo2MgKbASp_dGt8ueGJmn70Sp0imPTXXxt52cZIvhXPfaELoccg8R70C6ONctsXbnmaKlgx1_eXuJ-4nuy-Al6Qwjun6kN0vKSNBQiYfzvnWbChLp_dKpRAVdUBSGuc'),
	('760406015555', '013 3311074', 'eMvbRxWvyoA:APA91bEkXOhJLDy5S7g-fsN8mQ5UXbnhKNyyqTjvNLwaL3i4Kox7dTQhZ9gC9C-xKtdJDFdezPNbxk1XfGD-y64vEl42dBcCDangTyxONqiD40lzbDpvoLsuRWofGWeaY-CMGlsQMqgZ'),
	('800416085593', '019 6098175', 'cP8xy-22l74:APA91bESBohX3jFO82YCE9xbooKG5rIUjakNk-a287AmcjCAmitzRhmS7WmFN372XhazgjUyYoGptRlV_8g2IDT9m4QM9uVDCNaNJwqVLJRCpNqmiVkkSawbPxEtlav2VQRPViFkwJti'),
	('811227115099', '017 4096240', 'c1am-oimJKM:APA91bGfI4MgAGSbJzX_WEHRv_5UrH9AZUV1EYhnPnfIPBDd1S0Lnb06bzho02FV-mbARnR1AJUxjkUsXslD36VEwb9nJB3zotZT1lANYMdB4rXZBJ7m8hwOApnSeSBs9WIGTHTWi0MD'),
	('840409065459', '019 9895459', 'dc13KNAMXsg:APA91bFl8c2S_WsmVYvw9wu13XephS-Om5z03A59U0y47H7Aq-F3EZqSW7GfoQoO4vI4WG2StBz4jdT8tm3ujcA631_-81apNuuPJxfxCDojiZ5lkvGdbss96otEWNxjFA9z2ss6LPmK'),
	('840509065459', '019 9895459', 'fMO2vTFMIyU:APA91bG_c5HkP4rHpidAzMX6T00Q4j_nu5l--5iRBxv9fKHcgJdPdvKsHU5cZ1peB-yPxxL0cnn-pUsPNiyD5QwYaaasiDMjFV7m8N3ct7rG1qvWy3t2OVlVpoCfeJMHOpZg7WmXTWbA'),
	('840624025401', '019 4033563', 'ekZt6wdZvQQ:APA91bG91KZ6Ac2ZWLdTq1ya3dq-e2De61deD_9fpPBn-vyMuYqwhXmPLe9pe2XjFbt6JOwMxqVADRf-PlQ79b_M2pWy5Zcrn9nMqTVXmuHsqsG3_puMAH10BE7onoUsadRdzVX2oQPD'),
	('850420035906', '', 'ePNPHfpXv4A:APA91bELyq2QobueYcB-wRwD4qntxzGbq5QNFuUhzz0CCDuetRnNzB3IznYDTSTU-QitOiGBsXZyx48ZPX9hpsxaxXuZGBpvDpY1XJpKBuab7kPZ5_lj5JjBt6rhzk1kRNVaXUNbjVrc'),
	('850520085244', '019 2159564', 'dHza7nZ_zfw:APA91bFoeQZoNzI76oZ6K13FZ05LJUf48K0hB4JX1MqKFXTKUdAIQ1745EYJCuF6tWNw8mvmdWhiLTbsPeinZmWExBtJNDsn5Z1fcInP_35zt5MHiHmEZiTmx-85V6BhyLAFYuTHCL4W'),
	('871205145347', '011 26211808', 'cjRqkPmVvV4:APA91bHRfXxGtNS2G-b_6hgGciqJLuIDF7Z4WqwTIhX5_hVWf8RWBQ6tRJMgIgz8EZK5P7ARXGeCYPRwjWACFvVZ220sZFVui1u9decavmUJ-DO_1Sn7-TsD5Bp9AhESUNlJzkVkAjgy'),
	('880426025263', '019 6643024', 'e3GSqtlOpSM:APA91bFeeuq_Giwz8OTnzIeJ8DjemxeY6j2Kvq-i3Wxd30z2SEJ2KkTpaSqO8jRDASBSMLzbmP2Aj-IIHPJlb6WIByO7rmk5lEAHd9MPzcjZJXB_c4aEfAzijQus2JLIevhSFvmotSoh'),
	('880812035283', '013 9917448', 'fZbKis_fUtQ:APA91bEDw6JTelCDa3Ul_Mg29pQXoxbz1X7KFKaQrRnyKbFKdbRaulz3Q69RYQIjw-jtaHZOlYvqbZAlyc5HOANon0bJyKtbM5373BX9kmE1_oF7eEHUjsxB_5hPVICnMmrO9mnTY-LD'),
	('901107025231', '013 3156420', 'd9MnDbuENy8:APA91bFsD6JTHACepoAxb94MczLF92XZhPMEfdZwIPSRSBzU85HWSVXkcUMxVjyDjI4bcL5TIH8P-pgUX6XTaoK6n40X1_YWJre0ikx3vV92e9UFWYDybmluPLelHIyyfLjWfhSZJpjv'),
	('910618026150', '012 5040477', 'fsMyaRS4ibE:APA91bE4B39-OzUE3scJtwj-FjHMVr26wbFsBztRcNsIIzhUoH659kDn5QQMwhdYWyUGXs0Lg2KN11c5yhjeU5jHS61QSWr6zdSeKKTmATkTbDCs1kNW1OolL8_GF5B82fEQBOV1GjqE'),
	('910710115455', '011 16456754', 'cyCPlz_cb_Q:APA91bEqhVeMz6dcnWyF70IDThY3WmD80phNjuaONHLtvvYkRR5gUX0-gqLBfdQZYBJP5LYgMggXn-riUlyngan5hCUwKLOqzWz8kw0r8lt0JthpHGtU1M5Q1wAuMqH74tMB9SXcClW8'),
	('920705026190', '013 7151420', 'fxupuC-E454:APA91bEnWHU4iPJJtc48inmCCZ-ZU-dDctiTxVkJwLnJO3kHEOHj4uDHtueatpT9Fzz4A4FfTlaTFgrdnjitN9OkK9mgWvi3uWYLT6Lv0nne8Ga_j2PeNO6QAVEDdC-nsqubY3JtQaJh'),
	('920724035789', '014 5078625', 'eyABPWa1NDw:APA91bH_HYHEb_heBGsfx1nm2Mf4DHKmYuNAZMy18sxWhJb70mRRbjytQYTfFzUQfQwgqfbIshBaWt8drgLO9FXf0NB4pLlP2olT5dDNEauKw4y_89egGbY7EEEaNd0zBozFuOppmoSX'),
	('930106075352', '017 6605710', 'f9eKBPaJ1Po:APA91bEPUjr_CwO-cHlABIJDaKoMNzD8JRAu9Xo6JknkqeshXlChNADeZLVMGvsQWOypOb39wLy0E6yqalFBSJFLGCKnmNhvd1KIlqM1hY_JOzgzoLTMaQwOk8CHpMD4y1o9c-BftwE6'),
	('941110035963', '014 5354577', 'fa2H4uTn40Q:APA91bEbDQr7vHoADZLWE8VEB-b-N5Iad_9qBv6NUQVmNHnEyCR6OeLque91IrZODVFiSODQDGbKv76Z0PtK2p6mhPiiv0Nmb9XvoKdO8fWdf6mmqDu5qaYYf1E17uSc7djHTyZ1Dm5u'),
	('Bls2', '017 718584', 'dYxzXR9wzms:APA91bFr0uTQIs2aOTolXr3oF0CZRl4uJ25ELAqyFEhWDsa1GRQCfoeMMaDEoxFzL9Shb5XR6eIUz5DBuun5U1A79LuXW2Mp3XY51fc86O20jnnsREgfxcyLUK0AlKrjsfqfVhoFGSVx'),
	('BLS3', '08 865544', 'dLQf_WP3AZo:APA91bG2H9L13mhc5cmGW2VhpPbsGderX86orhQV96guoACdwJRvtVr3hLr5fRINhY1gN38fbyIds-76zhhQ69MGXSyRjYsvGBLOmv2j06p0L3aWrUkkbgirXk3UKkzvnS0DyjAUqUvS');
/*!40000 ALTER TABLE `mobile` ENABLE KEYS */;

CREATE TABLE IF NOT EXISTS `patienttype` (
  `patienttype_code` varchar(50) NOT NULL,
  `patienttype_desc` varchar(50) DEFAULT NULL,
  `patienttype_order` int(10) DEFAULT NULL,
  PRIMARY KEY (`patienttype_code`)
) ENGINE=InnoDB DEFAULT CHARSET=utf8;

/*!40000 ALTER TABLE `patienttype` DISABLE KEYS */;
INSERT INTO `patienttype` (`patienttype_code`, `patienttype_desc`, `patienttype_order`) VALUES
	('athletes', 'Athletes', 2),
	('spectators', 'Spectators', 1),
	('staff', 'Technical Staff', 3);
/*!40000 ALTER TABLE `patienttype` ENABLE KEYS */;

CREATE TABLE IF NOT EXISTS `photo` (
  `photo_id` int(10) NOT NULL AUTO_INCREMENT,
  `photo_responder_id` int(4) unsigned NOT NULL,
  `photo_url` varchar(200) NOT NULL,
  PRIMARY KEY (`photo_id`)
) ENGINE=InnoDB AUTO_INCREMENT=112 DEFAULT CHARSET=utf8;

/*!40000 ALTER TABLE `photo` DISABLE KEYS */;
INSERT INTO `photo` (`photo_id`, `photo_responder_id`, `photo_url`) VALUES
	(56, 64, 'api/photo/64_1500350904431.jpg'),
	(57, 66, 'api/photo/66_1500351893353.jpg'),
	(58, 65, 'api/photo/65_1500351930202.jpg'),
	(59, 71, 'api/photo/71_1500352853629.jpg'),
	(60, 69, 'api/photo/69_1500352953072.jpg'),
	(61, 65, 'api/photo/65_1500353826144.jpg'),
	(62, 84, 'api/photo/84_1500356131455.jpg'),
	(63, 115, 'api/photo/115_1500369288289.jpg'),
	(64, 115, 'api/photo/115_1500369298538.jpg'),
	(65, 115, 'api/photo/115_1500369310136.jpg'),
	(66, 114, 'api/photo/114_1500369316755.jpg'),
	(67, 115, 'api/photo/115_1500369378671.jpg'),
	(68, 114, 'api/photo/114_1500369359032.jpg'),
	(69, 114, 'api/photo/114_1500369351763.jpg'),
	(70, 118, 'api/photo/118_1500370206601.jpg'),
	(71, 118, 'api/photo/118_1500370215558.jpg'),
	(72, 121, 'api/photo/121_1500370250853.jpg'),
	(73, 121, 'api/photo/121_1500370264302.jpg'),
	(74, 118, 'api/photo/118_1500370269168.jpg'),
	(75, 121, 'api/photo/121_1500370256896.jpg'),
	(76, 118, 'api/photo/118_1500370281470.jpg'),
	(77, 122, 'api/photo/122_1500370373259.jpg'),
	(78, 122, 'api/photo/122_1500370384399.jpg'),
	(79, 122, 'api/photo/122_1500370393631.jpg'),
	(80, 118, 'api/photo/118_1500370455819.jpg'),
	(81, 123, 'api/photo/123_1500430532498.jpg'),
	(82, 123, 'api/photo/123_1500430542966.jpg'),
	(83, 123, 'api/photo/123_1500430567401.jpg'),
	(84, 128, 'api/photo/128_1500514310164.jpg'),
	(85, 133, 'api/photo/133_1500518710270.jpg'),
	(86, 133, 'api/photo/133_1500518740641.jpg'),
	(87, 155, 'api/photo/155_1501055122622.jpg'),
	(88, 155, 'api/photo/155_1501055145245.jpg'),
	(89, 174, 'api/photo/174_1501123058593.jpg'),
	(90, 174, 'api/photo/174_1501123179541.jpg'),
	(91, 174, 'api/photo/174_1501123196227.jpg'),
	(92, 170, 'api/photo/170_1501123809010.jpg'),
	(93, 185, 'api/photo/185_1501124392729.jpg'),
	(94, 191, 'api/photo/191_1501125762505.jpg'),
	(95, 190, 'api/photo/190_1501125953138.jpg'),
	(96, 191, 'api/photo/191_1501126023649.jpg'),
	(97, 195, 'api/photo/195_1501126123719.jpg'),
	(98, 197, 'api/photo/197_1501126140380.jpg'),
	(99, 219, 'api/photo/219_1501127106133.jpg'),
	(100, 226, 'api/photo/226_1501127134674.jpg'),
	(101, 227, 'api/photo/227_1501127139146.jpg'),
	(102, 225, 'api/photo/225_1501127255539.jpg'),
	(103, 243, 'api/photo/243_1501128145902.jpg'),
	(104, 264, 'api/photo/264_1501139806638.jpg'),
	(105, 264, 'api/photo/264_1501139838503.jpg'),
	(106, 259, 'api/photo/259_1501139983135.jpg'),
	(107, 259, 'api/photo/259_1501140426381.jpg'),
	(108, 267, 'api/photo/267_1501569386599.jpg'),
	(109, 267, 'api/photo/267_1501569507651.jpg'),
	(110, 268, 'api/photo/268_1501642496250.jpg'),
	(111, 268, 'api/photo/268_1501642828901.jpg');
/*!40000 ALTER TABLE `photo` ENABLE KEYS */;

CREATE TABLE IF NOT EXISTS `resource` (
  `resource_id` int(11) NOT NULL AUTO_INCREMENT,
  `resource_nric_or_reg` varchar(50) NOT NULL,
  `resource_resourcetype_code` varchar(10) DEFAULT NULL,
  `resource_name` varchar(50) DEFAULT NULL,
  `resource_phone` varchar(50) DEFAULT NULL,
  `resource_standby_location` varchar(50) DEFAULT NULL,
  `resource_venue_id` int(10) DEFAULT NULL,
  `resource_availability_from` datetime DEFAULT NULL,
  `resource_availability_to` datetime DEFAULT NULL,
  PRIMARY KEY (`resource_id`),
  UNIQUE KEY `UNIQUE` (`resource_nric_or_reg`,`resource_availability_from`,`resource_availability_to`)
) ENGINE=InnoDB AUTO_INCREMENT=1128 DEFAULT CHARSET=utf8;

/*!40000 ALTER TABLE `resource` DISABLE KEYS */;
INSERT INTO `resource` (`resource_id`, `resource_nric_or_reg`, `resource_resourcetype_code`, `resource_name`, `resource_phone`, `resource_standby_location`, `resource_venue_id`, `resource_availability_from`, `resource_availability_to`) VALUES
	(909, '790208065313', 'AMS', 'AIZAL BIN ABDUL MANAN', '019 2105856', '', 26, '2017-05-01 08:00:00', '2017-12-01 12:00:00'),
	(910, '874554023665', 'AMS', 'AIZAL BT WAKLAN', '012 9855663', '', 12, '2017-05-01 08:00:00', '2017-12-01 12:00:00'),
	(918, '805669152447', 'BLS', 'AIZAL BIN HASSAN', ' ', '', 1, '2017-05-01 08:00:00', '2017-12-01 12:00:00'),
	(919, '890205135774', 'AMS', 'AIZAL BIN AHLAN', ' ', '', 12, '2017-05-01 08:00:00', '2017-12-01 12:00:00'),
	(920, '780506531498', 'AMS', 'AIZAL BIN KASIM', ' ', '', 12, '2017-05-01 08:00:00', '2017-12-01 12:00:00'),
	(921, '780202015412', 'AMS', 'AIZAL BIN SAMAD', ' ', '', 2, '2017-05-01 08:00:00', '2017-12-01 12:00:00'),
	(922, '6405032365', 'AMS', 'AIZAL BIN HUSEIN', ' ', '', 2, '2017-05-01 08:00:00', '2017-06-01 12:00:00'),
	(923, '6405032365', 'AMS', 'AIZAL BIN HUSEIN', ' ', '', 2, '2017-07-01 08:00:00', '2017-12-01 12:00:00'),
	(924, 'BNN6796', 'AMB', 'BNN6796', ' ', '', 15, '2017-05-01 08:00:00', '2017-12-01 12:00:00'),
	(925, 'W762H', 'AMB', 'W762H', ' ', '', 25, '2017-05-01 08:00:00', '2017-12-01 12:00:00'),
	(926, 'BLQ2098', 'AMB', 'BLQ2098', ' ', '', 2, '2017-05-01 08:00:00', '2017-12-01 12:00:00'),
	(927, 'BMH2991', 'AMB', 'BMH2991', ' ', '', 2, '2017-05-01 08:00:00', '2017-12-01 12:00:00'),
	(928, 'BNL7061', 'AMB', 'BNL7061', ' ', '', 12, '2017-05-01 08:00:00', '2017-12-01 12:00:00'),
	(929, 'BNM3746', 'AMB', 'BNM3746', ' ', '', 12, '2017-05-01 08:00:00', '2017-12-01 12:00:00'),
	(933, '760404012222', 'ALS', 'JENNA', '011 10001074', '', 1, '2017-07-16 05:00:00', '2017-09-30 05:00:00'),
	(934, '760406015555', 'ALS', 'JEDI', '013 3311074', '', 2, '2017-07-16 05:00:00', '2017-09-30 05:00:00'),
	(935, '718666', 'ALS', 'HAFIZ', '011 10000131', '', 25, '2017-07-17 06:00:00', '2017-07-31 06:00:00'),
	(938, '850420035906', 'AMS', 'WANI', '019 2926610', '', 25, '2017-07-18 11:00:00', '2017-07-31 11:00:00'),
	(940, '830920025968', 'AMS', 'MIZA', '019 3835251', '', 2, '2017-07-18 12:00:00', '2017-07-31 12:00:00'),
	(941, '890101105352', 'AMS', 'ALI', '012 3456789', '', 25, '2017-07-17 00:00:00', '2017-07-21 00:00:00'),
	(942, '890102105352', 'AMS', 'ASIAH', '012 3456789', '', 25, '2017-07-17 00:00:00', '2017-07-21 00:00:00'),
	(943, '890105105352', 'AMS', 'AMIRAH', '012 3456789', '', 25, '2017-07-17 00:00:00', '2017-07-21 00:00:00'),
	(944, '930106075352', 'AMS', 'ZALILA', '017 6605710', '', 25, '2017-07-17 00:00:00', '2017-07-21 00:00:00'),
	(945, '840509065459', 'AMS', 'FAIS', '019 9895459', '', 15, '2017-07-19 22:00:00', '2017-09-21 22:00:00'),
	(946, 's54442', 'ALS', 'HAFIZULLAH', '013 29999406', '', 25, '2017-07-20 11:00:00', '2017-07-31 11:00:00'),
	(948, '930106075352', 'ALS', 'ZALILA', '017 6605710', '', 12, '2017-07-26 00:00:00', '2017-07-31 23:55:00'),
	(949, '920216035897', 'AMS', 'SYAKIR', '017 9090017', '', 8, '2017-07-26 00:00:00', '2017-07-31 00:00:00'),
	(950, '921109075003', 'AMS', 'SHARIDHWAN', '019 5198392', '', 8, '2017-07-26 00:00:00', '2017-07-31 00:00:00'),
	(951, '920620035143', 'AMS', 'NIZAR', '016 4223772', '', 8, '2017-07-26 00:00:00', '2017-07-31 00:00:00'),
	(954, '920724035789', 'BLS', 'AKRAM', '014 5078625', '', 2, '2017-07-26 00:00:00', '2017-07-31 00:00:00'),
	(955, '901107025231', 'BLS', 'ALIF', '013 3156420', '', 2, '2017-07-26 00:00:00', '2017-07-31 00:00:00'),
	(956, '911010115643', 'ALS', 'MUHAMMAD HASBULLAH', '014 5123822', '', 9, '2017-07-26 00:00:00', '2017-07-31 00:00:00'),
	(957, '740803115391', 'ALS', 'MOHAMAD AZMADI', '017 6607137', '', 9, '2017-07-26 00:00:00', '2017-07-31 00:00:00'),
	(958, '811227115099', 'ALS', 'YUSRI BIN IBRAHIM', '017 4096240', '', 6, '2017-07-26 00:00:00', '2017-07-31 00:00:00'),
	(959, '800416085593', 'AMS', 'SHAHROM', '019 6098175', '', 11, '2017-07-26 00:00:00', '2017-07-31 00:00:00'),
	(961, '920716035068', 'AMS', 'NORASHIKIN', '013 9114183', '', 22, '2017-07-01 10:00:00', '2017-09-30 10:00:00'),
	(962, '921130035401', 'BLS', 'MOHAMMAD FARIZ FAIZZUDIN', '014 5410663', '', 2, '2017-07-19 22:00:00', '2017-07-31 10:00:00'),
	(963, '910509025415', 'BLS', 'MOHAMAD AMIR HAZNI', '013 5960401', '', 2, '2017-07-19 22:00:00', '2017-07-31 10:00:00'),
	(964, '941110035963', 'BLS', 'MOHD ALIF IBRAHIM', '014 5354577', '', 17, '2017-07-19 22:00:00', '2017-07-31 10:00:00'),
	(965, '900306035761', 'BLS', 'ZULFIRDAUS', '011 13007133', '', 2, '2017-07-19 22:00:00', '2017-07-31 10:00:00'),
	(966, '800503035295', 'BLS', 'MUHAMMAD RIDHWAN', '012 9229875', '', 2, '2017-07-19 22:00:00', '2017-07-31 10:00:00'),
	(967, '930907115449', 'AMS', 'LUTFI', '012 9683494', '', 3, '2017-07-01 10:00:00', '2017-09-30 10:00:00'),
	(968, '921108115667', 'AMS', 'LUQMAN NURHAKIM', '014 5036994', '', 24, '2017-07-19 22:00:00', '2017-07-31 10:00:00'),
	(969, '880317145864', 'AMS', 'NUR ASLINA', '017 6755408', '', 3, '2017-07-01 10:00:00', '2017-09-30 10:00:00'),
	(970, '920527036221', 'AMS', 'NIK MUHAMMAD FAQIH', '013 9020068', '', 26, '2017-07-19 22:00:00', '2017-07-31 10:00:00'),
	(971, '921226035537', 'BLS', 'WAN  MUHAMAD FIRDAUS', '013 9880421', '', 2, '2017-07-19 22:00:00', '2017-07-31 10:00:00'),
	(972, '921023036089', 'BLS', 'NAZRUL', '013 3056506q', '', 2, '2017-07-19 22:00:00', '2017-07-31 10:00:00'),
	(973, '900808036115', 'BLS', 'ZAMRI JUSOH', '013 6378207', '', 13, '2017-07-19 22:00:00', '2017-07-31 10:00:00'),
	(974, '940225025795', 'ALS', 'MUHAMMAD AMIR YUSOF', '018 4734229', '', 2, '2017-07-19 22:00:00', '2017-07-31 10:00:00'),
	(975, '910710115455', 'ALS', 'MUHAMMAD HILMI', '011 16456754', '', 2, '2017-07-19 22:00:00', '2017-07-31 10:00:00'),
	(977, '940607115067', 'BLS', 'MUHAMMAD HASIF', '013 5805213', '', 20, '2017-07-19 22:00:00', '2017-07-31 10:00:00'),
	(978, '9302015065029', 'BLS', 'MUHAMMAD MIQDAD', '016 9414011', '', 20, '2017-07-19 22:00:00', '2017-07-31 10:00:00'),
	(979, '920705020190', 'BLS', 'FITROH', '013 7151420', '', 2, '2017-07-26 11:00:00', '2017-07-31 11:00:00'),
	(980, '871122065501', 'AMS', 'MOHD IDULLILMY ZULKIFLY', '012 5312425', '', 22, '2017-07-01 10:00:00', '2017-09-30 10:00:00'),
	(981, '920516115610', 'ALS', 'NOR AZMIRA', '013 2043061', '', 2, '2017-07-26 11:00:00', '2017-07-31 11:00:00'),
	(982, '910618026150', 'ALS', 'MASHANUM', '012 5040477', '', 1, '2017-07-26 11:00:00', '2017-07-31 11:00:00'),
	(983, '930124145692', 'ALS', 'NUR SHAKIRAH', '012 4617654', '', 10, '2017-07-26 11:00:00', '2017-07-31 11:00:00'),
	(984, '920716035068', 'ALS', 'NORASHIKIN', '013 9114184', '', 10, '2017-07-26 11:00:00', '2017-07-31 11:00:00'),
	(985, '920216035887', 'BLS', 'MOHAMMAD SYAKIR', '017 9090017', '', 7, '2017-07-26 11:00:00', '2017-07-31 11:00:00'),
	(986, '921109075003', 'BLS', 'MOHAMAD SHARIDHWAN', '019 5198392', '', 7, '2017-07-26 11:00:00', '2017-07-31 11:00:00'),
	(987, '920620035143', 'AMS', 'MAHMUD NIZAR', '016 4223772', '', 2, '2017-07-26 11:00:00', '2017-07-31 11:00:00'),
	(988, '910424025547', 'AMS', 'MOHD FADZIL', '013 4251225', '', 23, '2017-07-26 11:00:00', '2017-07-31 11:00:00'),
	(989, '920724035789', 'BLS', 'MUHAMMAD AKRAM', '014 5078625', '', 19, '2017-07-26 11:00:00', '2017-07-31 11:00:00'),
	(990, '901107025231', 'BLS', 'MUHAMMAD ALIF', '013 3156420', '', 19, '2017-07-26 11:00:00', '2017-07-31 11:00:00'),
	(991, '870308035429', 'BLS', 'NIK AFIQ', '019 2698587', '', 25, '2017-07-26 11:00:00', '2017-07-31 11:00:00'),
	(992, '871122065501', 'AMS', 'IDUII ILMY', '012 5312425', '', 12, '2017-07-26 11:00:00', '2017-07-31 11:00:00'),
	(993, '880426025263', 'AMS', 'MUHAMMAD AFIF', '019 6643024', '', 20, '2017-08-01 11:00:00', '2017-08-31 11:00:00'),
	(994, '700319055386', 'ALS', 'ROZITA', '012 2005289', '', 21, '2017-07-01 10:00:00', '2017-09-30 10:00:00'),
	(995, 'WWX 234', 'AMS', 'AMS TEST XXXX', '012 3456789', '', 20, '2017-07-26 14:00:00', '2017-07-31 14:00:00'),
	(997, '880812035283', 'BLS', 'HAFIZ AZMAN', '013 9917448', '', 7, '2017-07-26 14:00:00', '2017-08-03 14:00:00'),
	(1000, 'AMS1', 'AMS', 'AMS 1', '019 2105857', '', 20, '2017-05-01 08:00:01', '2017-12-01 12:00:01'),
	(1001, 'AMS2', 'AMS', 'AMS 2', '019 2105858', '', 20, '2017-05-01 08:00:02', '2017-12-01 12:00:02'),
	(1002, 'AMS3', 'AMS', 'AMS 3', '019 2105859', '', 20, '2017-05-01 08:00:03', '2017-12-01 12:00:03'),
	(1003, 'AMS4', 'AMS', 'AMS 4', '019 2105860', '', 20, '2017-05-01 08:00:04', '2017-12-01 12:00:04'),
	(1004, 'AMS5', 'AMS', 'AMS 5', '019 2105861', '', 5, '2017-05-01 08:00:05', '2017-12-01 12:00:05'),
	(1005, 'AMS6', 'AMS', 'AMS 6', '019 2105862', '', 5, '2017-05-01 08:00:06', '2017-12-01 12:00:06'),
	(1006, 'AMS7', 'AMS', 'AMS 7', '019 2105863', '', 5, '2017-05-01 08:00:07', '2017-12-01 12:00:07'),
	(1007, 'AMS8', 'AMS', 'AMS 8', '019 2105864', '', 5, '2017-05-01 08:00:08', '2017-12-01 12:00:08'),
	(1008, 'AMS9', 'AMS', 'AMS 9', '019 2105865', '', 5, '2017-05-01 08:00:09', '2017-12-01 12:00:09'),
	(1009, 'AMS10', 'AMS', 'AMS 10', '019 2105866', '', 20, '2017-05-01 08:00:10', '2017-12-01 12:00:10'),
	(1020, 'BLS1', 'BLS', 'BLS 1', '019 2105877', '', 20, '2017-05-01 08:00:21', '2017-12-01 12:00:21'),
	(1021, 'BLS2', 'BLS', 'BLS 2', '017 718584', '', 20, '2017-05-01 08:00:22', '2017-12-01 12:00:22'),
	(1022, 'BLS3', 'BLS', 'BLS 3', '08 865544', '', 20, '2017-05-01 08:00:23', '2017-12-01 12:00:23'),
	(1023, 'BLS4', 'BLS', 'BLS 4', '019 2105880', '', 20, '2017-05-01 08:00:24', '2017-12-01 12:00:24'),
	(1024, 'BLS5', 'BLS', 'BLS 5', '019 2105881', '', 5, '2017-05-01 08:00:25', '2017-12-01 12:00:25'),
	(1025, 'BLS6', 'BLS', 'BLS 6', '019 2105882', '', 5, '2017-05-01 08:00:26', '2017-12-01 12:00:26'),
	(1026, 'BLS7', 'BLS', 'BLS 7', '019 2105883', '', 5, '2017-05-01 08:00:27', '2017-12-01 12:00:27'),
	(1027, 'BLS8', 'BLS', 'BLS 8', '019 2105884', '', 5, '2017-05-01 08:00:28', '2017-12-01 12:00:28'),
	(1028, 'BLS9', 'BLS', 'BLS 9', '019 2105885', '', 5, '2017-05-01 08:00:29', '2017-12-01 12:00:29'),
	(1029, 'BLS10', 'BLS', 'BLS 10', '019 2105886', '', 20, '2017-05-01 08:00:30', '2017-12-01 12:00:30'),
	(1103, 'ALS1', 'ALS', 'ALS 1', '019 2105867', '', 20, '2017-05-01 08:00:11', '2017-12-01 12:00:11'),
	(1104, 'ALS2', 'ALS', 'ALS 2', '019 2105868', '', 20, '2017-05-01 08:00:12', '2017-12-01 12:00:12'),
	(1105, 'ALS3', 'ALS', 'ALS 3', '019 2105869', '', 20, '2017-05-01 08:00:13', '2017-12-01 12:00:13'),
	(1106, 'ALS4', 'ALS', 'ALS 4', '019 2105870', '', 20, '2017-05-01 08:00:14', '2017-12-01 12:00:14'),
	(1107, 'ALS5', 'ALS', 'ALS 5', '019 2105871', '', 20, '2017-05-01 08:00:15', '2017-12-01 12:00:15'),
	(1108, 'ALS6', 'ALS', 'ALS 6', '019 2105872', '', 1, '2017-05-01 08:00:16', '2017-12-01 12:00:16'),
	(1109, 'ALS7', 'ALS', 'ALS 7', '019 2105873', '', 1, '2017-05-01 08:00:17', '2017-12-01 12:00:17'),
	(1110, 'ALS8', 'ALS', 'ALS 8', '019 2105874', '', 1, '2017-05-01 08:00:18', '2017-12-01 12:00:18'),
	(1111, 'ALS9', 'ALS', 'ALS 9', '019 2105875', '', 1, '2017-05-01 08:00:19', '2017-12-01 12:00:19'),
	(1112, 'ALS10', 'ALS', 'ALS 10', '019 2105876', '', 1, '2017-05-01 08:00:20', '2017-12-01 12:00:20'),
	(1124, '860711085195', 'AMS', 'PON PON', '019 2333977', '', 26, '2017-08-01 09:00:00', '2017-09-30 09:00:00'),
	(1125, '840624025401', 'ALS', 'SUHRAWADI', '019 4033563', '', 1, '2017-08-01 09:00:00', '2017-09-30 09:00:00'),
	(1126, '860816385987', 'BLS', 'AHMAD SHARIKIN', '019 3671173', '', 21, '2017-08-01 09:00:00', '2017-09-30 09:00:00');
/*!40000 ALTER TABLE `resource` ENABLE KEYS */;

CREATE TABLE IF NOT EXISTS `resourcetype` (
  `resourcetype_code` varchar(10) NOT NULL,
  `resourcetype_desc` varchar(50) NOT NULL,
  `resourcetype_order` int(10) NOT NULL,
  PRIMARY KEY (`resourcetype_code`)
) ENGINE=InnoDB DEFAULT CHARSET=utf8;

/*!40000 ALTER TABLE `resourcetype` DISABLE KEYS */;
INSERT INTO `resourcetype` (`resourcetype_code`, `resourcetype_desc`, `resourcetype_order`) VALUES
	('ALS', 'Advance Life Support', 4),
	('AMB', 'Ambulance', 2),
	('AMS', 'Athlete Medical Support', 1),
	('BLS', 'Basic Life Support', 3);
/*!40000 ALTER TABLE `resourcetype` ENABLE KEYS */;

CREATE TABLE IF NOT EXISTS `responder` (
  `responder_id` int(10) NOT NULL AUTO_INCREMENT,
  `responder_callcard_id` int(4) unsigned zerofill DEFAULT NULL,
  `responder_resource_nric_or_reg` varchar(50) DEFAULT NULL,
  `responder_statustype_code` varchar(50) DEFAULT NULL,
  PRIMARY KEY (`responder_id`),
  KEY `FK1_responder_callcard_id` (`responder_callcard_id`),
  KEY `FK2_responder_resource_nric_or_reg` (`responder_resource_nric_or_reg`),
  KEY `FK3_responder_statustype_code` (`responder_statustype_code`),
  CONSTRAINT `FK1_responder_callcard_id` FOREIGN KEY (`responder_callcard_id`) REFERENCES `callcard` (`callcard_id`) ON DELETE CASCADE,
  CONSTRAINT `FK2_responder_resource_nric_or_reg` FOREIGN KEY (`responder_resource_nric_or_reg`) REFERENCES `resource` (`resource_nric_or_reg`) ON DELETE CASCADE,
  CONSTRAINT `FK3_responder_statustype_code` FOREIGN KEY (`responder_statustype_code`) REFERENCES `statustype` (`statustype_code`) ON DELETE CASCADE
) ENGINE=InnoDB AUTO_INCREMENT=269 DEFAULT CHARSET=utf8;

/*!40000 ALTER TABLE `responder` DISABLE KEYS */;
INSERT INTO `responder` (`responder_id`, `responder_callcard_id`, `responder_resource_nric_or_reg`, `responder_statustype_code`) VALUES
	(185, 0228, '800416085593', 'completed'),
	(188, 0230, '921108115667', 'completed'),
	(190, 0229, '901107025231', 'completed'),
	(191, 0231, '811227115099', 'completed'),
	(192, 0234, '930907115449', 'completed'),
	(193, 0235, '800503035295', 'completed'),
	(194, 0234, '880317145864', 'dispatched'),
	(195, 0237, '800416085593', 'completed'),
	(197, 0241, '870308035429', 'completed'),
	(200, 0238, '921130035401', 'completed'),
	(201, 0243, '921109075003', 'completed'),
	(202, 0229, '830920025968', 'completed'),
	(203, 0230, '921108115667', 'completed'),
	(204, 0244, '941110035963', 'completed'),
	(205, 0229, '920724035789', 'completed'),
	(206, 0246, '740803115391', 'completed'),
	(208, 0247, '870308035429', 'completed'),
	(209, 0245, '920724035789', 'completed'),
	(210, 0236, '901107025231', 'completed'),
	(211, 0248, '800503035295', 'completed'),
	(212, 0249, '870308035429', 'completed'),
	(213, 0251, '790208065313', 'completed'),
	(214, 0253, '910424025547', 'completed'),
	(215, 0256, '910618026150', 'completed'),
	(216, 0254, '805669152447', 'completed'),
	(217, 0260, '921023036089', 'completed'),
	(218, 0260, '900808036115', 'completed'),
	(219, 0257, '920724035789', 'completed'),
	(220, 0261, '830920025968', 'completed'),
	(221, 0261, '901107025231', 'completed'),
	(223, 0259, '920527036221', 'completed'),
	(224, 0260, '921226035537', 'completed'),
	(225, 0264, '700319055386', 'completed'),
	(226, 0262, '840509065459', 'completed'),
	(227, 0265, '811227115099', 'finished'),
	(228, 0266, '921108115667', 'completed'),
	(229, 0255, '780202015412', 'completed'),
	(230, 0269, '870308035429', 'completed'),
	(231, 0270, '910424025547', 'finished'),
	(232, 0271, '921109075003', 'completed'),
	(233, 0271, '920216035887', 'completed'),
	(234, 0251, '920527036221', 'completed'),
	(235, 0252, '911010115643', 'completed'),
	(236, 0252, '740803115391', 'completed'),
	(237, 0272, '901107025231', 'completed'),
	(239, 0273, '700319055386', 'completed'),
	(240, 0272, '920724035789', 'completed'),
	(241, 0275, '940225025795', 'completed'),
	(242, 0278, '910710115455', 'dispatched'),
	(243, 0275, '901107025231', 'completed'),
	(244, 0278, '760406015555', 'atpatient'),
	(245, 0281, '920516115610', 'finished'),
	(246, 0280, '800503035295', 'new'),
	(247, 0279, '920620035143', 'dispatched'),
	(248, 0279, '6405032365', 'dispatched'),
	(249, 0278, '910509025415', 'dispatched'),
	(250, 0278, '900306035761', 'dispatched'),
	(251, 0279, '920705020190', 'completed'),
	(252, 0275, 'BLQ2098', 'completed'),
	(253, 0278, '921023036089', 'dispatched'),
	(254, 0254, '910618026150', 'completed'),
	(255, 0276, '901107025231', 'dispatched'),
	(256, 0277, '921226035537', 'dispatched'),
	(257, 0282, '920705020190', 'completed'),
	(258, 0289, 'BLS2', 'acknowledge'),
	(259, 0290, 'BLS1', 'completed'),
	(264, 0291, 'BLS3', 'completed'),
	(266, 0292, '790208065313', 'new'),
	(267, 0294, '880812035283', 'completed'),
	(268, 0295, '880426025263', 'completed');
/*!40000 ALTER TABLE `responder` ENABLE KEYS */;

CREATE TABLE IF NOT EXISTS `statuslog` (
  `statuslog_id` int(11) NOT NULL AUTO_INCREMENT,
  `statuslog_callcard_id` int(4) unsigned zerofill NOT NULL,
  `statuslog_time` datetime NOT NULL,
  `statuslog_desc` varchar(200) NOT NULL,
  PRIMARY KEY (`statuslog_id`),
  KEY `FK1_statuslog_callcard_id` (`statuslog_callcard_id`),
  CONSTRAINT `FK1_statuslog_callcard_id` FOREIGN KEY (`statuslog_callcard_id`) REFERENCES `callcard` (`callcard_id`) ON DELETE CASCADE
) ENGINE=InnoDB AUTO_INCREMENT=1274 DEFAULT CHARSET=utf8;

/*!40000 ALTER TABLE `statuslog` DISABLE KEYS */;
INSERT INTO `statuslog` (`statuslog_id`, `statuslog_callcard_id`, `statuslog_time`, `statuslog_desc`) VALUES
	(805, 0228, '2017-07-27 10:55:16', 'Callcard created by GDU 1'),
	(806, 0228, '2017-07-27 10:55:44', 'SHAHROM has been dispatched by GDU 1'),
	(807, 0229, '2017-07-27 10:57:04', 'Callcard created by GDU 5'),
	(808, 0229, '2017-07-27 10:57:27', 'ALIF has been dispatched by GDU 6'),
	(809, 0230, '2017-07-27 10:58:07', 'Callcard created by GDU 9'),
	(810, 0230, '2017-07-27 10:58:22', 'LUQMAN NURHAKIM has been dispatched by GDU 6'),
	(811, 0230, '2017-07-27 10:58:24', 'LUQMAN NURHAKIM has been dispatched by GDU 6'),
	(812, 0228, '2017-07-27 10:59:06', 'SHAHROM en route'),
	(813, 0229, '2017-07-27 10:59:23', 'ALIF acknowledged'),
	(814, 0230, '2017-07-27 10:59:45', 'LUQMAN NURHAKIM acknowledged'),
	(815, 0229, '2017-07-27 11:00:15', 'ALIF en route'),
	(816, 0228, '2017-07-27 11:00:17', 'SHAHROM at scene'),
	(817, 0228, '2017-07-27 11:00:24', 'SHAHROM at patient'),
	(818, 0229, '2017-07-27 11:00:35', 'ALIF has been dispatched by GDU 5'),
	(819, 0229, '2017-07-27 11:01:28', 'ALIF en route'),
	(820, 0230, '2017-07-27 11:02:14', 'LUQMAN NURHAKIM en route'),
	(821, 0231, '2017-07-27 11:02:49', 'Callcard created by GDU 1'),
	(822, 0231, '2017-07-27 11:03:15', 'YUSRI BIN IBRAHIM has been dispatched by GDU 1'),
	(823, 0231, '2017-07-27 11:04:24', 'YUSRI BIN IBRAHIM en route'),
	(824, 0228, '2017-07-27 11:06:37', 'SHAHROM finished'),
	(825, 0228, '2017-07-27 11:07:49', 'SHAHROM status has been rolled back by GDU 9'),
	(826, 0228, '2017-07-27 11:07:49', 'SHAHROM acknowledged'),
	(827, 0230, '2017-07-27 11:09:43', 'LUQMAN NURHAKIM at scene'),
	(828, 0228, '2017-07-27 11:09:55', 'SHAHROM marked as completed by GDU 9'),
	(829, 0231, '2017-07-27 11:10:24', 'YUSRI BIN IBRAHIM on the way back'),
	(830, 0230, '2017-07-27 11:13:41', 'LUQMAN NURHAKIM marked as completed by GDU 9'),
	(831, 0231, '2017-07-27 11:16:02', 'YUSRI BIN IBRAHIM finished'),
	(832, 0229, '2017-07-27 11:18:16', 'MUHAMMAD ALIF en route'),
	(835, 0234, '2017-07-27 11:21:36', 'Callcard created by GDU 6'),
	(836, 0235, '2017-07-27 11:22:13', 'Callcard created by GDU 1'),
	(837, 0236, '2017-07-27 11:22:20', 'Callcard created by GDU 6'),
	(838, 0235, '2017-07-27 11:22:29', 'MUHAMMAD RIDHWAN has been dispatched by GDU 1'),
	(839, 0231, '2017-07-27 11:22:29', 'YUSRI BIN IBRAHIM status has been rolled back by GDU 9'),
	(840, 0231, '2017-07-27 11:22:29', 'YUSRI BIN IBRAHIM acknowledged'),
	(841, 0235, '2017-07-27 11:23:10', 'MUHAMMAD RIDHWAN acknowledged'),
	(842, 0235, '2017-07-27 11:23:16', 'MUHAMMAD RIDHWAN en route'),
	(843, 0235, '2017-07-27 11:23:22', 'MUHAMMAD RIDHWAN at scene'),
	(844, 0235, '2017-07-27 11:23:25', 'MUHAMMAD RIDHWAN at patient'),
	(845, 0235, '2017-07-27 11:23:31', 'MUHAMMAD RIDHWAN transporting patient'),
	(846, 0235, '2017-07-27 11:23:36', 'MUHAMMAD RIDHWAN on the way back'),
	(847, 0235, '2017-07-27 11:23:40', 'MUHAMMAD RIDHWAN finished'),
	(848, 0231, '2017-07-27 11:23:54', 'YUSRI BIN IBRAHIM at patient'),
	(849, 0235, '2017-07-27 11:24:03', 'MUHAMMAD RIDHWAN marked as completed by GDU 1'),
	(850, 0231, '2017-07-27 11:24:28', 'YUSRI BIN IBRAHIM status has been rolled back by GDU 9'),
	(851, 0231, '2017-07-27 11:24:28', 'YUSRI BIN IBRAHIM acknowledged'),
	(852, 0237, '2017-07-27 11:24:59', 'Callcard created by GDU 6'),
	(853, 0238, '2017-07-27 11:25:18', 'Callcard created by GDU 1'),
	(854, 0231, '2017-07-27 11:25:32', 'YUSRI BIN IBRAHIM en route'),
	(855, 0237, '2017-07-27 11:25:39', 'SHAHROM has been dispatched by GDU 6'),
	(858, 0231, '2017-07-27 11:25:55', 'YUSRI BIN IBRAHIM status has been rolled back by GDU 9'),
	(859, 0231, '2017-07-27 11:25:55', 'YUSRI BIN IBRAHIM acknowledged'),
	(860, 0241, '2017-07-27 11:26:04', 'Callcard created by GDU 10'),
	(861, 0231, '2017-07-27 11:26:07', 'YUSRI BIN IBRAHIM en route'),
	(862, 0241, '2017-07-27 11:26:10', 'NIK AFIQ has been dispatched by GDU 10'),
	(864, 0231, '2017-07-27 11:26:25', 'YUSRI BIN IBRAHIM at scene'),
	(865, 0234, '2017-07-27 11:26:25', 'LUTFI has been dispatched by GDU 6'),
	(867, 0234, '2017-07-27 11:26:28', 'NUR ASLINA has been dispatched by GDU 6'),
	(868, 0231, '2017-07-27 11:26:32', 'YUSRI BIN IBRAHIM at patient'),
	(869, 0231, '2017-07-27 11:26:39', 'YUSRI BIN IBRAHIM transporting patient'),
	(870, 0231, '2017-07-27 11:26:48', 'YUSRI BIN IBRAHIM transporting patient'),
	(872, 0231, '2017-07-27 11:26:54', 'YUSRI BIN IBRAHIM status has been rolled back by GDU 9'),
	(873, 0231, '2017-07-27 11:26:54', 'YUSRI BIN IBRAHIM en route'),
	(875, 0241, '2017-07-27 11:27:28', 'NIK AFIQ acknowledged'),
	(876, 0241, '2017-07-27 11:27:38', 'NIK AFIQ en route'),
	(877, 0241, '2017-07-27 11:27:44', 'NIK AFIQ at scene'),
	(878, 0243, '2017-07-27 11:28:00', 'Callcard created by GDU 6'),
	(879, 0243, '2017-07-27 11:28:14', 'MOHAMAD SHARIDHWAN has been dispatched by GDU 6'),
	(880, 0229, '2017-07-27 11:28:44', 'MIZA has been dispatched by GDU 1'),
	(881, 0231, '2017-07-27 11:29:13', 'YUSRI BIN IBRAHIM on the way back'),
	(882, 0237, '2017-07-27 11:29:17', 'SHAHROM at patient'),
	(884, 0230, '2017-07-27 11:29:31', 'LUQMAN NURHAKIM has been dispatched by GDU 1'),
	(885, 0243, '2017-07-27 11:29:49', 'MOHAMAD SHARIDHWAN at patient'),
	(886, 0244, '2017-07-27 11:30:00', 'Callcard created by GDU 5'),
	(887, 0245, '2017-07-27 11:30:02', 'Callcard created by GDU 7'),
	(888, 0243, '2017-07-27 11:30:06', 'MOHAMAD SHARIDHWAN transporting patient'),
	(890, 0244, '2017-07-27 11:30:32', 'MOHD ALIF IBRAHIM has been dispatched by GDU 5'),
	(891, 0241, '2017-07-27 11:30:33', 'NIK AFIQ at patient'),
	(893, 0241, '2017-07-27 11:30:40', 'NIK AFIQ transporting patient'),
	(894, 0241, '2017-07-27 11:30:56', 'NIK AFIQ finished'),
	(895, 0229, '2017-07-27 11:31:10', 'MUHAMMAD ALIF at scene'),
	(896, 0231, '2017-07-27 11:31:15', 'YUSRI BIN IBRAHIM finished'),
	(898, 0230, '2017-07-27 11:31:52', 'LUQMAN NURHAKIM has been dispatched by GDU 1'),
	(899, 0244, '2017-07-27 11:32:04', 'MOHD ALIF IBRAHIM acknowledged'),
	(900, 0229, '2017-07-27 11:32:36', 'MUHAMMAD AKRAM has been dispatched by GDU 1'),
	(901, 0246, '2017-07-27 11:33:13', 'Callcard created by GDU 1'),
	(902, 0241, '2017-07-27 11:33:14', 'NIK AFIQ finished'),
	(903, 0247, '2017-07-27 11:33:23', 'Callcard created by GDU 1'),
	(904, 0246, '2017-07-27 11:33:46', 'MOHAMAD AZMADI has been dispatched by GDU 1'),
	(905, 0230, '2017-07-27 11:33:50', 'LUQMAN NURHAKIM finished'),
	(906, 0228, '2017-07-27 11:34:16', 'Callcard updated by GDU 1'),
	(907, 0241, '2017-07-27 11:34:19', 'NIK AFIQ marked as completed by GDU 10'),
	(908, 0229, '2017-07-27 11:34:23', 'MUHAMMAD ALIF marked as completed by GDU 1'),
	(909, 0229, '2017-07-27 11:34:24', 'MIZA marked as completed by GDU 5'),
	(910, 0228, '2017-07-27 11:34:27', 'Callcard updated by GDU 9'),
	(911, 0230, '2017-07-27 11:34:31', 'LUQMAN NURHAKIM marked as completed by GDU 1'),
	(912, 0243, '2017-07-27 11:34:33', 'MOHAMAD SHARIDHWAN finished'),
	(913, 0228, '2017-07-27 11:34:35', 'Callcard updated by GDU 1'),
	(915, 0229, '2017-07-27 11:34:39', 'MUHAMMAD AKRAM marked as completed by GDU 5'),
	(916, 0231, '2017-07-27 11:34:41', 'YUSRI BIN IBRAHIM marked as completed by GDU 1'),
	(919, 0247, '2017-07-27 11:34:50', 'NIK AFIQ has been dispatched by GDU 1'),
	(920, 0229, '2017-07-27 11:34:57', 'Callcard updated by GDU 1'),
	(921, 0246, '2017-07-27 11:35:02', 'MOHAMAD AZMADI marked as completed by GDU 9'),
	(922, 0236, '2017-07-27 11:35:07', 'MUHAMMAD ALIF has been dispatched by GDU 6'),
	(923, 0247, '2017-07-27 11:35:07', 'NIK AFIQ en route'),
	(924, 0243, '2017-07-27 11:35:11', 'MOHAMAD SHARIDHWAN marked as completed by GDU 6'),
	(925, 0246, '2017-07-27 11:35:13', 'Callcard updated by GDU 9'),
	(926, 0244, '2017-07-27 11:35:16', 'MOHD ALIF IBRAHIM marked as completed by GDU 5'),
	(927, 0247, '2017-07-27 11:35:19', 'NIK AFIQ finished'),
	(928, 0231, '2017-07-27 11:35:20', 'Callcard updated by GDU 1'),
	(929, 0245, '2017-07-27 11:35:22', 'MUHAMMAD AKRAM has been dispatched by GDU 7'),
	(930, 0234, '2017-07-27 11:35:40', 'LUTFI marked as completed by GDU 9'),
	(931, 0234, '2017-07-27 11:35:40', 'Callcard updated by GDU 1'),
	(932, 0230, '2017-07-27 11:35:43', 'Callcard updated by GDU 3'),
	(933, 0236, '2017-07-27 11:35:47', 'MUHAMMAD ALIF marked as completed by GDU 9'),
	(934, 0245, '2017-07-27 11:35:50', 'MUHAMMAD AKRAM acknowledged'),
	(935, 0236, '2017-07-27 11:35:55', 'Callcard updated by GDU 9'),
	(936, 0237, '2017-07-27 11:35:58', 'SHAHROM marked as completed by GDU 1'),
	(937, 0247, '2017-07-27 11:36:09', 'NIK AFIQ marked as completed by GDU 1'),
	(938, 0235, '2017-07-27 11:36:10', 'Callcard updated by GDU 1'),
	(940, 0238, '2017-07-27 11:36:11', 'MOHAMMAD FARIZ FAIZZUDIN marked as completed by GDU 9'),
	(942, 0238, '2017-07-27 11:36:24', 'Callcard updated by GDU 9'),
	(944, 0245, '2017-07-27 11:36:37', 'MUHAMMAD AKRAM marked as completed by GDU 9'),
	(945, 0237, '2017-07-27 11:36:38', 'Callcard updated by GDU 3'),
	(946, 0241, '2017-07-27 11:36:40', 'Callcard updated by GDU 10'),
	(949, 0243, '2017-07-27 11:36:52', 'Callcard updated by GDU 1'),
	(950, 0243, '2017-07-27 11:36:55', 'Callcard updated by GDU 9'),
	(951, 0245, '2017-07-27 11:36:56', 'Callcard updated by GDU 1'),
	(952, 0244, '2017-07-27 11:37:01', 'Callcard updated by GDU 3'),
	(953, 0247, '2017-07-27 11:37:07', 'Callcard updated by GDU 9'),
	(954, 0247, '2017-07-27 11:37:09', 'Callcard updated by GDU 1'),
	(955, 0248, '2017-07-27 11:39:23', 'Callcard created by GDU 1'),
	(956, 0249, '2017-07-27 11:39:44', 'Callcard created by GDU 10'),
	(957, 0248, '2017-07-27 11:39:48', 'MUHAMMAD RIDHWAN has been dispatched by GDU 1'),
	(958, 0250, '2017-07-27 11:40:06', 'Callcard created by GDU 9'),
	(959, 0248, '2017-07-27 11:40:08', 'MUHAMMAD RIDHWAN acknowledged'),
	(960, 0248, '2017-07-27 11:40:17', 'MUHAMMAD RIDHWAN en route'),
	(961, 0251, '2017-07-27 11:40:18', 'Callcard created by GDU 1'),
	(962, 0249, '2017-07-27 11:40:20', 'NIK AFIQ has been dispatched by GDU 10'),
	(963, 0252, '2017-07-27 11:40:26', 'Callcard created by GDU 1'),
	(964, 0251, '2017-07-27 11:40:30', 'AIZAL BIN ABDUL MANAN has been dispatched by GDU 1'),
	(965, 0253, '2017-07-27 11:40:36', 'Callcard created by GDU 6'),
	(966, 0250, '2017-07-27 11:40:48', 'Callcard updated by GDU 9'),
	(967, 0254, '2017-07-27 11:40:54', 'Callcard created by GDU 1'),
	(968, 0248, '2017-07-27 11:41:02', 'MUHAMMAD RIDHWAN at scene'),
	(969, 0253, '2017-07-27 11:41:02', 'MOHD FADZIL has been dispatched by GDU 6'),
	(970, 0255, '2017-07-27 11:41:04', 'Callcard created by GDU 1'),
	(971, 0256, '2017-07-27 11:41:07', 'Callcard created by GDU 1'),
	(972, 0250, '2017-07-27 11:41:17', 'Callcard updated by GDU 9'),
	(973, 0257, '2017-07-27 11:41:18', 'Callcard created by GDU 7'),
	(975, 0256, '2017-07-27 11:41:23', 'MASHANUM has been dispatched by GDU 1'),
	(976, 0253, '2017-07-27 11:41:26', 'MOHD FADZIL has been dispatched by GDU 6'),
	(977, 0248, '2017-07-27 11:41:26', 'MUHAMMAD RIDHWAN at patient'),
	(978, 0259, '2017-07-27 11:41:31', 'Callcard created by GDU 5'),
	(979, 0249, '2017-07-27 11:41:54', 'NIK AFIQ has been dispatched by GDU 10'),
	(980, 0249, '2017-07-27 11:41:59', 'Callcard updated by GDU 10'),
	(981, 0260, '2017-07-27 11:42:01', 'Callcard created by GDU 2'),
	(982, 0250, '2017-07-27 11:42:11', 'Callcard updated by GDU 9'),
	(983, 0254, '2017-07-27 11:42:20', 'AIZAL BIN HASSAN has been dispatched by GDU 1'),
	(984, 0257, '2017-07-27 11:42:28', 'MUHAMMAD AKRAM has been dispatched by GDU 7'),
	(985, 0261, '2017-07-27 11:42:30', 'Callcard created by GDU 6'),
	(987, 0262, '2017-07-27 11:42:33', 'Callcard created by GDU 5'),
	(988, 0263, '2017-07-27 11:42:44', 'Callcard created by GDU 1'),
	(989, 0250, '2017-07-27 11:42:48', 'Callcard updated by GDU 9'),
	(990, 0261, '2017-07-27 11:42:54', 'MUHAMMAD ALIF has been dispatched by GDU 6'),
	(991, 0264, '2017-07-27 11:42:54', 'Callcard created by GDU 1'),
	(992, 0261, '2017-07-27 11:42:55', 'MIZA has been dispatched by GDU 6'),
	(993, 0260, '2017-07-27 11:43:07', 'NAZRUL has been dispatched by GDU 2'),
	(994, 0260, '2017-07-27 11:43:12', 'ZAMRI JUSOH has been dispatched by GDU 2'),
	(995, 0248, '2017-07-27 11:43:12', 'MUHAMMAD RIDHWAN transporting patient'),
	(996, 0261, '2017-07-27 11:43:22', 'MUHAMMAD ALIF en route'),
	(997, 0250, '2017-07-27 11:43:33', 'Callcard updated by GDU 9'),
	(998, 0256, '2017-07-27 11:43:34', 'MASHANUM transporting patient'),
	(999, 0256, '2017-07-27 11:43:38', 'MASHANUM finished'),
	(1000, 0262, '2017-07-27 11:43:42', 'MUHAMMAD AMIR YUSOF at patient'),
	(1001, 0259, '2017-07-27 11:43:44', 'MIK MUHAMMAD FAQIH has been dispatched by GDU 5'),
	(1002, 0264, '2017-07-27 11:43:46', 'ROZITA has been dispatched by GDU 1'),
	(1003, 0260, '2017-07-27 11:43:49', 'ZAMRI JUSOH has been dispatched by GDU 2'),
	(1004, 0260, '2017-07-27 11:43:53', 'WAN  MUHAMAD FIRDAUS has been dispatched by GDU 2'),
	(1005, 0248, '2017-07-27 11:43:56', 'MUHAMMAD RIDHWAN on the way back'),
	(1006, 0265, '2017-07-27 11:44:05', 'Callcard created by GDU 1'),
	(1007, 0256, '2017-07-27 11:44:09', 'MASHANUM marked as completed by GDU 1'),
	(1008, 0262, '2017-07-27 11:44:10', 'FAIS transporting patient'),
	(1009, 0260, '2017-07-27 11:44:13', 'NAZRUL acknowledged'),
	(1010, 0260, '2017-07-27 11:44:16', 'WAN  MUHAMAD FIRDAUS acknowledged'),
	(1011, 0260, '2017-07-27 11:44:19', 'ZAMRI JUSOH acknowledged'),
	(1012, 0248, '2017-07-27 11:44:19', 'MUHAMMAD RIDHWAN finished'),
	(1013, 0260, '2017-07-27 11:44:24', 'WAN  MUHAMAD FIRDAUS en route'),
	(1014, 0260, '2017-07-27 11:44:28', 'NAZRUL en route'),
	(1015, 0260, '2017-07-27 11:44:31', 'ZAMRI JUSOH en route'),
	(1016, 0265, '2017-07-27 11:44:34', 'YUSRI BIN IBRAHIM has been dispatched by GDU 1'),
	(1017, 0260, '2017-07-27 11:44:34', 'NAZRUL at scene'),
	(1018, 0260, '2017-07-27 11:44:37', 'ZAMRI JUSOH at scene'),
	(1019, 0261, '2017-07-27 11:44:42', 'MIZA status has been rolled back by GDU 6'),
	(1020, 0261, '2017-07-27 11:44:42', 'MIZA has been pulled back by GDU 6'),
	(1021, 0260, '2017-07-27 11:44:42', 'WAN  MUHAMAD FIRDAUS at scene'),
	(1022, 0248, '2017-07-27 11:44:46', 'MUHAMMAD RIDHWAN marked as completed by GDU 1'),
	(1023, 0260, '2017-07-27 11:44:47', 'NAZRUL at patient'),
	(1024, 0260, '2017-07-27 11:44:51', 'WAN  MUHAMAD FIRDAUS at patient'),
	(1025, 0266, '2017-07-27 11:44:51', 'Callcard created by GDU 9'),
	(1026, 0260, '2017-07-27 11:44:56', 'ZAMRI JUSOH at patient'),
	(1027, 0262, '2017-07-27 11:44:58', 'FAIS status has been rolled back by FAIS'),
	(1028, 0262, '2017-07-27 11:44:58', 'FAIS at scene'),
	(1029, 0260, '2017-07-27 11:45:01', 'NAZRUL transporting patient'),
	(1030, 0260, '2017-07-27 11:45:05', 'WAN  MUHAMAD FIRDAUS transporting patient'),
	(1031, 0249, '2017-07-27 11:45:08', 'NIK AFIQ acknowledged'),
	(1032, 0260, '2017-07-27 11:45:08', 'ZAMRI JUSOH transporting patient'),
	(1033, 0266, '2017-07-27 11:45:09', 'Callcard updated by GDU 9'),
	(1034, 0260, '2017-07-27 11:45:12', 'NAZRUL on the way back'),
	(1035, 0265, '2017-07-27 11:45:13', 'YUSRI BIN IBRAHIM acknowledged'),
	(1036, 0260, '2017-07-27 11:45:16', 'WAN  MUHAMAD FIRDAUS on the way back'),
	(1037, 0249, '2017-07-27 11:45:20', 'NIK AFIQ en route'),
	(1038, 0260, '2017-07-27 11:45:23', 'ZAMRI JUSOH on the way back'),
	(1039, 0265, '2017-07-27 11:45:23', 'YUSRI BIN IBRAHIM en route'),
	(1040, 0253, '2017-07-27 11:45:24', 'MOHD FADZIL at scene'),
	(1041, 0260, '2017-07-27 11:45:26', 'WAN  MUHAMAD FIRDAUS finished'),
	(1042, 0260, '2017-07-27 11:45:29', 'NAZRUL finished'),
	(1043, 0249, '2017-07-27 11:45:29', 'NIK AFIQ at scene'),
	(1044, 0249, '2017-07-27 11:45:31', 'NIK AFIQ at patient'),
	(1045, 0253, '2017-07-27 11:45:34', 'MOHD FADZIL transporting patient'),
	(1046, 0249, '2017-07-27 11:45:37', 'NIK AFIQ transporting patient'),
	(1047, 0260, '2017-07-27 11:45:38', 'ZAMRI JUSOH finished'),
	(1048, 0266, '2017-07-27 11:45:40', 'LUQMAN NURHAKIM has been dispatched by GDU 9'),
	(1049, 0249, '2017-07-27 11:45:41', 'NIK AFIQ on the way back'),
	(1050, 0249, '2017-07-27 11:45:43', 'NIK AFIQ finished'),
	(1051, 0260, '2017-07-27 11:45:44', 'NAZRUL marked as completed by GDU 2'),
	(1052, 0264, '2017-07-27 11:45:47', 'ROZITA acknowledged'),
	(1053, 0249, '2017-07-27 11:45:50', 'NIK AFIQ marked as completed by GDU 10'),
	(1054, 0253, '2017-07-27 11:45:50', 'MOHD FADZIL finished'),
	(1055, 0255, '2017-07-27 11:45:56', 'AIZAL BIN SAMAD marked as completed by GDU 1'),
	(1056, 0260, '2017-07-27 11:45:56', 'WAN  MUHAMAD FIRDAUS marked as completed by GDU 2'),
	(1057, 0249, '2017-07-27 11:46:01', 'Callcard updated by GDU 10'),
	(1058, 0253, '2017-07-27 11:46:04', 'MOHD FADZIL marked as completed by GDU 6'),
	(1059, 0259, '2017-07-27 11:46:10', 'NIK MUHAMMAD FAQIH at scene'),
	(1060, 0259, '2017-07-27 11:46:13', 'NIK MUHAMMAD FAQIH at patient'),
	(1061, 0259, '2017-07-27 11:46:17', 'NIK MUHAMMAD FAQIH marked as completed by GDU 5'),
	(1062, 0261, '2017-07-27 11:46:17', 'MUHAMMAD ALIF at scene'),
	(1063, 0257, '2017-07-27 11:46:18', 'MUHAMMAD AKRAM acknowledged'),
	(1064, 0262, '2017-07-27 11:46:22', 'FAIS finished'),
	(1065, 0257, '2017-07-27 11:46:28', 'MUHAMMAD AKRAM en route'),
	(1066, 0248, '2017-07-27 11:46:42', 'Callcard updated by GDU 1'),
	(1067, 0265, '2017-07-27 11:46:48', 'YUSRI BIN IBRAHIM at scene'),
	(1068, 0253, '2017-07-27 11:46:51', 'Callcard updated by GDU 10'),
	(1069, 0264, '2017-07-27 11:46:51', 'ROZITA at scene'),
	(1070, 0267, '2017-07-27 11:46:51', 'Callcard created by GDU 1'),
	(1071, 0268, '2017-07-27 11:46:51', 'Callcard created by GDU 1'),
	(1072, 0265, '2017-07-27 11:46:54', 'YUSRI BIN IBRAHIM at patient'),
	(1073, 0264, '2017-07-27 11:47:01', 'ROZITA at patient'),
	(1074, 0257, '2017-07-27 11:47:30', 'MUHAMMAD AKRAM finished'),
	(1075, 0264, '2017-07-27 11:47:31', 'ROZITA transporting patient'),
	(1076, 0257, '2017-07-27 11:47:43', 'MUHAMMAD AKRAM marked as completed by GDU 7'),
	(1077, 0257, '2017-07-27 11:48:06', 'Callcard updated by GDU 7'),
	(1078, 0265, '2017-07-27 11:48:17', 'YUSRI BIN IBRAHIM transporting patient'),
	(1079, 0261, '2017-07-27 11:48:27', 'MUHAMMAD ALIF at patient'),
	(1080, 0261, '2017-07-27 11:48:29', 'MUHAMMAD ALIF finished'),
	(1081, 0269, '2017-07-27 11:48:29', 'Callcard created by GDU 2'),
	(1082, 0264, '2017-07-27 11:49:09', 'ROZITA on the way back'),
	(1083, 0269, '2017-07-27 11:49:12', 'NIK AFIQ has been dispatched by GDU 2'),
	(1084, 0265, '2017-07-27 11:49:20', 'YUSRI BIN IBRAHIM on the way back'),
	(1085, 0270, '2017-07-27 11:49:21', 'Callcard created by GDU 6'),
	(1086, 0264, '2017-07-27 11:49:34', 'ROZITA finished'),
	(1087, 0270, '2017-07-27 11:49:43', 'MOHD FADZIL has been dispatched by GDU 6'),
	(1088, 0264, '2017-07-27 11:49:46', 'ROZITA marked as completed by GDU 1'),
	(1089, 0270, '2017-07-27 11:49:53', 'MOHD FADZIL finished'),
	(1090, 0271, '2017-07-27 11:49:57', 'Callcard created by GDU 1'),
	(1091, 0265, '2017-07-27 11:50:17', 'YUSRI BIN IBRAHIM finished'),
	(1092, 0271, '2017-07-27 11:50:20', 'MOHAMAD SHARIDHWAN has been dispatched by GDU 1'),
	(1093, 0261, '2017-07-27 11:50:21', 'MUHAMMAD ALIF marked as completed by GDU 6'),
	(1094, 0271, '2017-07-27 11:50:24', 'MOHAMMAD SYAKIR has been dispatched by GDU 1'),
	(1095, 0270, '2017-07-27 11:50:40', 'Callcard updated by GDU 6'),
	(1096, 0265, '2017-07-27 11:50:47', 'Callcard updated by GDU 1'),
	(1097, 0272, '2017-07-27 11:51:04', 'Callcard created by GDU 1'),
	(1098, 0269, '2017-07-27 11:51:22', 'NIK AFIQ acknowledged'),
	(1099, 0251, '2017-07-27 11:51:26', 'NIK MUHAMMAD FAQIH has been dispatched by GDU 1'),
	(1100, 0271, '2017-07-27 11:51:29', 'MOHAMAD SHARIDHWAN at scene'),
	(1101, 0252, '2017-07-27 11:51:38', 'MUHAMMAD HASBULLAH has been dispatched by GDU 1'),
	(1102, 0252, '2017-07-27 11:51:47', 'MOHAMAD AZMADI has been dispatched by GDU 1'),
	(1103, 0266, '2017-07-27 11:51:47', 'LUQMAN NURHAKIM at patient'),
	(1104, 0272, '2017-07-27 11:52:41', 'MUHAMMAD ALIF has been dispatched by GDU 1'),
	(1105, 0271, '2017-07-27 11:52:46', 'MOHAMAD SHARIDHWAN finished'),
	(1106, 0273, '2017-07-27 11:52:47', 'Callcard created by GDU 1'),
	(1107, 0272, '2017-07-27 11:52:53', 'MUHAMMAD ALIF en route'),
	(1108, 0274, '2017-07-27 11:53:09', 'Callcard created by GDU 6'),
	(1109, 0272, '2017-07-27 11:53:28', 'MUHAMMAD ALIF at scene'),
	(1110, 0272, '2017-07-27 11:53:41', 'MUHAMMAD ALIF finished'),
	(1111, 0271, '2017-07-27 11:53:51', 'MOHAMAD SHARIDHWAN marked as completed by GDU 1'),
	(1112, 0272, '2017-07-27 11:53:57', 'MUHAMMAD ALIF marked as completed by GDU 1'),
	(1113, 0274, '2017-07-27 11:54:03', 'MAHMUD NIZAR has been dispatched by GDU 6'),
	(1114, 0271, '2017-07-27 11:54:07', 'MOHAMMAD SYAKIR marked as completed by GDU 1'),
	(1115, 0273, '2017-07-27 11:54:20', 'ROZITA has been dispatched by GDU 1'),
	(1116, 0273, '2017-07-27 11:54:26', 'ROZITA marked as completed by GDU 1'),
	(1117, 0272, '2017-07-27 11:54:35', 'MUHAMMAD AKRAM at scene'),
	(1118, 0274, '2017-07-27 11:56:03', 'Callcard updated by GDU 6'),
	(1119, 0272, '2017-07-27 11:58:10', 'MUHAMMAD AKRAM at patient'),
	(1120, 0275, '2017-07-27 11:58:56', 'Callcard created by GDU 1'),
	(1121, 0276, '2017-07-27 11:58:57', 'Callcard created by GDU 1'),
	(1122, 0277, '2017-07-27 11:59:02', 'Callcard created by GDU 1'),
	(1123, 0278, '2017-07-27 11:59:02', 'Callcard created by GDU 1'),
	(1124, 0279, '2017-07-27 11:59:03', 'Callcard created by GDU 3'),
	(1125, 0280, '2017-07-27 11:59:04', 'Callcard created by GDU 10'),
	(1126, 0272, '2017-07-27 11:59:21', 'MUHAMMAD AKRAM transporting patient'),
	(1127, 0281, '2017-07-27 11:59:22', 'Callcard created by GDU 1'),
	(1128, 0282, '2017-07-27 11:59:33', 'Callcard created by GDU 1'),
	(1129, 0283, '2017-07-27 11:59:42', 'Callcard created by GDU 1'),
	(1130, 0281, '2017-07-27 11:59:46', 'NOR AZMIRA has been dispatched by GDU 1'),
	(1131, 0275, '2017-07-27 11:59:48', 'MUHAMMAD ALIF has been dispatched by GDU 1'),
	(1132, 0275, '2017-07-27 11:59:50', 'MUHAMMAD AMIR YUSOF has been dispatched by GDU 1'),
	(1133, 0278, '2017-07-27 11:59:52', 'JEDI has been dispatched by GDU 1'),
	(1134, 0280, '2017-07-27 11:59:52', 'MUHAMMAD RIDHWAN has been dispatched by GDU 10'),
	(1135, 0278, '2017-07-27 11:59:56', 'MUHAMMAD HILMI has been dispatched by GDU 1'),
	(1136, 0284, '2017-07-27 11:59:59', 'Callcard created by GDU 1'),
	(1137, 0281, '2017-07-27 12:00:02', 'NOR AZMIRA acknowledged'),
	(1138, 0280, '2017-07-27 12:00:02', 'MUHAMMAD RIDHWAN has been dispatched by GDU 10'),
	(1139, 0272, '2017-07-27 12:00:08', 'MUHAMMAD AKRAM finished'),
	(1140, 0275, '2017-07-27 12:00:09', 'MUHAMMAD ALIF en route'),
	(1141, 0272, '2017-07-27 12:00:12', 'MUHAMMAD AKRAM finished'),
	(1142, 0278, '2017-07-27 12:00:14', 'MOHAMAD AMIR HAZNI has been dispatched by GDU 1'),
	(1143, 0280, '2017-07-27 12:00:17', 'MUHAMMAD RIDHWAN has been dispatched by GDU 10'),
	(1144, 0278, '2017-07-27 12:00:30', 'ZULFIRDAUS has been dispatched by GDU 1'),
	(1145, 0280, '2017-07-27 12:00:35', 'MUHAMMAD RIDHWAN has been dispatched by GDU 10'),
	(1146, 0280, '2017-07-27 12:00:37', 'MUHAMMAD RIDHWAN has been dispatched by GDU 10'),
	(1147, 0285, '2017-07-27 12:00:44', 'Callcard created by GDU 2'),
	(1148, 0280, '2017-07-27 12:01:17', 'MUHAMMAD RIDHWAN has been dispatched by GDU 10'),
	(1149, 0279, '2017-07-27 12:01:20', 'AIZAL BIN HUSEIN has been dispatched by GDU 3'),
	(1150, 0279, '2017-07-27 12:01:28', 'MAHMUD NIZAR has been dispatched by GDU 3'),
	(1151, 0279, '2017-07-27 12:01:52', 'FITROH has been dispatched by GDU 1'),
	(1152, 0280, '2017-07-27 12:01:56', 'MUHAMMAD RIDHWAN has been dispatched by GDU 10'),
	(1153, 0279, '2017-07-27 12:02:14', 'FITROH marked as completed by GDU 1'),
	(1154, 0281, '2017-07-27 12:02:27', 'NOR AZMIRA at scene'),
	(1155, 0278, '2017-07-27 12:02:31', 'JEDI acknowledged'),
	(1156, 0275, '2017-07-27 12:02:40', 'MUHAMMAD AMIR YUSOF acknowledged'),
	(1157, 0280, '2017-07-27 12:02:43', 'MUHAMMAD RIDHWAN has been dispatched by GDU 10'),
	(1158, 0275, '2017-07-27 12:02:44', 'MUHAMMAD AMIR YUSOF at scene'),
	(1159, 0280, '2017-07-27 12:02:46', 'MUHAMMAD RIDHWAN has been dispatched by GDU 10'),
	(1160, 0275, '2017-07-27 12:02:53', 'MUHAMMAD ALIF at scene'),
	(1161, 0275, '2017-07-27 12:02:53', 'MUHAMMAD ALIF at patient'),
	(1162, 0251, '2017-07-27 12:02:55', 'AIZAL BIN ABDUL MANAN has been dispatched by GDU 9'),
	(1163, 0275, '2017-07-27 12:02:55', 'MUHAMMAD ALIF at patient'),
	(1164, 0275, '2017-07-27 12:02:56', 'MUHAMMAD AMIR YUSOF finished'),
	(1165, 0251, '2017-07-27 12:03:00', 'AIZAL BIN ABDUL MANAN acknowledged'),
	(1166, 0278, '2017-07-27 12:03:01', 'JEDI en route'),
	(1167, 0251, '2017-07-27 12:03:04', 'NIK MUHAMMAD FAQIH acknowledged'),
	(1168, 0278, '2017-07-27 12:03:09', 'JEDI at scene'),
	(1169, 0280, '2017-07-27 12:03:11', 'MUHAMMAD RIDHWAN has been dispatched by GDU 10'),
	(1170, 0278, '2017-07-27 12:03:18', 'JEDI at patient'),
	(1171, 0275, '2017-07-27 12:03:22', 'MUHAMMAD AMIR YUSOF marked as completed by GDU 1'),
	(1172, 0275, '2017-07-27 12:03:24', 'MUHAMMAD ALIF finished'),
	(1173, 0286, '2017-07-27 12:03:26', 'Callcard created by GDU 5'),
	(1174, 0269, '2017-07-27 12:03:30', 'NIK AFIQ status has been rolled back by GDU 2'),
	(1175, 0269, '2017-07-27 12:03:30', 'NIK AFIQ acknowledged'),
	(1176, 0275, '2017-07-27 12:03:34', 'MUHAMMAD ALIF transporting patient'),
	(1177, 0275, '2017-07-27 12:03:42', 'BLQ2098 has been dispatched by GDU 1'),
	(1178, 0278, '2017-07-27 12:04:01', 'NAZRUL has been dispatched by GDU 1'),
	(1179, 0275, '2017-07-27 12:04:06', 'MUHAMMAD ALIF at patient'),
	(1180, 0281, '2017-07-27 12:04:07', 'NOR AZMIRA finished'),
	(1181, 0280, '2017-07-27 12:05:05', 'MUHAMMAD RIDHWAN status has been rolled back by GDU 10'),
	(1182, 0280, '2017-07-27 12:05:05', 'MUHAMMAD RIDHWAN has been pulled back by GDU 10'),
	(1183, 0275, '2017-07-27 12:05:59', 'MUHAMMAD ALIF finished'),
	(1184, 0275, '2017-07-27 12:06:10', 'BLQ2098 finished'),
	(1185, 0275, '2017-07-27 12:06:12', 'BLQ2098 marked as completed by GDU 1'),
	(1186, 0275, '2017-07-27 12:06:17', 'MUHAMMAD ALIF marked as completed by GDU 1'),
	(1187, 0275, '2017-07-27 12:06:31', 'Callcard updated by GDU 1'),
	(1188, 0281, '2017-07-27 12:06:36', 'Callcard updated by GDU 1'),
	(1189, 0275, '2017-07-27 12:06:36', 'Callcard updated by GDU 1'),
	(1190, 0254, '2017-07-27 12:06:39', 'MASHANUM marked as completed by GDU 1'),
	(1191, 0285, '2017-07-27 12:07:12', 'Callcard updated by GDU 2'),
	(1192, 0271, '2017-07-27 12:07:17', 'Callcard updated by GDU 6'),
	(1193, 0254, '2017-07-27 12:07:51', 'AIZAL BIN HASSAN marked as completed by GDU 1'),
	(1194, 0287, '2017-07-27 12:09:37', 'Callcard created by GDU 1'),
	(1195, 0251, '2017-07-27 12:11:08', 'AIZAL BIN ABDUL MANAN at patient'),
	(1196, 0251, '2017-07-27 12:11:11', 'AIZAL BIN ABDUL MANAN transporting patient'),
	(1197, 0251, '2017-07-27 12:11:14', 'AIZAL BIN ABDUL MANAN on the way back'),
	(1198, 0251, '2017-07-27 12:11:56', 'NIK MUHAMMAD FAQIH marked as completed by GDU 1'),
	(1199, 0252, '2017-07-27 12:12:10', 'MUHAMMAD HASBULLAH marked as completed by GDU 1'),
	(1200, 0288, '2017-07-27 12:12:31', 'Callcard created by GDU 1'),
	(1201, 0266, '2017-07-27 12:12:36', 'LUQMAN NURHAKIM marked as completed by GDU 1'),
	(1202, 0276, '2017-07-27 12:12:53', 'MUHAMMAD ALIF has been dispatched by GDU 1'),
	(1203, 0262, '2017-07-27 12:13:08', 'FAIS marked as completed by GDU 10'),
	(1204, 0277, '2017-07-27 12:13:12', 'WAN  MUHAMAD FIRDAUS has been dispatched by GDU 1'),
	(1205, 0262, '2017-07-27 12:13:14', 'Callcard updated by GDU 10'),
	(1206, 0282, '2017-07-27 12:13:28', 'FITROH has been dispatched by GDU 1'),
	(1207, 0282, '2017-07-27 12:13:33', 'FITROH marked as completed by GDU 10'),
	(1208, 0282, '2017-07-27 12:13:49', 'Callcard updated by GDU 10'),
	(1209, 0251, '2017-07-27 12:14:03', 'AIZAL BIN ABDUL MANAN marked as completed by GDU 10'),
	(1210, 0251, '2017-07-27 12:14:21', 'Callcard updated by GDU 10'),
	(1211, 0254, '2017-07-27 12:14:32', 'Callcard updated by GDU 10'),
	(1212, 0255, '2017-07-27 12:14:44', 'Callcard updated by GDU 10'),
	(1213, 0252, '2017-07-27 12:14:48', 'MOHAMAD AZMADI marked as completed by GDU 10'),
	(1214, 0252, '2017-07-27 12:15:03', 'Callcard updated by GDU 10'),
	(1215, 0256, '2017-07-27 12:15:15', 'Callcard updated by GDU 10'),
	(1216, 0260, '2017-07-27 12:15:26', 'ZAMRI JUSOH marked as completed by GDU 10'),
	(1217, 0260, '2017-07-27 12:15:36', 'Callcard updated by GDU 10'),
	(1218, 0269, '2017-07-27 12:16:19', 'NIK AFIQ finished'),
	(1219, 0259, '2017-07-27 12:19:50', 'Callcard updated by GDU 9'),
	(1220, 0261, '2017-07-27 12:20:02', 'MIZA marked as completed by GDU 9'),
	(1221, 0262, '2017-07-27 12:20:24', 'Callcard updated by GDU 9'),
	(1222, 0262, '2017-07-27 12:20:38', 'Callcard updated by GDU 9'),
	(1223, 0269, '2017-07-27 12:21:00', 'NIK AFIQ marked as completed by GDU 9'),
	(1224, 0272, '2017-07-27 12:21:09', 'Callcard updated by GDU 9'),
	(1225, 0272, '2017-07-27 12:21:23', 'MUHAMMAD AKRAM marked as completed by GDU 9'),
	(1226, 0261, '2017-07-27 12:21:36', 'Callcard updated by GDU 9'),
	(1227, 0289, '2017-07-27 15:06:14', 'Callcard created by '),
	(1228, 0289, '2017-07-27 15:06:24', 'BLS 2 has been dispatched by '),
	(1229, 0290, '2017-07-27 15:12:50', 'Callcard created by '),
	(1230, 0290, '2017-07-27 15:13:01', 'BLS 1 has been dispatched by '),
	(1231, 0291, '2017-07-27 15:13:36', 'Callcard created by '),
	(1232, 0291, '2017-07-27 15:14:07', 'BLS 3 has been dispatched by '),
	(1233, 0291, '2017-07-27 15:14:26', 'BLS 3 acknowledged'),
	(1234, 0291, '2017-07-27 15:15:50', 'BLS 3 en route'),
	(1235, 0291, '2017-07-27 15:16:20', 'BLS 3 at patient'),
	(1236, 0289, '2017-07-27 15:17:02', 'BLS 2 acknowledged'),
	(1237, 0290, '2017-07-27 15:18:17', 'BLS 1 acknowledged'),
	(1238, 0290, '2017-07-27 15:25:44', 'BLS 1 en route'),
	(1239, 0292, '2017-08-01 14:30:22', 'Callcard created by ADMIN 1'),
	(1240, 0292, '2017-08-01 14:30:31', 'AIZAL BIN ABDUL MANAN has been pulled back by ADMIN 1'),
	(1241, 0293, '2017-08-01 14:33:25', 'Callcard created by ADMIN 1'),
	(1242, 0294, '2017-08-01 14:34:06', 'Callcard created by ADMIN 1'),
	(1243, 0294, '2017-08-01 14:35:15', 'Callcard updated by ADMIN 1'),
	(1244, 0294, '2017-08-01 14:35:25', 'HAFIZ AZMAN has been dispatched by ADMIN 1'),
	(1245, 0294, '2017-08-01 14:36:13', 'HAFIZ AZMAN acknowledged'),
	(1246, 0294, '2017-08-01 14:37:33', 'HAFIZ AZMAN en route'),
	(1247, 0294, '2017-08-01 14:37:49', 'HAFIZ AZMAN at scene'),
	(1248, 0294, '2017-08-01 14:38:12', 'HAFIZ AZMAN at patient'),
	(1249, 0294, '2017-08-01 14:38:52', 'HAFIZ AZMAN transporting patient'),
	(1250, 0294, '2017-08-01 14:39:00', 'HAFIZ AZMAN finished'),
	(1251, 0294, '2017-08-01 14:39:24', 'HAFIZ AZMAN marked as completed by ADMIN 1'),
	(1252, 0264, '2017-08-01 16:36:15', 'Callcard updated by ADMIN 1'),
	(1253, 0266, '2017-08-01 16:36:27', 'Callcard updated by ADMIN 1'),
	(1254, 0269, '2017-08-01 16:36:37', 'Callcard updated by ADMIN 1'),
	(1255, 0291, '2017-08-01 16:37:13', 'BLS 3 marked as completed by ADMIN 1'),
	(1256, 0291, '2017-08-01 16:37:18', 'Callcard updated by ADMIN 1'),
	(1257, 0290, '2017-08-01 16:37:30', 'BLS 1 marked as completed by ADMIN 1'),
	(1258, 0290, '2017-08-01 16:37:34', 'Callcard updated by ADMIN 1'),
	(1259, 0289, '2017-08-01 16:37:46', 'Callcard updated by ADMIN 1'),
	(1260, 0295, '2017-08-02 10:50:53', 'Callcard created by ADMIN 5'),
	(1261, 0295, '2017-08-02 10:54:12', 'MUHAMMAD AFIF has been dispatched by ADMIN 5'),
	(1262, 0295, '2017-08-02 10:54:56', 'MUHAMMAD AFIF acknowledged'),
	(1263, 0295, '2017-08-02 10:55:15', 'MUHAMMAD AFIF en route'),
	(1264, 0295, '2017-08-02 10:57:51', 'MUHAMMAD AFIF at scene'),
	(1265, 0295, '2017-08-02 11:04:02', 'MUHAMMAD AFIF at patient'),
	(1266, 0295, '2017-08-02 11:10:34', 'MUHAMMAD AFIF transporting patient'),
	(1267, 0295, '2017-08-02 11:10:36', 'MUHAMMAD AFIF on the way back'),
	(1268, 0295, '2017-08-02 11:10:39', 'MUHAMMAD AFIF finished'),
	(1269, 0295, '2017-08-02 11:10:54', 'MUHAMMAD AFIF marked as completed by ADMIN 5'),
	(1270, 0295, '2017-08-02 11:10:56', 'MUHAMMAD AFIF on the way back'),
	(1271, 0295, '2017-08-02 11:11:02', 'MUHAMMAD AFIF marked as completed by ADMIN 5'),
	(1272, 0295, '2017-08-02 11:11:30', 'Callcard updated by ADMIN 5'),
	(1273, 0296, '2017-08-03 15:30:26', 'Callcard created by ADMIN');
/*!40000 ALTER TABLE `statuslog` ENABLE KEYS */;

CREATE TABLE IF NOT EXISTS `statustype` (
  `statustype_code` varchar(50) NOT NULL,
  `statustype_desc` varchar(50) DEFAULT NULL,
  `statustype_order` int(10) DEFAULT NULL,
  `statustype_icon` varchar(100) DEFAULT NULL,
  `statustype_color` varchar(50) DEFAULT NULL,
  `statustype_log_template` varchar(200) DEFAULT NULL,
  `statustype_on_mobile` varchar(50) DEFAULT NULL,
  PRIMARY KEY (`statustype_code`)
) ENGINE=InnoDB DEFAULT CHARSET=utf8;

/*!40000 ALTER TABLE `statustype` DISABLE KEYS */;
INSERT INTO `statustype` (`statustype_code`, `statustype_desc`, `statustype_order`, `statustype_icon`, `statustype_color`, `statustype_log_template`, `statustype_on_mobile`) VALUES
	('acknowledge', 'Acknowledge', 13, 'ic_hearing_white_24px.svg', 'orange', 'RESPONDER acknowledged', 'enabled'),
	('atpatient', 'At Patient', 16, 'ic_accessible_white_24px.svg', 'teal', 'RESPONDER at patient', 'enabled'),
	('atscene', 'At Scene', 15, 'ic_pin_drop_white_24px.svg', 'light-green', 'RESPONDER at scene', 'enabled'),
	('back', 'On Way Back', 18, 'ic_rotate_90_degrees_ccw_white_24px.svg', 'indigo', 'RESPONDER on the way back', 'enabled'),
	('completed', 'Completed', 20, 'ic_done_all_white_24px.svg', 'grey darken-4', 'RESPONDER marked as completed by USERNAME', 'disabled'),
	('dispatched', 'Dispatched', 12, 'ic_notifications_active_white_24px.svg', 'red', 'RESPONDER has been dispatched by USERNAME', 'disabled'),
	('enroute', 'En Route', 14, 'ic_near_me_white_24px.svg', 'yellow', 'RESPONDER en route', 'enabled'),
	('finished', 'Finished', 19, 'ic_done_white_24px.svg', 'purple', 'RESPONDER finished', 'enabled'),
	('new', 'Not Assigned', 11, 'ic_more_horiz_white_24px.svg', 'grey', 'RESPONDER has been pulled back by USERNAME', NULL),
	('transporting', 'Transporting', 17, 'ic_directions_bus_white_24px.svg', 'blue', 'RESPONDER transporting patient', 'enabled');
/*!40000 ALTER TABLE `statustype` ENABLE KEYS */;

CREATE TABLE IF NOT EXISTS `tracking` (
  `tracking_resource_nric_or_reg` varchar(50) NOT NULL DEFAULT 'xxx',
  `tracking_coordinate` varchar(50) DEFAULT NULL,
  `tracking_time` datetime DEFAULT NULL,
  PRIMARY KEY (`tracking_resource_nric_or_reg`)
) ENGINE=InnoDB DEFAULT CHARSET=utf8;

/*!40000 ALTER TABLE `tracking` DISABLE KEYS */;
INSERT INTO `tracking` (`tracking_resource_nric_or_reg`, `tracking_coordinate`, `tracking_time`) VALUES
	('', '3.0721072,101.7102432', '2017-07-28 15:26:45'),
	('718666', '3.1773153,101.7087865', '2017-07-18 17:35:07'),
	('760406015555', '2.9289033,101.6745208', '2017-07-27 12:08:33'),
	('790208065313', '3.0721072,101.7102432', '2017-07-28 15:25:36'),
	('830920025968', '3.115653,101.6637942', '2017-07-20 09:35:03'),
	('831217015295', '3.1708169,101.711989', '2017-07-18 16:04:17'),
	('840509065459', '3.0197372,101.4409396', '2017-08-01 11:10:23'),
	('850420035906', '3.17376,101.709224', '2017-07-18 13:10:56'),
	('870308035429', '2.9288939,101.6745097', '2017-07-27 11:35:22'),
	('871205145347', '2.9693561,101.739226', '2017-07-27 14:01:54'),
	('880317145864', '2.9288939,101.6745097', '2017-07-27 11:49:48'),
	('880426025263', '3.1158266,101.6637275', '2017-08-02 11:12:15'),
	('880812035283', '3.1737054,101.7091312', '2017-08-01 14:39:11'),
	('910424025547', '2.9288939,101.6745097', '2017-07-27 12:51:31'),
	('920724035789', '2.9288909,101.6745131', '2017-07-27 12:03:48'),
	('930106075352', '2.9599943,101.7329861', '2017-07-27 15:28:27'),
	('930907115449', '2.9288962,101.6745125', '2017-07-27 11:47:22'),
	('BLQ2098', '3.225422,101.68634', '2017-07-26 18:26:02'),
	('bls1', '2.9693656,101.7392371', '2017-07-27 15:47:13'),
	('Bls2', '2.9694861,101.7396042', '2017-07-27 15:16:36'),
	('BLS3', '2.9692866,101.7392099', '2017-07-27 15:17:33'),
	('BMH2991', '3.1710784400000001,101.7012558', '2017-07-26 18:25:02'),
	('BNL7061', '2.9294884200000002,101.67365264999999', '2017-07-26 18:25:02'),
	('BNM3746', '3.2178599800000001,101.58254242', '2017-07-26 18:25:03'),
	('S54442', '3.1737142,101.7092091', '2017-07-18 12:11:03'),
	('W762H', '2.930288,101.672585', '2017-07-21 15:33:02');
/*!40000 ALTER TABLE `tracking` ENABLE KEYS */;

CREATE TABLE IF NOT EXISTS `user` (
  `user_username` varchar(50) NOT NULL,
  `user_password` varchar(50) DEFAULT NULL,
  `user_roles` varchar(50) DEFAULT NULL,
  `user_fullname` varchar(12) DEFAULT NULL,
  PRIMARY KEY (`user_username`)
) ENGINE=InnoDB DEFAULT CHARSET=utf8;

/*!40000 ALTER TABLE `user` DISABLE KEYS */;
INSERT INTO `user` (`user_username`, `user_password`, `user_roles`, `user_fullname`) VALUES
	('admin', '202cb962ac59075b964b07152d234b70', 'admin', 'ADMIN'),
	('admin1', '202cb962ac59075b964b07152d234b70', 'admin', 'ADMIN 1'),
	('admin10', '202cb962ac59075b964b07152d234b70', 'admin', 'ADMIN 10'),
	('admin2', '202cb962ac59075b964b07152d234b70', 'admin', 'ADMIN 2'),
	('admin3', '202cb962ac59075b964b07152d234b70', 'admin', 'ADMIN 3'),
	('admin4', '202cb962ac59075b964b07152d234b70', 'admin', 'ADMIN 4'),
	('admin5', '202cb962ac59075b964b07152d234b70', 'admin', 'ADMIN 5'),
	('admin6', '202cb962ac59075b964b07152d234b70', 'admin', 'ADMIN 6'),
	('admin7', '202cb962ac59075b964b07152d234b70', 'admin', 'ADMIN 7'),
	('admin8', '202cb962ac59075b964b07152d234b70', 'admin', 'ADMIN 8'),
	('admin9', '202cb962ac59075b964b07152d234b70', 'admin', 'ADMIN 9'),
	('gdu1', '202cb962ac59075b964b07152d234b70', 'gdu', 'GDU 1'),
	('gdu10', '202cb962ac59075b964b07152d234b70', 'gdu', 'GDU 10'),
	('gdu11', '202cb962ac59075b964b07152d234b70', 'gdu', 'GDU 11'),
	('gdu12', '202cb962ac59075b964b07152d234b70', 'gdu', 'GDU 12'),
	('gdu13', '202cb962ac59075b964b07152d234b70', 'gdu', 'GDU 13'),
	('gdu14', '202cb962ac59075b964b07152d234b70', 'gdu', 'GDU 14'),
	('gdu15', '202cb962ac59075b964b07152d234b70', 'gdu', 'GDU 15'),
	('gdu16', '202cb962ac59075b964b07152d234b70', 'gdu', 'GDU 16'),
	('gdu17', '202cb962ac59075b964b07152d234b70', 'gdu', 'GDU 17'),
	('gdu18', '202cb962ac59075b964b07152d234b70', 'gdu', 'GDU 18'),
	('gdu19', '202cb962ac59075b964b07152d234b70', 'gdu', 'GDU 19'),
	('gdu2', '202cb962ac59075b964b07152d234b70', 'gdu', 'GDU 2'),
	('gdu20', '202cb962ac59075b964b07152d234b70', 'gdu', 'GDU 20'),
	('gdu21', '202cb962ac59075b964b07152d234b70', 'gdu', 'GDU 21'),
	('gdu22', '202cb962ac59075b964b07152d234b70', 'gdu', 'GDU 22'),
	('gdu23', '202cb962ac59075b964b07152d234b70', 'gdu', 'GDU 23'),
	('gdu24', '202cb962ac59075b964b07152d234b70', 'gdu', 'GDU 24'),
	('gdu25', '202cb962ac59075b964b07152d234b70', 'gdu', 'GDU 25'),
	('gdu26', '202cb962ac59075b964b07152d234b70', 'gdu', 'GDU 26'),
	('gdu27', '202cb962ac59075b964b07152d234b70', 'gdu', 'GDU 27'),
	('gdu28', '202cb962ac59075b964b07152d234b70', 'gdu', 'GDU 28'),
	('gdu29', '202cb962ac59075b964b07152d234b70', 'gdu', 'GDU 29'),
	('gdu3', '202cb962ac59075b964b07152d234b70', 'gdu', 'GDU 3'),
	('gdu30', '202cb962ac59075b964b07152d234b70', 'gdu', 'GDU 30'),
	('gdu31', '202cb962ac59075b964b07152d234b70', 'gdu', 'GDU 31'),
	('gdu32', '202cb962ac59075b964b07152d234b70', 'gdu', 'GDU 32'),
	('gdu33', '202cb962ac59075b964b07152d234b70', 'gdu', 'GDU 33'),
	('gdu34', '202cb962ac59075b964b07152d234b70', 'gdu', 'GDU 34'),
	('gdu35', '202cb962ac59075b964b07152d234b70', 'gdu', 'GDU 35'),
	('gdu36', '202cb962ac59075b964b07152d234b70', 'gdu', 'GDU 36'),
	('gdu37', '202cb962ac59075b964b07152d234b70', 'gdu', 'GDU 37'),
	('gdu38', '202cb962ac59075b964b07152d234b70', 'gdu', 'GDU 38'),
	('gdu39', '202cb962ac59075b964b07152d234b70', 'gdu', 'GDU 39'),
	('gdu4', '202cb962ac59075b964b07152d234b70', 'gdu', 'GDU 4'),
	('gdu40', '202cb962ac59075b964b07152d234b70', 'gdu', 'GDU 40'),
	('gdu41', '202cb962ac59075b964b07152d234b70', 'gdu', 'GDU 41'),
	('gdu42', '202cb962ac59075b964b07152d234b70', 'gdu', 'GDU 42'),
	('gdu43', '202cb962ac59075b964b07152d234b70', 'gdu', 'GDU 43'),
	('gdu44', '202cb962ac59075b964b07152d234b70', 'gdu', 'GDU 44'),
	('gdu45', '202cb962ac59075b964b07152d234b70', 'gdu', 'GDU 45'),
	('gdu46', '202cb962ac59075b964b07152d234b70', 'gdu', 'GDU 46'),
	('gdu47', '202cb962ac59075b964b07152d234b70', 'gdu', 'GDU 47'),
	('gdu48', '202cb962ac59075b964b07152d234b70', 'gdu', 'GDU 48'),
	('gdu49', '202cb962ac59075b964b07152d234b70', 'gdu', 'GDU 49'),
	('gdu5', '202cb962ac59075b964b07152d234b70', 'gdu', 'GDU 5'),
	('gdu50', '202cb962ac59075b964b07152d234b70', 'gdu', 'GDU 50'),
	('gdu6', '202cb962ac59075b964b07152d234b70', 'gdu', 'GDU 6'),
	('gdu7', '202cb962ac59075b964b07152d234b70', 'gdu', 'GDU 7'),
	('gdu8', '202cb962ac59075b964b07152d234b70', 'gdu', 'GDU 8'),
	('gdu9', '202cb962ac59075b964b07152d234b70', 'gdu', 'GDU 9'),
	('gmc1', '202cb962ac59075b964b07152d234b70', 'gmc', 'GMC 1'),
	('gmc10', '202cb962ac59075b964b07152d234b70', 'gmc', 'GMC 10'),
	('gmc2', '202cb962ac59075b964b07152d234b70', 'gmc', 'GMC 2'),
	('gmc3', '202cb962ac59075b964b07152d234b70', 'gmc', 'GMC 3'),
	('gmc4', '202cb962ac59075b964b07152d234b70', 'gmc', 'GMC 4'),
	('gmc5', '202cb962ac59075b964b07152d234b70', 'gmc', 'GMC 5'),
	('gmc6', '202cb962ac59075b964b07152d234b70', 'gmc', 'GMC 6'),
	('gmc7', '202cb962ac59075b964b07152d234b70', 'gmc', 'GMC 7'),
	('gmc8', '202cb962ac59075b964b07152d234b70', 'gmc', 'GMC 8'),
	('gmc9', '202cb962ac59075b964b07152d234b70', 'gmc', 'GMC 9');
/*!40000 ALTER TABLE `user` ENABLE KEYS */;

CREATE TABLE IF NOT EXISTS `venue` (
  `venue_id` int(10) NOT NULL AUTO_INCREMENT,
  `venue_desc` varchar(100) DEFAULT NULL,
  `venue_address` varchar(100) DEFAULT NULL,
  `venue_coordinate` varchar(50) DEFAULT NULL,
  `venue_icon` varchar(50) DEFAULT NULL,
  `venuetype_code` varchar(50) DEFAULT NULL,
  PRIMARY KEY (`venue_id`),
  UNIQUE KEY `venue_desc` (`venue_desc`)
) ENGINE=InnoDB AUTO_INCREMENT=29 DEFAULT CHARSET=utf8;

/*!40000 ALTER TABLE `venue` DISABLE KEYS */;
INSERT INTO `venue` (`venue_id`, `venue_desc`, `venue_address`, `venue_coordinate`, `venue_icon`, `venuetype_code`) VALUES
	(1, 'Stadium Bukit Jalil', 'Bukit Jalil, 57000 Kuala Lumpur, Wilayah Persekutuan Kuala Lumpur', '3.055500,101.693353', 'venue_icon_3.svg', 'Venue'),
	(2, 'Axiata Arena Stadium', 'Bukit Jalil, 57000 Kuala Lumpur, Wilayah Persekutuan Kuala Lumpur', '3.053668,101.693489', 'venue_icon_4.svg', 'Venue'),
	(3, 'Kuala Lumpur Convention Centre', 'Jalan Pinang, Bukit Nenas', '3.153880,101.713294', 'venue_icon_6.svg', 'Venue'),
	(4, 'MiTEC', 'Jalan Khidmat Usaha, Taman Duta, 50480, Kuala Lumpur', '3.179185,101.667803', 'venue_icon_7.svg', 'Venue'),
	(5, 'Water Sport Complex', 'Presint 6, 62150, Putrajaya', '2.901767,101.667534', 'venue_icon_20.svg', 'Venue'),
	(6, 'Equestrian Park', 'Presint 5, 62000, Putrajaya', '2.895960,101.685162', 'venue_icon_22.svg', 'Venue'),
	(7, 'Stadium Majlis Perbandaran Selayang', 'PSN 1, Bandar Baru Selayang', '3.254897,101.657306', 'venue_icon_9.svg', 'Venue'),
	(8, '3Q Equestrian Centre', 'Jalan Sungai Serai, Kuang, 48050 Rawang, Selangor', '3.272412,101.542533', 'venue_icon_22.svg', 'Venue'),
	(9, 'Empire City', 'Damansara Perdana LBR Damansara Puchong (LDP) - Kampung Sungai Penchala', '3.166390,101.614959', 'venue_icon_12.svg', 'Venue'),
	(10, 'Stadium Juara', 'Bukit Kiara, Jln 1/70D, Bukit Damansara, 50490, Kuala Lumpur', '3.139078,101.647373', 'venue_icon_13.svg', 'Venue'),
	(11, 'Kinrara Oval Ground', 'Malaysian Cricket Association, Bandar Kinrara 5, 47180 Puchong, Selangor', '3.048143,101.642842', 'venue_icon_8.svg', 'Venue'),
	(12, 'The Mines Resort & Golf Club', 'Mines Wellness City, 43300 Seri Kembangan, Selangor', '3.032251,101.717100', 'venue_icon_10.svg', 'Venue'),
	(13, 'Panasonic Stadium Shah Alam', 'Persiaran Perkilangan, Seksyen 21, 40300 Shah Alam, Selangor', '3.057202,101.547772', 'venue_icon_9.svg', 'Venue'),
	(14, 'Universiti Malaya Arena Stadium', 'Lingkungan Budi, 50603 Kuala Lumpur', '3.130957,101.658845', 'venue_icon_9.svg', 'Venue'),
	(15, 'Shah Alam Stadium', 'Majlis Bandaraya Shah Alam, Level 1, Kuadron AB, Seksyen 13, 40100 Shah Alam, Selangor', '3.082485,101.545113', 'venue_icon_9.svg', 'Venue'),
	(16, 'UITM Shah Alam Stadium', 'Jln Cemerlang 1/19 Seksyen 1 Shah Alam, Selangor', '3.065860,101.497578', 'venue_icon_9.svg', 'Venue'),
	(17, 'Merdeka Square', 'Jalan Raja, City Centre, 50050 Kuala Lumpur', '3.148869,101.693504', 'venue_icon_1.svg', 'Venue'),
	(18, 'MABA Stadium', 'Jalan Hang Jebat, City Centre, 50150 Kuala Lumpur', '3.143162,101.700406', 'venue_icon_5.svg', 'Venue'),
	(19, 'Stadium Titiwangsa', 'Jalan Tembeling, Titiwangsa, 53200 Kuala Lumpur', '3.175681,101.706555', 'venue_icon_16.svg', 'Venue'),
	(20, 'Stadium Bola Sepak Kuala Lumpur', 'Jalan Tenteram, Bandar Tun Razak, 56000 Kuala Lumpur', '3.100570,101.721603', 'venue_icon_9.svg', 'Venue'),
	(21, 'Arena Pentaque', 'Jalan 4/91, Taman Shamelin Perkasa, 56100 Kuala Lumpur', '3.176038,101.749110', 'venue_icon_14.svg', 'Venue'),
	(22, 'Kompleks Tenis', 'Jalan Duta, Bukit Tunku, 50480 Kuala Lumpur', '3.171976,101.674964', 'venue_icon_18.svg', 'Venue'),
	(23, 'Stadium MBPJ', 'Jalan Stadium 7/15, SS 7, 47301 Petaling Jaya, Selangor', '3.098893,101.593618', 'venue_icon_15.svg', 'Venue'),
	(24, 'National Shooting Range Subang', 'Jalan Lapangan Terbang Subang, U 3, 47200 Subang Airport, Selangor', '3.133166,101.566597', 'venue_icon_23.svg', 'Venue'),
	(25, 'Sunway Pyramid', 'Sunway Pyramid Shopping Mall, No.3, Jalan PJS 11/15, Bandar Sunway, 47500 Subang Jaya, Selangor', '3.072768,101.607096', 'venue_icon_19.svg', 'Venue'),
	(26, 'National Velodrome', 'Persiaran Perbandaran, 71800 Nilai, Negeri Sembilan', '2.842616,101.786530', 'venue_icon_24.svg', 'Venue'),
	(27, 'Acappella Suite Hotel', 'No. 8,, Persiaran Sukan, Seksyen 13, 40100 Shah Alam, Selangor', '3.089319, 101.547980', 'pinTypeHotel.svg', 'Hotel'),
	(28, 'The Regency Hotel', 'No 3 Jalan Raja Alang, Chow Kit, 50300 Kuala Lumpur, Federal Territory of Kuala Lumpur', '3.163629, 101.699061', 'pinTypeHotel.svg', 'Hotel');
/*!40000 ALTER TABLE `venue` ENABLE KEYS */;

/*!40101 SET SQL_MODE=IFNULL(@OLD_SQL_MODE, '') */;
/*!40014 SET FOREIGN_KEY_CHECKS=IF(@OLD_FOREIGN_KEY_CHECKS IS NULL, 1, @OLD_FOREIGN_KEY_CHECKS) */;
/*!40101 SET CHARACTER_SET_CLIENT=@OLD_CHARACTER_SET_CLIENT */;
